ULAND;UJAHR;UMONAT;USTUNDE;UWOCHENTAG;UKATEGORIE;UART;UTYP1;ULICHTVERH;IstRad;IstPKW;IstFuss;IstKrad;IstGkfz;IstSonstig;STRZUSTAND;XGCSWGS84;YGCSWGS84
2;2018;9;8;2;3;2;6;0;0;1;0;0;1;0;0;9.939760347;53.43121794
2;2018;5;17;1;3;4;6;0;1;0;0;0;0;0;0;10.025672836;53.553335514
2;2018;9;22;2;3;8;7;2;0;1;0;0;0;0;0;9.839602705;53.573437538
2;2018;11;12;6;2;6;4;0;0;1;1;0;0;0;1;9.840330153;53.472320799
2;2018;5;23;1;2;7;1;2;0;1;0;0;0;0;0;9.991980317;53.607525752
2;2018;12;15;2;3;5;3;0;1;1;0;0;0;0;1;9.997001877;53.54752974
2;2018;10;15;6;3;2;6;0;0;1;0;0;0;1;0;10.029517952;53.444924389
2;2018;7;12;1;3;2;6;0;0;1;0;0;0;0;0;10.009519647;53.516432902
2;2018;11;8;6;3;3;7;0;0;1;0;1;0;0;0;9.788341874;53.580590303
2;2018;8;11;2;3;6;3;0;1;0;1;0;0;0;0;10.002525909;53.592511543
2;2018;12;22;7;3;1;5;2;0;1;0;0;0;0;1;9.835602544;53.471883248
2;2018;10;17;3;3;2;6;2;0;1;0;0;0;0;0;9.899740911;53.563872277
2;2018;5;14;7;3;0;7;0;1;0;0;0;0;0;0;9.920704802;53.470589514
2;2018;10;14;3;3;2;6;0;0;1;0;0;1;0;1;10.045540586;53.552523935
2;2018;5;12;7;3;5;3;0;0;1;0;0;0;0;0;9.907519875;53.61783408
2;2018;7;13;6;3;5;3;0;0;1;0;0;1;0;0;9.954932886;53.561302758
2;2018;6;5;6;3;9;1;1;0;1;0;0;1;0;1;10.023012236;53.473537282
2;2018;11;5;3;3;1;6;2;0;1;0;0;0;0;0;10.031853557;53.543497701
2;2018;12;19;7;3;3;6;2;0;1;0;0;1;0;0;9.918653916;53.607337542
2;2018;7;12;2;3;2;6;0;0;1;0;0;0;0;0;9.898421522;53.56026328
2;2018;8;20;2;3;2;6;2;0;1;0;0;0;0;0;9.920591804;53.540076436
2;2018;9;18;1;3;2;6;0;0;1;0;1;0;0;1;9.983927513;53.595001546
2;2018;11;17;5;3;3;2;2;1;1;0;0;0;0;0;10.00569754;53.59176522
2;2018;5;18;6;3;1;6;0;0;1;0;0;0;0;0;9.932760022;53.470918814
2;2018;10;13;6;3;2;6;0;0;1;0;0;0;0;0;9.984060861;53.600745418
2;2018;5;15;6;3;2;6;0;0;1;0;0;1;0;0;9.994391855;53.454003455
2;2018;7;16;7;3;5;3;0;0;1;0;0;0;0;0;10.026093346;53.551888101
2;2018;11;10;5;3;3;6;0;0;0;0;1;0;1;1;9.963272525;53.600472723
2;2018;12;13;2;3;1;5;0;0;1;0;0;1;0;1;9.867418793;53.471618001
2;2018;7;22;2;3;4;2;2;0;1;0;0;0;0;0;10.233972163;53.488422407
2;2018;8;13;2;3;3;6;0;0;1;0;0;0;0;0;9.92032161;53.440724796
2;2018;9;20;2;3;3;6;2;0;1;0;0;1;0;1;9.927949197;53.592902937
2;2018;5;12;6;3;6;2;0;0;0;1;0;0;1;0;10.216012977;53.486120669
2;2018;9;11;1;3;2;6;0;0;1;0;0;0;0;0;10.016441393;53.588168925
2;2018;6;8;7;3;2;6;0;0;1;0;0;0;0;0;10.036042933;53.496273253
2;2018;11;19;3;3;2;6;2;0;1;0;0;0;0;0;10.251532094;53.472295637
2;2018;12;7;6;3;2;6;0;0;1;0;0;0;0;1;9.932916597;53.646479393
2;2018;10;18;6;2;2;6;1;0;1;0;0;0;0;0;9.943156095;53.6209499
2;2018;7;15;2;3;1;4;0;1;1;1;0;0;0;0;9.966952091;53.592557311
2;2018;8;16;3;3;0;6;0;0;0;0;0;0;1;0;9.932882438;53.585644043
2;2018;9;14;1;3;2;6;0;0;1;0;1;0;0;0;9.989079688;53.592933586
2;2018;5;19;6;3;5;3;0;0;1;0;0;0;0;0;10.026488545;53.551514136
2;2018;8;16;6;3;2;6;0;0;1;0;0;0;0;0;10.138694576;53.532827798
2;2018;11;18;6;3;5;2;2;1;1;0;0;0;0;0;9.926488008;53.563654717
2;2018;5;16;6;3;6;7;0;1;0;1;0;0;0;0;10.025564611;53.553043624
2;2018;12;4;7;3;2;6;2;0;1;0;0;0;0;0;9.996376981;53.547489444
2;2018;10;16;6;3;4;2;0;1;1;0;0;0;0;0;9.948402193;53.562370696
2;2018;7;3;1;3;5;3;2;1;1;0;0;0;0;0;9.987451006;53.603225181
2;2018;11;19;5;3;5;2;2;1;1;0;0;0;0;1;10.031935788;53.566308564
2;2018;8;7;6;3;5;3;0;0;1;0;0;0;0;1;9.909896981;53.627866365
2;2018;12;17;5;3;5;3;2;1;1;0;0;0;0;1;9.895444861;53.565855845
2;2018;10;20;1;3;6;2;2;0;1;1;0;0;0;0;10.026101805;53.558937628
2;2018;5;15;6;3;2;6;0;0;1;0;0;0;0;0;10.017398905;53.586776024
2;2018;9;20;1;3;1;6;2;0;1;0;0;0;0;0;10.025275274;53.542742194
2;2018;5;14;6;3;0;6;0;0;0;0;1;0;0;0;9.916190957;53.612022313
2;2018;7;7;5;3;5;3;0;1;1;0;0;0;0;0;9.911337957;53.636367759
2;2018;11;5;2;3;1;6;2;0;1;0;0;0;0;1;10.007114845;53.617844722
2;2018;12;9;6;3;4;2;0;0;1;0;1;0;0;0;10.019215779;53.583230295
2;2018;7;10;6;3;2;6;0;0;1;0;0;0;0;0;10.066984755;53.509169821
2;2018;8;13;7;3;8;1;0;0;1;0;0;0;0;0;9.914449748;53.512541915
2;2018;9;11;6;3;2;6;0;0;1;0;0;0;0;0;10.009566622;53.619623851
2;2018;5;12;6;3;3;6;0;0;1;0;0;1;0;0;9.922713942;53.595056628
2;2018;9;10;5;3;5;3;0;0;1;0;0;0;0;0;10.037998995;53.560461416
2;2018;6;23;6;3;2;6;2;0;1;0;0;0;0;0;10.025144845;53.542595902
2;2018;6;7;4;3;5;3;0;1;1;0;0;0;0;0;9.866940227;53.571479063
2;2018;11;18;2;3;2;6;2;0;1;0;0;0;0;1;10.147467852;53.564197858
2;2018;12;17;4;2;2;6;2;0;1;0;0;0;0;0;9.916793834;53.610592738
2;2018;10;16;4;3;2;6;0;0;1;0;0;0;1;0;9.850843944;53.572494833
2;2018;7;13;6;3;4;2;0;0;1;0;0;0;0;0;9.983927753;53.595755237
2;2018;8;8;7;3;6;7;0;0;1;1;0;0;0;0;9.962949007;53.42395359
2;2018;9;14;3;3;0;6;0;0;1;0;0;0;1;0;9.884200316;53.47211167
2;2018;8;17;5;3;3;2;0;1;1;0;0;0;0;0;9.974063176;53.586385649
2;2018;11;18;4;3;2;6;2;0;1;0;0;0;0;0;9.968854924;53.450578834
2;2018;1;0;2;3;3;7;2;0;1;0;0;0;0;1;9.997402143;53.55685323
2;2018;1;8;3;3;4;2;0;0;1;0;0;0;0;1;10.04025193;53.567009086
2;2018;1;8;2;3;5;3;0;0;1;0;0;0;0;0;10.070381866;53.573038245
2;2018;1;19;3;3;5;7;2;1;1;0;0;0;0;0;9.983393779;53.586517167
2;2018;1;1;2;2;9;1;2;0;1;0;0;0;0;1;9.977664124;53.577343866
2;2018;1;4;2;3;6;2;2;0;1;1;0;0;0;1;10.08968136;53.553951743
2;2018;1;7;3;3;2;6;0;0;1;0;0;0;1;1;10.031624081;53.596034858
2;2018;1;7;3;3;6;4;2;1;0;1;0;0;0;1;9.844357029;53.550487923
2;2018;1;1;2;2;6;4;2;0;1;1;0;0;0;1;9.836314904;53.554791376
2;2018;1;21;2;3;4;2;2;0;1;0;1;0;0;0;9.9600935;53.456770422
2;2018;1;17;5;2;6;4;2;0;1;1;0;0;0;1;10.046611761;53.562653171
2;2018;1;16;3;3;6;7;0;0;1;1;0;0;0;0;10.043644602;53.556693491
2;2018;1;13;5;3;5;3;0;1;1;0;0;0;0;0;10.1298795;53.59979802
2;2018;1;20;1;3;5;3;2;0;1;0;0;0;0;1;9.992091403;53.587749692
2;2018;1;22;5;3;6;2;2;0;1;1;0;0;0;0;10.128172066;53.600946288
2;2018;1;7;5;3;5;2;2;1;1;0;0;0;0;1;10.04143906;53.647638098
2;2018;1;15;1;2;0;1;0;0;0;0;1;0;0;0;9.875835048;53.473795534
2;2018;1;16;5;3;6;2;2;0;0;1;0;0;1;1;10.070149809;53.571943552
2;2018;1;14;5;3;6;3;0;1;0;1;0;0;0;0;10.087799914;53.607885812
2;2018;1;14;3;3;5;3;0;1;1;0;0;0;0;0;9.812190459;53.563235922
2;2018;1;11;5;3;5;2;0;0;1;0;0;0;0;0;10.059001442;53.594811476
2;2018;1;4;7;2;6;4;2;0;1;1;0;0;0;1;10.027479767;53.570108574
2;2018;1;13;5;3;0;7;0;1;0;0;0;0;0;0;10.076041493;53.662860289
2;2018;1;16;4;3;0;7;1;1;0;0;0;0;1;1;10.130281738;53.694637489
2;2018;1;21;7;3;1;5;2;0;1;0;0;0;1;0;10.021460194;53.580012841
2;2018;1;20;7;3;2;6;2;0;1;0;0;0;0;0;10.111581305;53.58236502
2;2018;1;15;5;3;6;3;0;0;1;1;0;0;0;0;10.16760042;53.648810774
2;2018;1;13;4;3;0;7;0;0;1;0;0;1;0;0;10.032076404;53.548771104
2;2018;1;7;3;3;2;6;1;0;1;0;0;0;0;1;9.95318926;53.546468543
2;2018;1;14;1;3;5;3;0;0;1;0;0;0;0;0;9.954874929;53.548611822
2;2018;1;8;3;3;0;7;1;1;0;0;0;0;0;0;10.150832305;53.608549468
2;2018;1;17;5;3;6;7;1;0;1;1;0;0;0;1;10.060964454;53.654921847
2;2018;1;18;5;3;6;2;2;0;1;1;0;0;0;1;9.997215256;53.620490859
2;2018;1;14;2;3;2;2;0;0;1;0;0;0;0;1;10.103618911;53.575182441
2;2018;1;9;5;3;1;6;0;0;1;0;0;0;0;0;10.007376822;53.616329108
2;2018;1;17;6;2;4;2;2;0;1;0;0;0;0;1;10.075256311;53.557770159
2;2018;1;16;5;3;2;6;2;0;1;0;0;0;0;1;10.01890412;53.63313567
2;2018;1;15;4;3;5;6;0;1;1;0;0;0;0;1;9.874481535;53.568147843
2;2018;1;0;6;3;2;1;2;0;1;0;0;0;0;0;10.029206284;53.552150348
2;2018;1;7;5;3;1;5;1;1;1;0;0;0;0;0;10.007216044;53.6225963
2;2018;1;12;5;3;4;2;0;0;1;0;0;0;0;0;9.997190677;53.602017407
2;2018;1;17;2;3;2;6;1;0;1;0;0;0;1;1;9.918072632;53.579936727
2;2018;1;18;5;3;2;6;2;0;1;0;0;0;0;1;10.010342346;53.582877858
2;2018;1;19;5;3;2;6;2;0;1;0;0;0;0;1;10.026526381;53.606956776
2;2018;1;23;2;3;1;7;2;0;1;0;0;0;1;1;10.034857668;53.560968853
2;2018;1;15;5;3;6;2;0;0;1;1;0;0;0;1;10.045476337;53.589116901
2;2018;1;16;6;3;5;3;2;0;1;0;0;0;0;1;10.032350364;53.635427616
2;2018;1;22;5;3;1;5;2;0;1;0;0;0;0;1;10.053560762;53.573961135
2;2018;1;14;3;3;2;7;0;0;1;0;0;1;0;1;9.993347801;53.454435229
2;2018;1;17;6;3;6;7;2;0;1;1;0;0;0;1;9.940849511;53.578500479
2;2018;1;17;5;3;5;3;2;0;1;0;0;0;1;1;9.846976302;53.576132395
2;2018;1;8;5;3;3;7;0;0;1;0;0;0;0;0;9.868414637;53.585841518
2;2018;1;0;1;3;8;1;2;0;1;0;0;0;0;1;10.135356598;53.52754785
2;2018;1;17;5;3;2;6;2;0;1;0;0;0;1;1;9.980078164;53.597016243
2;2018;1;15;5;3;4;6;0;0;1;0;0;0;0;2;10.137634282;53.628938617
2;2018;1;15;2;3;6;3;0;1;0;1;0;0;0;0;9.950477825;53.564780923
2;2018;1;9;5;3;5;2;0;0;1;0;0;0;0;0;9.97929528;53.581352563
2;2018;1;8;5;3;0;6;1;1;0;0;0;0;1;0;9.933366192;53.557035967
2;2018;1;17;6;3;5;2;2;0;1;0;0;0;0;1;9.948698412;53.562352257
2;2018;1;9;5;3;3;7;0;0;1;0;0;0;0;0;9.953438181;53.549664561
2;2018;1;14;3;3;2;6;0;0;1;0;0;0;0;1;10.140695121;53.623339677
2;2018;1;17;5;1;6;4;2;0;1;1;0;0;0;1;9.917753904;53.552331808
2;2018;1;15;3;3;8;1;1;0;0;0;1;0;0;0;10.074844809;53.57941772
2;2018;1;19;3;3;6;2;2;0;1;1;0;0;0;1;10.078609308;53.584703492
2;2018;1;19;5;3;3;2;2;1;1;0;0;0;0;1;9.969580532;53.549845529
2;2018;1;20;7;3;5;7;2;0;1;0;0;0;1;0;10.105501316;53.542737292
2;2018;1;6;4;3;5;2;2;1;1;0;0;0;0;0;10.084723743;53.550627582
2;2018;1;19;5;3;3;7;2;0;1;0;0;0;0;1;9.975486151;53.598111399
2;2018;1;7;2;3;5;3;1;1;1;0;0;0;0;0;9.857828867;53.535092187
2;2018;1;10;1;3;5;3;0;0;1;0;0;0;0;0;10.124661131;53.586050915
2;2018;1;16;3;3;1;5;0;0;1;0;0;0;0;0;10.064093151;53.571234277
2;2018;1;19;4;3;1;5;2;0;1;0;0;1;0;0;10.114473848;53.533880291
2;2018;1;9;4;3;5;3;0;1;1;0;0;0;0;0;10.068774078;53.559543898
2;2018;1;12;3;3;2;2;0;0;1;0;0;0;0;0;10.006624236;53.549977947
2;2018;1;17;3;3;4;2;2;1;1;0;0;0;0;1;10.045451308;53.569522173
2;2018;1;9;4;3;2;6;0;0;1;0;0;0;0;1;10.088081263;53.568842042
2;2018;1;20;3;3;4;2;2;1;1;0;0;0;0;1;10.043682822;53.595559252
2;2018;1;10;4;3;5;3;0;0;1;0;0;0;0;0;10.086120349;53.571627154
2;2018;1;19;7;3;1;7;2;0;1;0;0;0;0;0;10.090153232;53.618060621
2;2018;1;6;4;3;5;3;2;0;1;0;0;0;0;0;10.012782921;53.604893517
2;2018;1;9;4;3;5;7;0;0;1;0;0;0;0;1;10.119825853;53.60641543
2;2018;1;7;2;3;3;6;1;1;1;0;0;0;0;0;9.968347783;53.462141057
2;2018;1;7;7;2;5;3;2;1;1;0;0;0;0;1;10.040111407;53.556009823
2;2018;1;18;4;3;5;3;2;0;1;0;1;0;0;0;10.051236917;53.58663809
2;2018;1;14;4;3;5;3;0;0;1;0;0;0;0;0;9.923944621;53.592083936
2;2018;1;20;2;3;5;2;2;0;1;0;0;0;0;1;10.155984565;53.614446864
2;2018;1;19;4;3;0;7;2;0;0;0;1;0;0;0;9.921882285;53.554163109
2;2018;1;12;6;2;0;7;0;0;1;0;0;0;0;1;10.10114954;53.597325749
2;2018;1;11;3;3;0;6;0;0;1;0;0;0;1;0;9.992979997;53.500311157
2;2018;1;17;3;3;5;3;0;1;1;0;0;0;0;0;10.192354059;53.489305788
2;2018;1;22;7;3;0;1;2;0;0;0;1;0;0;1;9.980821054;53.556319466
2;2018;1;20;3;2;6;3;2;0;1;1;0;0;0;0;10.201837653;53.488864237
2;2018;1;10;4;3;2;2;0;0;1;0;0;1;0;1;10.048754965;53.582519803
2;2018;1;12;7;3;5;3;0;0;1;0;0;0;0;1;9.793442224;53.568027277
2;2018;1;14;3;3;5;3;0;0;1;0;0;0;0;0;10.206524736;53.477788853
2;2018;1;15;3;3;3;6;0;0;1;0;0;0;0;0;10.097059972;53.542013382
2;2018;1;22;2;3;5;3;2;0;1;0;0;0;0;0;10.041160261;53.593155142
2;2018;1;15;3;3;2;6;0;0;1;0;0;0;0;0;10.084515426;53.554757555
2;2018;1;12;6;3;2;6;0;0;1;0;0;0;0;1;9.903379061;53.608599438
2;2018;1;11;2;3;3;2;0;0;1;0;0;0;0;0;9.95301672;53.463384566
2;2018;1;10;3;3;5;3;0;1;0;0;0;0;1;1;10.10372212;53.702300629
2;2018;1;18;3;3;5;7;2;0;1;0;0;0;0;0;10.08165855;53.642072315
2;2018;1;8;3;3;3;2;0;0;1;0;0;1;0;1;10.032238824;53.539074023
2;2018;1;15;5;3;5;3;0;1;1;0;0;0;0;1;10.116437642;53.564832518
2;2018;1;17;3;2;6;3;2;0;1;1;0;0;0;0;10.167359557;53.650256206
2;2018;1;14;3;3;2;6;0;0;1;0;0;0;0;0;10.075070069;53.652633013
2;2018;1;5;4;3;1;1;2;1;0;0;1;0;0;1;9.93178491;53.55418898
2;2018;1;7;6;3;0;3;1;0;1;0;1;0;0;1;10.067764131;53.570361166
2;2018;1;8;3;3;2;6;0;0;1;0;0;0;1;0;9.996243587;53.583967097
2;2018;1;17;3;3;2;6;1;0;1;0;0;0;0;0;10.043094752;53.59687879
2;2018;1;10;2;3;1;5;0;1;1;0;0;0;0;1;9.947199965;53.551645983
2;2018;1;18;3;3;6;4;2;1;0;1;0;0;0;0;9.988135329;53.57764965
2;2018;1;8;5;2;4;2;1;0;1;0;1;0;0;1;9.857793202;53.535042868
2;2018;1;13;2;3;8;7;0;0;1;0;0;0;0;0;9.985105854;53.510555976
2;2018;1;17;2;3;1;6;2;0;1;0;0;0;1;0;9.982026599;53.427919098
2;2018;1;9;2;3;5;3;0;1;0;0;0;0;1;0;10.209058969;53.483241383
2;2018;1;13;3;3;5;3;0;1;0;0;0;0;0;0;10.077882787;53.57941258
2;2018;1;7;3;3;3;2;1;1;1;0;0;0;0;1;10.077335908;53.6530173
2;2018;1;11;2;3;5;3;0;0;1;0;0;1;0;0;10.089562322;53.511275902
2;2018;1;21;7;2;6;4;2;0;1;1;0;0;0;1;10.021398923;53.550071104
2;2018;1;12;2;3;1;6;0;0;1;0;0;0;0;0;10.085488912;53.549704178
2;2018;1;15;2;3;2;6;0;0;1;0;0;0;0;0;10.047187485;53.55534603
2;2018;1;19;1;3;2;6;2;0;1;0;0;0;0;1;9.878950447;53.585811485
2;2018;1;14;2;3;5;3;0;0;1;0;0;0;0;0;10.144486236;53.579481695
2;2018;1;11;5;3;3;6;0;0;1;0;0;0;0;2;10.088229808;53.651105433
2;2018;1;18;2;3;2;6;2;0;1;0;0;0;0;1;9.997459248;53.556836849
2;2018;1;7;2;3;2;6;2;0;1;0;0;0;0;0;10.028837395;53.544852413
2;2018;1;7;2;3;3;2;2;1;1;0;0;0;0;0;10.065119219;53.569759128
2;2018;1;7;2;3;4;6;2;0;1;0;0;0;0;0;10.05703307;53.575819649
2;2018;1;18;3;3;2;7;2;0;1;0;0;0;0;1;9.858291045;53.582417514
2;2018;1;7;2;3;2;6;1;0;1;0;0;0;0;0;9.856744185;53.54852454
2;2018;1;19;7;3;5;3;2;1;1;0;0;0;0;0;10.042669776;53.598351363
2;2018;1;9;2;3;2;6;0;0;1;0;0;0;0;0;10.141214272;53.629044048
2;2018;1;12;2;3;5;2;0;1;1;0;0;0;0;0;9.887119396;53.598843374
2;2018;1;8;4;3;2;6;2;0;1;0;0;0;0;1;10.161899673;53.650226801
2;2018;1;15;7;3;2;6;0;0;1;0;0;0;0;0;10.109000604;53.592808177
2;2018;1;15;2;2;0;7;0;0;0;0;0;0;1;0;10.137434979;53.592761853
2;2018;1;13;2;3;0;7;0;0;0;0;0;0;1;1;9.957848293;53.589163919
2;2018;1;16;2;3;4;2;2;0;1;0;0;0;0;0;10.006124568;53.550237416
2;2018;1;16;4;3;5;3;1;1;1;0;0;0;0;0;10.000518383;53.51505533
2;2018;1;14;1;3;0;7;0;1;0;0;0;0;0;0;9.966105418;53.557226407
2;2018;1;3;1;3;8;1;2;0;1;0;0;0;0;1;10.211351815;53.500753329
2;2018;1;13;1;3;5;7;0;0;1;0;0;0;0;0;9.998492748;53.648304327
2;2018;1;19;2;3;2;7;2;0;1;0;0;0;0;1;10.1483428;53.52215683
2;2018;1;14;1;3;5;3;0;0;1;0;0;0;0;0;10.023302215;53.558275534
2;2018;1;15;6;3;2;6;1;0;1;0;0;0;0;1;10.10622605;53.54651657
2;2018;1;19;2;3;2;6;2;0;1;0;0;0;0;0;10.117831618;53.606980038
2;2018;1;15;1;3;1;2;0;0;1;0;0;0;0;0;10.005745345;53.551961904
2;2018;1;18;4;3;6;4;2;0;1;1;0;0;0;1;9.908889383;53.559514928
2;2018;1;3;7;3;5;3;2;0;1;0;0;0;0;1;9.936318686;53.550316223
2;2018;1;22;7;3;4;2;2;0;1;0;0;0;0;0;10.069792357;53.579493954
2;2018;1;15;7;3;3;6;0;0;1;0;0;0;0;0;10.069903194;53.603317355
2;2018;1;17;2;3;2;6;2;0;1;0;0;0;0;1;9.919201015;53.564284595
2;2018;1;17;7;3;6;2;2;0;1;1;0;0;0;0;10.053268907;53.58478365
2;2018;1;14;6;3;5;2;0;0;1;0;0;0;1;1;9.852194699;53.579257895
2;2018;1;19;2;3;3;2;2;1;1;0;0;0;0;1;10.025670743;53.649969996
2;2018;1;10;7;3;5;3;0;1;1;0;0;0;0;1;9.981304003;53.591262522
2;2018;1;21;6;3;4;2;2;1;1;0;0;0;0;0;10.083764741;53.574439651
2;2018;1;7;2;3;5;3;2;0;1;0;0;0;1;0;10.148739951;53.58592086
2;2018;1;2;7;3;5;3;2;0;1;0;0;0;0;1;9.989341793;53.558296561
2;2018;1;19;4;3;6;2;2;0;1;1;0;0;0;1;9.969802677;53.550074733
2;2018;1;17;6;3;5;3;2;1;1;0;0;0;0;1;9.860962525;53.597826938
2;2018;1;16;6;2;6;4;0;0;1;1;0;0;0;1;9.87888271;53.529624247
2;2018;1;6;6;1;6;2;2;0;0;1;0;0;1;1;10.201801972;53.485733794
2;2018;1;9;1;3;5;3;0;0;1;0;0;0;0;1;10.210677328;53.509006774
2;2018;1;15;6;3;5;2;0;1;1;0;0;0;0;0;10.149386928;53.527415816
2;2018;1;14;5;3;5;3;0;0;1;0;0;1;0;1;10.028242892;53.526558201
2;2018;1;5;2;3;4;2;2;1;0;0;0;0;0;0;9.980661525;53.59681067
2;2018;1;16;2;3;2;6;1;0;1;0;0;0;0;1;10.06758465;53.582636474
2;2018;1;19;6;3;4;7;2;0;1;0;0;0;1;1;10.097868598;53.541661288
2;2018;1;0;6;3;5;3;2;0;1;0;0;0;0;1;10.041829642;53.550947843
2;2018;1;18;2;3;2;6;2;0;1;0;0;0;0;1;10.100102799;53.586074844
2;2018;1;12;6;3;5;3;0;0;1;0;0;0;0;1;10.05814919;53.578451208
2;2018;1;20;3;3;3;6;2;0;1;0;0;0;0;1;10.015373985;53.548411574
2;2018;1;13;6;3;5;3;0;0;1;0;0;0;0;1;10.076685175;53.660738335
2;2018;1;14;6;3;4;2;0;0;1;0;0;0;0;1;10.102044385;53.647296928
2;2018;1;19;3;3;6;2;2;0;1;1;0;0;0;1;10.151540117;53.609362067
2;2018;1;12;6;3;0;6;0;0;1;0;0;0;0;1;10.029702072;53.630822964
2;2018;1;9;7;3;5;3;0;0;1;0;0;0;0;1;10.105060226;53.456939954
2;2018;1;9;2;2;5;3;0;1;1;0;0;0;0;0;10.100088057;53.586414584
2;2018;1;13;6;3;5;3;0;1;1;0;0;0;0;1;10.005168009;53.607258193
2;2018;1;13;5;3;2;2;0;0;1;0;0;0;0;0;9.888459766;53.601027351
2;2018;1;14;1;3;5;3;0;0;1;0;0;0;0;0;9.960787032;53.462660234
2;2018;1;14;2;3;6;4;0;0;1;1;0;0;0;0;10.035516871;53.638127263
2;2018;1;10;6;3;5;3;0;1;1;0;0;0;0;1;10.01890173;53.580449763
2;2018;1;8;3;3;5;3;0;1;1;0;0;0;0;0;9.959034825;53.62691469
2;2018;1;9;6;3;5;3;0;0;1;0;0;0;0;1;9.928260179;53.579369256
2;2018;1;22;3;3;6;2;2;0;1;1;0;0;0;0;9.962944202;53.581118031
2;2018;1;16;6;3;7;7;0;1;0;0;0;0;0;1;9.89314129;53.610022343
2;2018;1;11;7;3;2;6;0;0;1;0;0;0;1;1;9.918366715;53.578582065
2;2018;1;8;2;3;4;2;1;0;1;0;0;0;0;0;10.03386;53.633229066
2;2018;1;9;3;3;4;2;0;0;1;0;0;0;1;1;10.016627205;53.56208758
2;2018;1;16;6;3;2;2;1;0;1;0;0;0;0;1;9.881071804;53.583629724
2;2018;1;14;7;3;5;7;0;0;1;0;0;0;0;0;10.082394672;53.6211284
2;2018;1;8;2;3;4;2;0;1;1;0;0;0;0;0;10.00196581;53.59189887
2;2018;1;0;6;2;0;7;2;1;0;0;0;0;0;1;9.916340216;53.553859372
2;2018;1;18;4;3;3;6;2;0;1;0;0;0;0;1;10.106307473;53.568516139
2;2018;1;18;7;2;4;2;2;0;1;0;0;0;0;0;10.144686667;53.54518058
2;2018;1;20;2;3;2;6;2;0;1;0;0;0;0;1;10.020277751;53.613773772
2;2018;1;15;6;3;5;3;0;0;1;0;0;0;0;1;9.959504797;53.612330342
2;2018;1;12;6;3;5;2;0;1;1;0;0;0;0;1;9.964985048;53.578965251
2;2018;1;12;3;3;6;3;0;1;0;1;0;0;0;0;10.092573556;53.651931433
2;2018;1;17;2;3;2;6;2;0;1;0;0;0;1;1;10.136932228;53.592519756
2;2018;1;17;6;3;1;7;2;1;1;0;0;0;0;0;9.951733023;53.577439899
2;2018;1;19;6;3;3;7;2;0;1;0;0;0;0;1;10.117446432;53.53249517
2;2018;1;8;2;3;2;6;0;0;1;0;0;0;0;0;10.012536923;53.606385824
2;2018;1;7;6;3;5;3;2;0;1;0;0;0;0;1;9.990869468;53.560627503
2;2018;1;20;4;3;4;1;2;0;1;0;0;0;0;1;9.965471113;53.603556837
2;2018;1;13;6;3;2;2;0;0;1;0;0;0;0;1;10.146945103;53.629890263
2;2018;1;19;2;3;2;6;2;0;1;0;0;0;0;1;10.025887305;53.55893905
2;2018;1;19;6;3;0;7;2;1;0;0;0;0;1;1;9.967064024;53.558669817
2;2018;1;16;6;3;3;7;2;0;1;0;0;0;0;0;9.96491553;53.56509523
2;2018;1;18;4;3;2;6;2;0;1;0;0;0;0;1;10.027066841;53.631212206
2;2018;1;22;7;3;1;5;2;0;1;0;0;0;0;0;10.056789885;53.568360307
2;2018;1;15;2;3;5;3;0;0;1;0;0;0;0;0;10.049539327;53.580659508
2;2018;1;15;6;3;3;7;0;0;1;0;0;0;1;1;9.99667049;53.548934396
2;2018;1;20;5;3;6;4;2;0;1;1;0;0;0;1;10.107346452;53.541928409
2;2018;1;7;2;3;3;2;2;1;1;0;0;0;0;1;10.042359314;53.588923433
2;2018;1;8;5;2;5;3;1;1;1;0;0;0;0;1;10.156231119;53.600139993
2;2018;1;20;6;3;0;7;2;0;1;0;0;0;1;1;10.042530491;53.59768463
2;2018;1;15;2;3;6;6;0;1;0;1;0;0;0;0;9.820217686;53.561751673
2;2018;1;17;5;3;4;7;2;0;1;0;0;0;0;1;10.126996092;53.586921348
2;2018;1;20;3;3;6;4;2;0;1;1;0;0;0;1;10.149513478;53.529730222
2;2018;1;18;6;2;5;3;2;1;0;0;0;0;0;1;9.974181;53.555505783
2;2018;1;14;5;3;2;6;0;0;1;0;0;0;0;1;10.071126538;53.608664606
2;2018;1;17;5;3;3;6;2;0;1;0;0;0;0;1;10.042590308;53.579163822
2;2018;1;19;1;3;5;2;2;1;1;0;0;0;0;1;10.057823406;53.554884237
2;2018;1;18;5;3;5;3;2;0;1;0;0;0;0;1;9.878640756;53.618733384
2;2018;1;9;5;3;5;3;0;1;1;0;0;0;0;1;9.980541595;53.588693445
2;2018;1;13;2;3;1;6;0;0;1;0;0;0;1;1;9.948087009;53.548916214