ULAND;UJAHR;UMONAT;USTUNDE;UWOCHENTAG;UKATEGORIE;UART;UTYP1;ULICHTVERH;IstRad;IstPKW;IstFuss;IstKrad;IstGkfz;IstSonstig;STRZUSTAND;XGCSWGS84;YGCSWGS84
2;2018;1;18;5;3;5;2;2;1;1;1;0;0;0;0;9.935941122;53.550279553
2;2018;1;11;6;3;2;6;0;0;1;0;0;0;0;1;9.96584553;53.546371815
2;2018;1;16;2;3;4;2;1;1;1;0;0;0;0;1;9.862029532;53.577775727
2;2018;1;5;5;3;5;2;2;1;1;0;0;0;0;1;10.006061079;53.550128013
2;2018;1;14;3;3;5;3;0;1;1;0;0;0;0;1;10.067640981;53.582534383
2;2018;1;8;4;3;2;6;1;0;1;0;0;0;0;1;9.916555408;53.481416063
2;2018;1;11;3;2;9;1;0;0;1;0;0;0;0;0;10.058467916;53.577175065
2;2018;1;20;3;3;4;2;2;0;1;0;0;0;0;1;10.095411367;53.588218828
2;2018;1;18;4;2;6;2;2;0;1;1;0;0;0;1;9.962973838;53.465368088
2;2018;1;9;7;2;6;7;0;0;1;1;0;0;1;0;10.089835246;53.513363532
2;2018;1;13;2;3;5;3;0;1;1;0;0;0;0;0;9.875053179;53.595001319
2;2018;1;17;4;3;4;2;2;0;1;0;0;0;0;1;9.99583364;53.499548466
2;2018;1;16;5;3;6;4;2;0;0;1;0;0;1;2;9.975434385;53.561051996
2;2018;1;13;1;3;5;3;0;0;1;0;0;0;0;0;9.980849161;53.567065033
2;2018;1;15;2;3;5;3;0;1;1;0;0;0;0;0;9.90085549;53.627824277
2;2018;1;20;4;3;0;1;2;0;0;0;1;0;0;1;10.188734385;53.50236804
2;2018;1;12;5;3;5;3;0;0;1;0;0;0;1;1;10.115808859;53.60288713
2;2018;1;14;2;2;0;7;0;1;0;0;0;0;0;1;9.958004877;53.56278505
2;2018;1;18;4;2;6;4;2;0;1;1;0;0;0;1;10.102869361;53.552274867
2;2018;1;16;4;3;6;7;2;0;1;1;0;0;0;1;10.151214379;53.529777808
2;2018;1;5;3;3;6;2;2;0;1;1;0;0;0;1;10.02443803;53.56536228
2;2018;1;6;4;3;0;7;2;0;1;0;0;0;0;1;10.168698918;53.624690927
2;2018;1;19;7;3;6;4;2;0;1;1;0;0;0;1;10.047083456;53.602731273
2;2018;1;18;4;3;2;2;2;0;1;0;0;0;0;1;10.104568919;53.587091606
2;2018;1;18;4;3;3;2;2;1;0;0;0;0;1;0;10.059759645;53.594122378
2;2018;1;22;7;3;5;2;2;0;1;0;0;0;0;0;10.140887056;53.629279667
2;2018;1;14;4;3;5;3;0;0;1;0;0;0;0;1;10.098440717;53.590422345
2;2018;1;17;4;3;0;1;2;0;0;0;1;0;0;1;10.036134771;53.64005213
2;2018;1;7;2;3;4;2;1;1;1;0;0;0;0;1;10.113011636;53.616268894
2;2018;1;9;4;3;5;3;0;1;1;0;0;0;0;1;10.101396699;53.654490063
2;2018;1;10;4;3;6;4;0;0;1;1;0;0;0;1;10.163030413;53.649529781
2;2018;1;9;3;3;2;6;0;0;1;0;0;0;0;1;10.020442644;53.531012241
2;2018;1;8;4;3;6;2;0;0;1;1;0;0;0;0;10.013122923;53.627319238
2;2018;1;6;6;3;6;2;2;0;1;1;0;0;0;2;9.992414045;53.441942916
2;2018;1;19;4;3;2;6;2;0;1;0;0;0;0;1;10.006528496;53.599446405
2;2018;1;14;4;3;5;3;0;0;1;0;0;0;1;0;9.918281789;53.578973287
2;2018;1;11;7;3;0;4;0;0;0;0;1;0;1;0;9.987703507;53.59102413
2;2018;1;18;4;3;1;7;2;1;1;0;0;0;0;1;9.995789676;53.603282375
2;2018;1;15;4;3;1;7;0;1;1;0;0;0;0;1;9.769497175;53.582623113
2;2018;1;21;2;3;0;1;2;0;1;0;0;0;0;1;9.863372139;53.547526083
2;2018;1;17;4;3;2;6;2;0;1;0;0;0;0;1;9.88967143;53.601466757
2;2018;1;7;6;3;6;4;2;0;0;1;0;0;1;2;9.761984703;53.580391254
2;2018;1;14;3;3;0;7;0;0;0;0;1;0;0;1;10.009740474;53.589426703
2;2018;1;17;4;3;1;6;2;0;1;0;0;0;0;1;9.907919486;53.591631304
2;2018;1;15;3;3;5;3;0;0;1;0;0;0;0;1;10.045860879;53.548280906
2;2018;1;7;5;3;2;6;2;0;1;0;0;0;0;0;10.058228495;53.554851751
2;2018;1;20;6;3;5;3;2;0;1;0;0;0;0;1;10.156225172;53.614406692
2;2018;1;14;4;2;5;2;0;1;1;0;0;0;0;1;9.981803196;53.601335716
2;2018;1;17;4;3;0;6;2;0;1;0;0;0;1;1;9.991855223;53.553707063
2;2018;1;16;6;3;4;2;0;0;1;0;1;0;0;1;10.077384012;53.616907103
2;2018;1;9;4;3;2;6;0;0;1;0;0;0;0;1;9.980686325;53.564183174
2;2018;1;17;3;3;6;2;2;0;1;1;0;0;0;0;10.131192029;53.53559721
2;2018;1;15;1;3;9;6;0;0;1;0;0;0;0;1;10.023318646;53.529022854
2;2018;1;16;3;3;3;6;2;0;1;0;0;0;0;0;10.037826642;53.555171854
2;2018;1;11;5;3;2;6;0;0;1;0;0;0;0;1;9.975246762;53.462130209
2;2018;1;21;3;2;5;3;2;0;1;0;0;0;0;0;10.052680722;53.550067456
2;2018;1;16;3;3;5;7;1;1;1;0;0;0;0;0;10.055102974;53.547336274
2;2018;1;14;3;3;5;3;0;0;1;0;0;0;0;1;10.077363359;53.653172209
2;2018;1;19;3;3;5;3;2;0;1;0;0;0;1;1;10.052751;53.572237961
2;2018;2;15;5;3;2;6;0;0;1;0;0;0;0;0;10.076286246;53.579398339
2;2018;1;18;4;3;5;7;2;0;1;0;0;0;0;1;10.006390357;53.554705712
2;2018;2;16;3;3;1;3;0;0;1;0;0;0;0;0;10.105985408;53.52758866
2;2018;1;14;4;3;3;7;0;0;1;0;0;0;1;1;10.008878985;53.552150192
2;2018;2;9;6;3;5;3;0;0;0;0;0;1;1;1;10.102723725;53.498012376
2;2018;1;14;3;3;0;4;0;0;0;1;0;0;1;0;9.983805965;53.459908162
2;2018;2;18;6;3;6;2;2;0;1;1;0;0;0;0;9.955489965;53.445455302
2;2018;1;8;4;3;6;2;0;0;1;1;0;0;0;0;9.987497356;53.45043955
2;2018;2;8;5;3;2;6;0;0;1;0;0;0;0;0;9.998494039;53.557570504
2;2018;1;12;3;3;5;3;0;1;1;0;0;0;0;0;10.116578644;53.650364287
2;2018;2;14;3;3;0;5;0;1;1;0;0;0;0;0;10.065836826;53.639548849
2;2018;1;19;3;3;2;6;2;0;1;0;0;0;0;0;10.014604771;53.631159955
2;2018;2;19;2;3;5;3;2;1;1;0;0;0;0;1;9.846806975;53.57351599
2;2018;2;16;6;3;5;2;1;1;1;0;0;0;0;0;10.026814589;53.570151761
2;2018;1;14;3;3;0;4;0;0;0;1;0;0;1;0;9.780060814;53.575028814
2;2018;2;15;3;3;0;4;0;0;0;1;0;0;1;0;10.13306151;53.584485237
2;2018;1;17;3;2;4;1;2;0;1;0;0;0;0;0;9.86485528;53.558525571
2;2018;2;15;2;2;2;6;0;0;1;0;0;0;0;1;10.091203437;53.634561514
2;2018;2;13;6;3;3;7;0;0;1;0;0;0;0;1;10.075084574;53.588552169
2;2018;1;8;3;3;5;3;0;0;1;0;0;0;0;0;9.904137814;53.634086109
2;2018;2;14;1;3;4;2;0;0;1;0;0;0;0;1;10.077221288;53.653201993
2;2018;1;10;4;3;6;2;0;0;1;1;0;0;0;0;9.937906722;53.550194132
2;2018;2;12;6;2;6;4;0;0;0;1;0;1;0;0;10.031884311;53.552252135
2;2018;1;17;4;3;1;6;2;0;1;0;0;0;0;1;10.195148362;53.605291885
2;2018;2;14;4;3;4;2;0;0;1;0;0;0;0;0;10.057487043;53.554983818
2;2018;1;8;3;3;1;5;0;1;0;0;0;1;0;1;9.969313936;53.576710803
2;2018;2;18;3;3;6;7;2;0;1;1;0;0;0;0;9.953690119;53.566084729
2;2018;1;9;3;3;1;6;0;0;1;0;0;0;0;0;9.958219263;53.569863868
2;2018;2;21;2;3;6;2;2;0;1;1;0;0;0;1;9.936073912;53.555669095
2;2018;2;16;6;2;6;4;1;0;1;1;0;0;0;1;10.01458176;53.559732366
2;2018;1;14;3;3;2;6;0;0;1;0;0;0;0;1;9.990162618;53.465794589
2;2018;2;9;5;3;1;6;0;0;1;0;0;0;1;0;9.823840458;53.525862181
2;2018;1;8;4;3;6;2;0;0;1;1;0;0;0;1;9.857916484;53.598171685
2;2018;2;6;4;3;2;2;2;0;1;0;0;0;0;0;9.876307179;53.58867292
2;2018;1;13;2;3;2;6;0;0;1;0;0;0;0;1;9.914828251;53.481840409
2;2018;2;7;6;3;5;2;0;1;1;0;0;0;0;0;10.036184268;53.575634899
2;2018;1;18;4;2;6;4;2;1;0;1;0;0;0;1;10.014301943;53.61669736
2;2018;2;7;4;3;0;4;0;0;1;1;0;0;0;0;10.084859048;53.659520585
2;2018;1;11;2;3;5;3;0;0;1;0;0;0;1;0;9.985253425;53.452004344
2;2018;2;15;3;3;5;2;0;1;1;0;0;0;0;0;9.969832975;53.512697246
2;2018;1;19;2;3;6;3;2;0;1;1;0;0;0;1;9.987433524;53.450068039
2;2018;2;14;1;3;6;4;0;0;1;1;0;0;0;1;10.119894273;53.599489238
2;2018;2;6;5;2;6;4;2;0;1;1;0;0;0;0;10.09855694;53.588917959
2;2018;1;20;2;3;1;3;2;1;0;0;0;0;1;1;9.97608437;53.461588354
2;2018;2;7;5;3;5;3;1;1;1;0;0;0;0;0;10.173591803;53.607046083
2;2018;1;11;4;3;6;4;0;0;0;1;0;0;1;0;9.921499473;53.556685497
2;2018;2;19;4;3;0;4;2;0;0;1;0;0;1;0;9.988644447;53.557347566
2;2018;1;19;2;3;4;2;2;0;1;0;0;0;0;1;10.08014419;53.556207599
2;2018;1;11;2;3;2;6;0;0;1;0;0;0;0;0;10.09591334;53.550826148
2;2018;2;10;2;3;5;3;0;0;1;0;1;0;0;1;10.007318995;53.609370966
2;2018;1;22;2;3;5;2;2;0;1;0;0;0;0;1;10.106684644;53.605924094
2;2018;2;3;1;3;6;2;2;0;1;1;0;0;0;1;9.965331128;53.552088182
2;2018;2;20;5;3;6;4;2;0;1;1;0;0;0;0;10.02577727;53.57369012
2;2018;1;13;2;3;5;3;0;0;1;0;0;0;0;1;10.162686028;53.599312182
2;2018;1;16;4;2;6;7;1;0;0;1;0;0;1;0;10.002624151;53.551367748
2;2018;2;6;5;3;2;6;2;0;1;0;0;0;0;0;9.989198363;53.649435167
2;2018;1;8;2;3;2;6;0;0;1;0;0;0;0;0;10.078980725;53.563259102
2;2018;2;16;3;2;6;4;1;0;1;1;0;0;0;0;10.055369721;53.531669808
2;2018;1;17;2;3;6;2;2;0;1;1;0;0;0;1;10.040945104;53.601493364
2;2018;2;16;2;3;5;2;0;1;0;0;0;0;1;0;10.076491957;53.589265444
2;2018;2;20;6;3;2;6;1;0;1;0;0;0;1;0;10.106230462;53.546521751
2;2018;1;15;2;3;5;3;0;0;1;0;0;0;0;1;10.015712118;53.635994931
2;2018;2;7;1;3;4;6;2;0;1;0;0;0;0;1;10.005780903;53.648612123
2;2018;1;11;4;3;4;2;0;0;1;0;0;0;1;0;9.996477551;53.549389323
2;2018;2;15;6;3;6;4;0;1;0;1;0;0;0;0;10.211566808;53.483407356
2;2018;1;15;4;3;5;3;0;0;1;0;1;0;0;1;10.088904963;53.535611023
2;2018;2;7;4;3;5;3;1;1;1;0;0;0;0;0;9.976061986;53.461571867
2;2018;1;7;2;3;2;6;0;0;1;0;0;0;1;0;10.025264727;53.604584514
2;2018;2;15;7;3;2;6;0;0;1;0;0;0;0;0;9.816459693;53.575961894
2;2018;2;18;5;3;6;3;2;0;1;1;0;0;0;0;9.951761181;53.566795292
2;2018;2;10;2;3;3;2;0;1;1;0;0;0;0;0;9.921174609;53.556104942
2;2018;2;17;5;3;2;6;2;1;0;0;0;0;0;0;9.752963865;53.587882566
2;2018;1;10;2;2;6;7;0;0;1;1;0;0;0;0;10.010737971;53.582563554
2;2018;2;19;3;3;3;6;2;1;1;0;0;0;0;0;10.106369495;53.62630387
2;2018;1;19;2;3;1;6;2;0;1;0;0;0;1;1;10.053318399;53.589251135
2;2018;2;10;2;3;2;6;0;0;1;0;0;0;0;2;10.019080216;53.649414585
2;2018;2;17;6;2;5;3;2;1;1;0;0;0;0;1;10.08020508;53.608499164
2;2018;1;7;2;3;1;5;1;1;1;0;0;0;0;1;9.925092667;53.648879894
2;2018;2;9;1;3;1;7;0;0;1;0;0;0;0;1;10.022831719;53.559588427
2;2018;2;16;6;3;3;6;0;0;1;0;0;0;0;0;10.075725354;53.613632471
2;2018;1;19;4;3;8;1;2;0;1;0;0;0;0;1;10.117499014;53.600010187
2;2018;2;12;4;3;2;6;0;0;1;0;0;0;0;0;10.08824344;53.630913395
2;2018;1;17;2;3;0;6;2;0;1;0;0;0;1;1;9.951086432;53.576147661
2;2018;2;18;3;3;3;6;2;1;1;0;0;0;0;0;9.988905923;53.577429204
2;2018;1;17;2;2;6;4;2;0;1;1;0;0;0;1;9.947425462;53.55800962
2;2018;2;12;2;3;2;6;0;0;1;0;0;0;0;1;10.019829528;53.556968106
2;2018;2;17;5;3;5;3;2;0;1;0;0;0;0;0;10.220327549;53.50490338
2;2018;2;20;3;3;6;4;2;0;1;1;0;0;0;0;10.030317558;53.580099206
2;2018;1;10;2;3;5;2;0;1;1;0;0;0;0;0;9.983918496;53.581239357
2;2018;2;13;2;3;1;7;0;1;1;0;0;0;0;1;9.920473156;53.638613526
2;2018;2;15;6;3;5;3;0;1;1;0;0;0;0;1;9.82294725;53.580856341
2;2018;1;12;2;3;4;2;0;0;1;0;0;0;0;1;9.994005294;53.579658927
2;2018;2;8;6;3;1;6;0;0;1;0;0;0;0;2;9.95478976;53.569756145
2;2018;1;4;4;2;0;7;2;0;1;0;0;0;0;0;10.019411487;53.653214836
2;2018;2;15;4;3;1;6;0;0;1;0;0;0;0;0;10.053625447;53.579416949
2;2018;1;17;2;3;6;4;2;0;1;1;0;0;0;1;10.003863022;53.55379873
2;2018;2;13;2;3;2;6;0;0;1;0;0;0;0;0;10.107384798;53.591325637
2;2018;1;13;1;3;1;6;0;0;1;0;0;0;0;0;9.793565885;53.515207678
2;2018;2;1;1;3;2;6;2;0;1;0;0;0;0;1;9.866661937;53.565807195
2;2018;2;10;2;3;5;2;0;1;1;0;0;0;0;0;9.971905446;53.598570065
2;2018;2;17;1;3;6;3;2;0;1;1;0;0;0;1;10.097111434;53.620145517
2;2018;2;19;5;3;6;4;2;0;1;1;0;0;0;1;10.019132793;53.62356276
2;2018;1;15;1;3;1;6;0;0;1;0;0;0;0;1;9.979227846;53.457628026
2;2018;2;15;5;3;2;2;0;0;1;0;0;0;1;0;10.15605462;53.614426069
2;2018;1;14;4;3;3;6;0;0;1;0;0;0;1;1;9.989125745;53.558352104
2;2018;1;1;1;3;5;3;2;0;1;0;0;0;0;1;10.198393954;53.492905067
2;2018;2;18;5;3;9;1;2;0;1;0;0;0;0;2;10.06120353;53.547700614
2;2018;1;8;4;3;1;7;0;1;1;0;0;0;0;1;9.929004618;53.562449183
2;2018;2;13;4;3;3;6;0;0;1;0;0;0;0;0;9.944240106;53.548379898
2;2018;1;17;1;3;6;2;2;0;1;1;0;0;0;1;10.082954132;53.553099071
2;2018;2;9;2;3;1;6;0;0;1;0;0;0;0;1;9.852692241;53.549132639
2;2018;1;17;1;3;6;2;2;1;0;1;0;0;0;1;10.062030882;53.555862642
2;2018;2;0;1;3;5;3;2;0;1;0;0;0;0;1;9.914436433;53.582861152
2;2018;2;21;7;3;5;3;2;0;1;0;0;0;0;0;9.889918848;53.610960495
2;2018;2;17;5;3;1;5;2;0;1;0;0;0;0;0;9.963220251;53.597531232
2;2018;1;18;3;2;4;2;2;0;1;0;0;0;0;1;9.995946661;53.49951882
2;2018;2;11;5;3;2;6;0;0;1;0;0;0;0;0;10.013128119;53.60308942
2;2018;1;11;1;3;5;3;0;0;1;0;1;0;0;0;10.136027388;53.614339349
2;2018;2;15;3;3;5;3;0;0;1;0;0;0;0;0;10.113260576;53.599587662
2;2018;1;17;1;3;2;6;2;0;1;0;0;0;0;1;10.07942435;53.618396082
2;2018;2;20;1;3;5;3;2;0;1;0;0;0;0;1;9.978183703;53.597566543
2;2018;2;10;2;2;6;4;0;0;0;1;0;0;1;2;10.069880561;53.603266519
2;2018;2;18;6;2;6;4;2;0;1;1;0;0;0;1;10.058395171;53.58396234
2;2018;2;13;3;3;4;2;0;0;1;0;0;0;0;0;9.99607621;53.464514711
2;2018;1;17;1;3;5;3;2;0;1;0;0;0;0;1;10.001527204;53.666149649
2;2018;2;16;6;3;2;2;0;0;1;0;0;0;0;1;10.207939453;53.480752223
2;2018;1;17;1;3;0;4;2;0;1;1;0;0;0;1;9.958684307;53.565807319
2;2018;2;14;1;3;1;5;0;1;1;0;0;0;0;2;9.936700016;53.556522432
2;2018;2;6;6;3;5;2;1;1;1;0;0;0;0;0;9.874845772;53.477322553
2;2018;2;12;5;3;6;4;0;1;1;1;0;0;0;0;9.984973548;53.555679495
2;2018;2;17;5;3;1;5;0;1;1;0;0;0;0;0;9.928409732;53.550440979
2;2018;1;1;1;3;9;5;2;1;1;0;0;0;0;1;9.957663943;53.565631543
2;2018;2;9;3;3;4;2;0;0;1;0;0;0;0;0;10.041551343;53.647711869
2;2018;1;9;1;3;5;3;0;1;1;0;0;0;0;0;9.974336199;53.573379279
2;2018;2;0;1;3;4;2;2;0;1;0;0;0;0;1;9.936318562;53.550277372
2;2018;2;13;2;3;5;3;0;0;1;0;0;0;1;1;9.880498265;53.614745546
2;2018;2;19;6;3;5;3;2;0;1;0;0;0;0;0;10.052771718;53.57224524
2;2018;1;8;1;3;5;2;0;1;1;0;0;0;0;1;9.953870328;53.545663693
2;2018;2;10;1;3;5;3;0;1;1;0;0;0;0;1;9.995841719;53.550605704
2;2018;2;20;6;3;5;2;2;0;1;0;0;0;0;0;10.035789841;53.600865988
2;2018;1;18;4;2;6;2;2;0;1;1;0;0;0;1;10.066059974;53.634527776
2;2018;1;5;1;3;2;6;2;0;1;0;0;0;0;1;10.004238976;53.554180931
2;2018;2;18;6;3;6;7;2;1;0;1;0;0;0;0;10.064402972;53.558704892
2;2018;1;13;4;3;2;6;0;0;1;0;0;0;0;1;10.037422005;53.552449402
2;2018;2;16;4;3;5;3;0;1;1;0;0;0;0;0;10.206733373;53.478234247
2;2018;1;10;7;3;5;3;0;0;1;0;0;0;0;0;10.169582879;53.625413189
2;2018;2;8;3;3;6;4;0;0;1;1;0;0;0;0;9.928153232;53.560330556
2;2018;1;18;7;3;6;7;1;0;1;1;0;0;0;0;10.062388665;53.570883221
2;2018;2;16;7;3;0;6;1;0;1;0;0;0;0;1;10.171351232;53.410108888
2;2018;2;12;2;3;4;2;0;0;1;0;0;0;0;0;9.977116486;53.579615841
2;2018;2;9;6;3;5;3;0;1;1;0;0;0;0;1;9.97805263;53.595109992
2;2018;1;12;7;2;0;6;0;0;1;0;0;0;1;0;10.003843751;53.658426384
2;2018;2;2;6;3;6;3;2;0;1;1;0;0;0;0;9.962231643;53.54954836
2;2018;1;17;4;3;6;4;2;1;0;1;0;0;0;1;10.03906319;53.578089648
2;2018;2;13;4;3;6;4;0;0;1;1;0;0;0;0;9.846448625;53.563548385
2;2018;1;0;7;3;8;7;2;0;1;0;0;0;0;1;10.013130466;53.627679775
2;2018;2;11;2;3;2;6;0;0;1;0;0;0;0;0;10.070895708;53.605563674
2;2018;1;13;7;3;5;3;0;0;0;0;0;0;1;0;9.851834495;53.58703825
2;2018;2;11;4;1;6;2;0;0;1;1;0;0;0;0;10.109313868;53.70760899
2;2018;1;18;7;3;5;3;2;0;1;0;0;0;0;0;9.75764602;53.57730252
2;2018;2;16;3;3;6;3;0;1;0;1;0;0;0;2;10.007964945;53.558856864
2;2018;1;18;7;3;3;6;2;1;1;0;0;0;0;0;9.945783036;53.579477348
2;2018;2;14;7;3;5;2;0;0;1;0;1;0;0;1;10.117192745;53.599990092
2;2018;2;23;1;3;6;4;2;0;1;1;0;0;0;1;9.987637193;53.439008044
2;2018;2;9;5;3;5;3;0;0;1;0;0;1;0;0;10.037922679;53.541167512
2;2018;1;22;7;3;0;7;2;0;1;0;0;0;0;0;9.972061718;53.545449161
2;2018;2;7;5;3;5;3;1;0;1;0;1;0;0;0;10.115476311;53.58353052
2;2018;1;12;4;3;1;6;0;1;1;0;0;0;0;1;9.952772784;53.545345798
2;2018;2;7;4;3;2;6;2;0;1;0;0;0;0;0;9.966606318;53.569113877
2;2018;1;13;6;3;6;4;0;0;0;1;0;0;1;0;9.988546143;53.457238978
2;2018;1;14;6;3;2;6;0;0;1;0;0;1;0;0;10.025491559;53.527526201
2;2018;2;10;7;3;4;7;0;0;1;0;0;0;0;1;10.119293168;53.573945772
2;2018;2;13;7;2;5;3;0;0;1;0;0;0;0;0;9.812466638;53.563255611
2;2018;2;12;5;3;0;7;0;0;1;0;1;0;0;0;9.934945078;53.546335335
2;2018;2;10;7;3;5;3;0;0;1;0;0;0;1;1;10.107768123;53.655423357
2;2018;2;2;1;3;6;7;2;0;0;1;0;0;1;1;9.898557811;53.570936512
2;2018;2;19;5;2;0;7;2;1;0;0;0;0;0;0;10.053504476;53.564687255
2;2018;1;7;6;3;0;7;1;1;1;0;0;0;0;1;10.228742552;53.484271697
2;2018;2;6;5;3;3;2;2;0;1;0;0;0;0;1;10.143753713;53.677143593
2;2018;1;11;6;3;5;7;0;0;1;0;1;0;0;1;10.099901862;53.539501605
2;2018;2;17;3;3;1;6;2;0;1;0;0;0;0;0;10.0833315;53.544081672
2;2018;1;9;6;3;2;6;0;0;1;0;0;1;0;1;10.061125362;53.546965266
2;2018;2;12;7;3;2;6;0;0;1;0;0;0;0;1;10.033322458;53.588480604
2;2018;2;8;2;3;4;6;0;1;0;0;0;1;0;2;10.156143797;53.586004869
2;2018;2;20;6;3;5;3;2;0;1;0;0;0;1;1;10.069507315;53.559563287
2;2018;1;20;6;2;0;7;2;0;0;1;0;0;1;0;10.081153349;53.580073385
2;2018;2;10;7;3;6;2;0;0;1;1;0;0;0;1;9.902631038;53.608119148
2;2018;2;11;6;3;5;3;0;1;1;0;0;0;0;0;10.201504472;53.488974791
2;2018;1;19;4;3;1;6;2;0;1;0;0;0;0;1;10.09267109;53.546526661
2;2018;2;8;2;2;6;5;0;0;1;0;0;0;1;0;9.992986561;53.575250509
2;2018;2;10;4;3;6;2;0;0;1;1;0;0;0;0;9.850267555;53.471923982
2;2018;1;6;6;3;3;2;1;1;0;0;0;0;1;0;10.079539851;53.600639275
2;2018;2;7;3;3;5;3;1;1;1;0;0;0;0;0;10.033556644;53.588010525
2;2018;1;21;6;3;2;2;2;0;1;0;0;0;0;1;10.105859426;53.651902477
2;2018;2;3;7;3;6;4;2;0;1;1;0;0;0;1;9.96917328;53.550053443
2;2018;2;6;5;3;5;3;2;1;1;0;0;0;0;0;9.826862409;53.565562334
2;2018;1;14;6;3;5;3;0;1;1;0;0;0;0;0;10.16058216;53.653115207
2;2018;2;5;3;3;3;6;2;0;1;0;0;0;0;1;10.106309712;53.568509941
2;2018;1;20;6;3;3;3;2;0;1;0;0;0;0;0;10.057284386;53.566020908
2;2018;2;11;7;3;6;6;0;1;0;1;0;0;0;0;9.966555887;53.545171444
2;2018;2;11;2;3;2;6;0;0;1;0;0;0;0;2;10.158685086;53.645746076
2;2018;2;18;6;3;6;2;2;0;1;1;0;0;0;1;10.081583912;53.611376547
2;2018;1;14;6;3;5;2;0;1;0;0;0;0;1;0;10.05857707;53.590177648
2;2018;2;15;6;3;5;2;0;1;0;0;0;0;0;1;9.855750213;53.535262767
2;2018;2;8;6;3;2;6;0;0;1;0;0;0;1;0;10.070191697;53.573376374
2;2018;1;15;4;3;2;2;0;0;1;0;0;0;0;1;10.124003036;53.613173097
2;2018;2;5;4;3;4;2;2;0;1;0;0;0;0;1;10.124506722;53.570966612
2;2018;2;13;2;3;6;7;0;0;1;1;0;0;0;0;9.884708784;53.559561195
2;2018;1;17;6;3;5;3;2;0;1;0;0;0;0;0;9.840015018;53.558420596
2;2018;2;15;3;3;6;4;0;0;1;1;0;0;0;0;9.922611335;53.554249811
2;2018;1;14;6;3;5;3;0;1;1;0;0;0;0;0;9.979285546;53.585956596
2;2018;2;17;6;3;2;6;1;0;1;0;0;0;1;1;9.994300111;53.465250727
2;2018;2;20;2;3;3;3;2;0;1;0;0;0;1;1;9.984914621;53.563906774
2;2018;2;14;5;3;9;1;0;0;0;0;0;0;1;0;10.02881182;53.503434641
2;2018;1;9;6;3;0;7;0;0;1;0;0;0;0;0;9.950514705;53.564837252
2;2018;2;16;6;2;6;4;0;0;1;1;0;0;0;1;9.977549251;53.461500701
2;2018;2;7;5;3;5;3;2;1;1;0;0;0;0;0;9.854614195;53.468452497
2;2018;1;18;4;3;4;2;2;0;1;0;0;0;0;1;9.918091307;53.570864432
2;2018;2;11;2;3;2;6;0;0;1;0;0;0;0;1;9.883288486;53.594080008
2;2018;2;17;6;3;7;7;0;1;0;0;0;0;0;0;9.865042996;53.572145559
2;2018;1;7;5;3;5;2;2;1;1;0;0;0;0;1;9.946539212;53.455068584
2;2018;2;14;6;3;5;3;0;1;0;0;0;0;0;0;9.973406008;53.456272761
2;2018;2;9;6;3;5;3;0;1;1;0;0;0;0;0;9.939843163;53.629727647
2;2018;1;14;4;3;6;4;0;0;0;1;0;1;0;1;10.002355527;53.672201278
2;2018;2;12;4;3;4;2;0;1;1;0;0;0;0;0;9.997207209;53.602015547
2;2018;1;19;5;3;2;2;2;0;1;0;0;0;0;0;10.210588806;53.487266846
2;2018;2;13;2;2;6;7;0;1;0;1;0;0;0;0;9.854792308;53.467641384
2;2018;1;4;5;3;8;1;2;0;1;0;0;0;0;1;10.120792086;53.531782928
2;2018;2;15;6;3;4;6;0;0;1;0;1;0;0;0;10.014362934;53.497145089
2;2018;2;18;1;3;4;7;2;0;1;0;0;0;0;1;10.069291173;53.563958302
2;2018;2;20;5;3;0;2;2;0;1;0;1;0;0;0;10.091905149;53.673497995
2;2018;1;16;5;3;5;3;1;0;1;0;0;0;1;0;10.067459588;53.529385132
2;2018;2;6;5;3;3;2;2;1;1;0;0;0;0;0;10.15381885;53.614588219
2;2018;1;7;4;3;4;2;0;1;1;0;0;0;0;1;9.965724669;53.565663175
2;2018;2;19;4;3;2;2;2;0;1;0;0;0;0;0;10.001178971;53.555605624
2;2018;1;11;5;3;3;2;0;1;1;0;0;0;0;0;10.172580706;53.607000044
2;2018;2;14;4;2;6;7;0;0;1;1;0;0;0;0;9.972469513;53.60614159
2;2018;1;16;5;3;3;6;2;0;1;0;0;0;1;0;10.157951158;53.614068028
2;2018;2;8;2;3;1;5;0;0;1;0;0;0;0;1;9.887123997;53.620291688
2;2018;1;8;5;3;3;6;0;0;1;0;0;1;0;0;9.927958969;53.592896075
2;2018;2;8;6;3;2;6;0;0;1;0;0;1;0;1;10.012377552;53.498656385
2;2018;2;22;7;3;5;3;2;0;1;0;0;0;0;0;9.965502653;53.463387951
2;2018;2;11;5;3;3;6;0;0;1;0;0;1;0;0;9.869415691;53.594228634
2;2018;1;17;5;3;5;3;2;1;1;0;0;0;0;0;9.865060757;53.557963281
2;2018;1;7;3;3;2;7;0;1;1;0;0;0;0;1;10.224768366;53.492032332