ULAND;UJAHR;UMONAT;USTUNDE;UWOCHENTAG;UKATEGORIE;UART;UTYP1;ULICHTVERH;IstRad;IstPKW;IstFuss;IstKrad;IstGkfz;IstSonstig;STRZUSTAND;XGCSWGS84;YGCSWGS84
2;2018;3;22;7;3;4;6;2;0;1;0;0;0;0;1;9.961708642;53.56215561
2;2018;4;16;2;3;5;7;0;0;1;0;1;0;0;0;9.920021766;53.433669811
2;2018;3;0;7;3;5;3;2;1;1;0;0;0;0;0;10.015104076;53.549191171
2;2018;3;14;6;3;0;3;0;0;1;0;0;0;1;0;9.874954964;53.475410185
2;2018;3;16;5;3;2;6;0;0;1;0;0;0;0;0;10.13004065;53.591342649
2;2018;3;18;6;3;5;7;1;1;1;0;0;0;0;0;10.204501989;53.512611604
2;2018;3;14;2;3;2;6;0;0;1;0;0;0;0;0;10.148360996;53.543642553
2;2018;3;18;6;3;0;7;2;0;1;0;0;0;1;0;10.101789035;53.58245558
2;2018;4;20;5;3;3;2;2;0;1;0;0;0;0;0;10.006233589;53.548320405
2;2018;3;11;6;3;2;6;0;0;1;0;0;0;0;1;10.141234926;53.570533214
2;2018;4;23;1;3;3;6;2;0;1;0;0;0;1;0;9.978016371;53.576706762
2;2018;3;15;6;3;3;7;0;0;1;0;0;0;0;0;10.0305203;53.625988944
2;2018;3;14;6;3;5;2;0;0;1;0;1;0;0;0;10.004231678;53.588378478
2;2018;4;3;1;3;9;1;2;0;1;0;0;0;0;1;10.006785607;53.480374505
2;2018;3;5;6;3;6;4;2;0;1;1;0;0;0;0;10.047670999;53.565295134
2;2018;3;13;6;3;5;3;0;0;1;0;0;0;0;0;10.05009761;53.585686951
2;2018;3;10;5;3;6;2;0;0;1;1;0;0;0;1;10.037221225;53.641061697
2;2018;3;10;6;3;0;7;0;1;1;0;0;0;0;0;9.95641492;53.595978937
2;2018;3;13;2;3;1;5;0;1;1;0;0;0;0;0;9.958112057;53.546038089
2;2018;3;18;6;2;2;2;2;0;1;0;0;0;0;0;9.925775878;53.546457237
2;2018;4;21;4;3;6;2;2;0;1;1;0;0;0;1;10.010225295;53.64882959
2;2018;3;13;5;3;5;3;0;0;1;0;0;0;0;0;9.864912039;53.537169184
2;2018;3;15;7;3;5;3;0;1;1;0;0;0;0;1;10.075984482;53.589258895
2;2018;3;19;5;3;5;3;2;1;1;0;0;0;0;1;10.031244208;53.556876866
2;2018;3;7;5;3;5;3;1;0;1;0;0;0;0;1;10.11568163;53.611151185
2;2018;3;15;4;3;6;4;0;0;0;1;0;0;1;1;9.926008005;53.650340323
2;2018;3;12;6;3;4;2;0;0;1;0;0;0;0;0;10.209489664;53.512925436
2;2018;3;12;5;3;2;6;0;0;1;0;0;0;0;0;10.051148831;53.634818746
2;2018;4;17;6;3;3;6;0;0;1;0;0;0;0;0;9.965184292;53.551052276
2;2018;3;15;7;3;5;2;0;0;1;0;0;0;0;0;9.890580821;53.552439373
2;2018;3;19;5;3;6;4;2;0;1;1;0;0;0;1;10.012922727;53.627212463
2;2018;3;15;4;3;5;3;0;0;1;0;0;0;0;1;10.097659809;53.62014634
2;2018;3;13;5;3;2;7;0;0;1;0;0;0;1;0;9.916636742;53.600010683
2;2018;4;20;6;3;2;6;2;0;1;0;0;0;0;0;10.032676292;53.591058386
2;2018;3;15;1;3;2;6;0;0;1;0;0;0;0;0;10.019410383;53.653212881
2;2018;3;18;5;1;6;4;2;0;1;1;0;0;0;1;9.86274928;53.597640034
2;2018;4;7;3;3;5;3;0;1;1;0;0;0;0;0;10.147030301;53.60067059
2;2018;3;16;5;3;5;7;0;0;1;0;0;0;0;0;9.873754506;53.587090021
2;2018;3;12;7;3;0;2;0;0;1;1;0;0;0;1;9.928230383;53.556134121
2;2018;3;13;5;3;5;3;0;0;1;0;0;0;0;0;9.879613649;53.583750922
2;2018;3;16;4;3;6;7;0;0;0;1;0;0;1;1;9.998551153;53.550754671
2;2018;3;12;5;3;1;6;0;0;1;0;0;0;1;0;9.883495448;53.594376802
2;2018;4;11;5;3;2;2;0;0;1;0;0;0;0;0;10.038999603;53.532339972
2;2018;3;15;4;3;2;6;0;0;1;0;0;0;0;1;10.020167877;53.516873728
2;2018;3;17;5;3;1;6;1;0;1;0;0;0;0;1;9.883506487;53.546585771
2;2018;4;8;3;3;5;3;0;1;1;0;0;0;0;1;9.927358115;53.550379486
2;2018;4;15;6;3;3;2;0;1;0;0;0;0;1;0;10.018355164;53.548707741
2;2018;4;8;5;3;5;2;0;1;1;0;0;0;0;0;10.049166277;53.646529945
2;2018;4;8;3;3;2;6;0;0;1;0;0;0;0;0;9.883271896;53.594054874
2;2018;4;12;6;3;2;6;0;0;1;0;0;1;0;1;10.0470498;53.558161245
2;2018;4;15;3;3;1;6;0;0;1;0;0;0;0;0;9.89002695;53.477938719
2;2018;4;16;1;3;5;3;0;0;1;0;0;0;0;0;9.891698;53.57406744
2;2018;4;11;7;2;8;1;0;0;1;0;0;0;0;1;10.127562839;53.641945501
2;2018;4;10;6;3;5;2;0;1;1;0;0;0;0;0;10.116998039;53.604082453
2;2018;4;20;6;3;5;2;2;1;1;0;0;0;0;0;10.051564157;53.541944718
2;2018;4;16;6;3;5;3;0;0;1;0;0;0;0;0;10.096706272;53.569070227
2;2018;4;16;6;3;5;3;0;1;0;0;0;0;1;0;9.898666107;53.605612882
2;2018;4;17;6;3;5;2;0;0;1;0;0;0;0;0;10.083740637;53.622601669
2;2018;4;19;5;3;5;2;0;1;0;0;1;0;0;0;9.979800255;53.555694072
2;2018;4;13;2;3;5;2;0;0;1;0;0;0;0;0;10.015559404;53.518485951
2;2018;4;13;6;3;2;6;0;0;1;0;0;1;1;1;10.107122919;53.653990611
2;2018;4;15;7;3;2;6;0;0;1;0;0;0;0;0;10.208946929;53.482789398
2;2018;4;7;6;3;2;6;0;0;1;0;0;0;0;0;9.82194778;53.526275582
2;2018;4;20;6;3;3;2;2;1;0;0;0;0;0;1;10.050039468;53.592189101
2;2018;4;15;6;3;6;4;0;0;0;1;0;0;1;0;10.055679853;53.591323493
2;2018;4;12;3;3;5;3;0;1;0;0;0;0;0;0;10.144393447;53.588229966
2;2018;4;18;1;3;3;2;0;0;1;0;1;0;0;0;9.991340369;53.56090492
2;2018;4;11;7;3;1;5;0;0;1;0;0;0;0;1;9.930847577;53.556863359
2;2018;4;9;2;3;5;3;0;1;1;0;0;0;0;0;10.153897626;53.614624079
2;2018;4;11;6;3;3;6;0;0;1;0;0;1;0;0;10.026673906;53.569082389
2;2018;4;17;6;3;3;6;0;0;1;0;1;0;0;0;10.035666148;53.546773057
2;2018;4;13;6;3;2;6;0;0;1;0;0;0;0;1;10.026340233;53.580628442
2;2018;4;9;6;3;3;6;0;1;0;0;0;0;1;0;9.969186223;53.586402189
2;2018;4;13;6;3;5;3;0;0;1;0;0;0;0;1;9.881150234;53.59322804
2;2018;4;7;4;3;5;2;0;1;1;0;0;0;0;0;10.198007656;53.492723633
2;2018;4;9;2;3;2;6;0;0;1;0;0;0;1;0;10.042849397;53.540220081
2;2018;4;21;6;3;3;2;2;0;1;0;0;0;0;1;9.963454891;53.569418794
2;2018;4;7;7;3;4;6;0;0;1;0;0;0;0;0;10.107544684;53.629456567
2;2018;4;16;6;3;5;3;0;0;1;0;0;0;0;0;10.085512658;53.55128512
2;2018;4;20;6;3;5;3;2;0;1;0;1;0;0;1;9.967535892;53.579889486
2;2018;4;18;3;3;3;6;0;0;1;0;1;0;0;0;10.082952745;53.656030418
2;2018;4;7;6;3;0;7;0;1;0;0;0;0;0;0;9.956718139;53.587467433
2;2018;4;7;5;3;6;6;0;1;0;1;0;0;0;0;9.990907104;53.505347453
2;2018;4;11;6;3;1;7;0;1;1;0;0;0;0;0;9.942858578;53.551064715
2;2018;4;20;3;3;5;3;0;1;1;0;0;0;0;1;10.110386798;53.539684345
2;2018;4;14;6;3;0;7;0;1;1;0;0;0;0;1;9.972896253;53.554086021
2;2018;4;15;6;3;4;6;0;1;0;0;0;0;0;0;9.979239785;53.555406574
2;2018;4;9;6;3;6;4;0;0;1;1;0;0;0;0;9.98800371;53.555284088
2;2018;4;7;4;3;5;3;0;1;1;0;0;0;0;0;10.02740633;53.533829485
2;2018;4;9;2;2;6;4;0;0;0;1;0;1;0;0;10.046242504;53.646938402
2;2018;4;13;6;2;1;6;0;0;1;0;0;1;0;1;9.969833745;53.517259322
2;2018;4;17;7;3;6;6;0;1;0;1;0;0;0;0;9.900564444;53.592579457
2;2018;4;17;5;3;2;6;0;0;1;0;0;0;0;0;9.860322849;53.476808411
2;2018;4;16;5;3;6;4;0;0;1;1;0;0;0;0;9.986124583;53.506184754
2;2018;4;8;5;3;5;3;0;0;1;0;0;0;0;0;10.018583662;53.491377532
2;2018;4;18;5;2;5;3;0;1;1;0;0;0;0;0;10.113322562;53.599710041
2;2018;4;11;3;3;1;7;0;0;1;0;0;0;1;0;9.821238277;53.576191939
2;2018;4;10;5;3;1;6;0;0;1;0;0;0;0;0;10.174721743;53.408911431
2;2018;4;7;4;3;5;3;0;0;1;0;1;0;0;0;9.892984948;53.552467685
2;2018;4;21;1;3;0;7;2;0;0;0;1;0;0;0;10.070613623;53.572726316
2;2018;4;16;5;3;5;3;0;0;1;0;0;0;0;0;10.152546542;53.59648168
2;2018;4;9;4;3;0;7;0;0;1;0;1;0;0;0;10.107467514;53.706928343
2;2018;4;8;2;3;3;6;0;0;1;0;0;0;1;0;9.962592777;53.546479945
2;2018;4;19;5;3;4;2;0;1;1;0;0;0;0;0;10.039252935;53.606569996
2;2018;4;16;7;3;6;4;0;0;1;1;0;0;0;0;10.015150921;53.555635477
2;2018;4;13;5;3;0;7;0;0;1;0;0;1;0;0;10.111857123;53.653194565
2;2018;4;17;6;3;2;2;0;1;0;0;0;0;0;0;10.094620189;53.606586731
2;2018;4;16;5;3;2;6;0;0;1;0;0;0;1;0;10.057434751;53.640868003
2;2018;4;8;6;3;5;3;0;1;1;0;0;0;0;0;10.02131914;53.549536688
2;2018;4;7;5;3;5;3;0;0;1;0;0;0;0;0;10.034134977;53.596795969
2;2018;4;7;5;3;3;5;0;1;1;0;0;0;0;0;10.013053281;53.629236172
2;2018;4;23;3;3;3;6;2;0;1;0;0;0;0;1;9.961666545;53.599566686
2;2018;4;16;5;3;2;6;0;0;1;0;0;0;1;0;10.041052117;53.580209818
2;2018;4;6;3;3;5;3;0;0;1;0;0;0;0;1;9.99507023;53.477934386
2;2018;4;14;1;3;3;2;0;1;1;0;0;0;0;0;9.936073845;53.555674341
2;2018;4;15;7;3;5;3;0;1;1;0;0;0;0;1;9.947487429;53.582950718
2;2018;4;19;2;3;5;3;0;0;1;0;0;0;0;0;10.10599484;53.572505449
2;2018;4;16;5;3;5;2;0;0;1;0;1;0;0;0;9.919761224;53.598296914
2;2018;4;13;6;3;1;5;0;1;1;0;0;0;0;0;10.027965712;53.55645417
2;2018;4;20;5;3;0;7;2;1;0;0;0;0;0;0;9.906850697;53.616296466
2;2018;4;20;6;3;6;4;1;0;1;1;0;0;0;0;9.968111043;53.62987515
2;2018;4;12;5;3;2;6;0;0;1;0;0;0;0;0;9.989517661;53.561599125
2;2018;4;15;4;3;4;6;0;0;0;0;1;0;1;0;9.850458687;53.50805702
2;2018;4;6;6;3;1;7;0;0;1;0;0;0;0;0;10.099232821;53.538382708
2;2018;4;5;2;3;2;6;2;0;1;0;0;0;0;0;9.987588576;53.452187009
2;2018;4;18;5;3;5;2;0;1;0;0;0;1;0;0;9.975528294;53.560799038
2;2018;4;17;6;3;4;6;0;1;0;0;0;0;0;0;10.003863251;53.578043911
2;2018;4;15;5;3;0;7;0;0;0;0;1;0;1;0;10.011997468;53.556831449
2;2018;4;15;5;3;3;7;0;0;1;0;0;0;0;0;9.954724764;53.561133877
2;2018;4;8;2;3;2;6;0;0;1;0;0;0;0;0;9.922660451;53.432540924
2;2018;4;12;4;3;5;3;0;0;1;0;0;0;0;0;10.063003742;53.554277969
2;2018;4;13;3;3;5;3;0;0;1;0;1;0;0;0;9.851431909;53.549422802
2;2018;4;19;7;2;8;1;0;0;0;0;1;0;0;0;10.026048656;53.47179316
2;2018;4;19;7;3;2;6;0;0;1;0;0;0;0;1;9.98610027;53.580444924
2;2018;4;16;2;3;2;6;0;0;1;0;0;0;0;1;10.101806727;53.582561669
2;2018;4;18;4;3;5;3;0;1;1;0;0;0;0;0;10.150457663;53.618523603
2;2018;4;8;3;3;5;3;0;1;0;1;0;0;0;0;9.954726638;53.452920239
2;2018;4;19;4;3;5;3;0;0;1;0;0;0;0;0;10.098646615;53.589544987
2;2018;4;14;6;3;0;7;0;0;1;0;0;0;0;0;9.988652641;53.566735211
2;2018;4;21;4;2;6;2;2;0;1;1;0;0;0;0;10.09630345;53.618957809
2;2018;4;12;4;3;8;7;0;0;1;0;0;0;0;0;10.110551;53.538558114
2;2018;4;8;2;3;5;3;0;1;1;0;0;0;0;0;10.156283106;53.602960856
2;2018;4;17;4;3;4;6;0;0;1;0;0;0;1;0;10.10001351;53.620569356
2;2018;4;10;7;3;5;3;0;0;1;0;1;0;0;0;10.002634269;53.660439112
2;2018;4;13;4;3;9;7;0;0;1;0;0;0;0;0;10.065550055;53.67630053
2;2018;4;16;2;3;3;6;0;0;1;0;0;1;0;0;10.090847296;53.512751907
2;2018;4;16;4;2;5;7;0;0;1;0;0;0;0;0;10.06394762;53.643011944
2;2018;4;18;7;3;1;6;0;0;1;0;0;0;0;0;10.100252333;53.549667536
2;2018;4;9;6;3;1;6;0;0;1;0;0;1;0;0;10.013831704;53.521174035
2;2018;4;7;4;3;3;2;0;1;0;0;0;0;0;0;10.014729499;53.649382653
2;2018;4;8;3;3;1;7;0;1;1;0;0;0;0;0;10.041832669;53.534961886
2;2018;4;7;4;3;5;3;0;1;1;0;0;0;0;1;10.038863639;53.586275329
2;2018;4;8;6;3;2;6;0;0;0;0;0;1;0;0;9.956259095;53.518333409
2;2018;4;11;4;3;6;7;0;0;1;1;0;0;0;0;10.03968819;53.575028661
2;2018;4;16;4;3;2;6;0;0;1;0;0;0;0;0;10.086155202;53.577539641
2;2018;4;16;2;3;5;3;0;0;1;0;0;0;1;0;9.822905419;53.581014452
2;2018;4;13;4;3;5;3;0;0;1;0;0;0;0;0;10.046371302;53.583137406
2;2018;4;15;2;3;5;3;0;0;1;0;0;0;0;0;10.060067654;53.571652046
2;2018;4;17;3;3;3;6;0;1;1;0;0;0;0;0;10.019081271;53.528772722
2;2018;4;17;7;3;3;6;0;1;1;0;0;0;0;0;9.96415276;53.557581127
2;2018;4;7;4;3;0;7;0;0;1;1;0;1;1;0;9.850088713;53.556143684
2;2018;4;7;6;3;6;7;0;0;1;1;0;0;0;0;10.126773823;53.602140981
2;2018;4;11;4;3;1;5;0;1;0;0;0;0;1;0;9.784210887;53.561260725
2;2018;4;17;4;3;5;3;0;0;1;0;0;0;0;0;9.875957857;53.588448632
2;2018;4;7;5;3;5;3;0;1;1;0;0;0;0;0;10.117189276;53.57415963
2;2018;4;16;4;3;5;3;0;1;1;0;0;0;0;0;9.987414985;53.590743893
2;2018;4;12;4;3;1;6;0;0;1;0;0;0;0;0;9.977601185;53.577405124
2;2018;4;16;5;2;1;5;0;0;1;0;0;0;0;0;10.209091461;53.49361845
2;2018;4;15;3;3;2;6;0;0;1;0;0;0;0;0;10.058729051;53.59334148
2;2018;4;14;4;3;1;5;0;1;1;0;0;0;0;0;9.97986857;53.568624623
2;2018;4;8;4;3;5;3;0;1;1;0;0;0;0;0;10.018056285;53.583090365
2;2018;4;12;1;3;5;2;0;1;0;0;0;0;0;0;10.046044029;53.466303714
2;2018;4;18;4;3;2;6;0;0;1;0;0;0;1;0;9.99425052;53.580310391
2;2018;4;15;2;3;6;7;0;1;0;1;0;0;1;0;10.054910271;53.580937044
2;2018;4;12;6;2;5;2;0;0;1;0;0;1;0;0;9.99400432;53.465257889
2;2018;4;11;4;3;3;2;0;0;1;0;1;0;0;0;9.967110986;53.562380184
2;2018;4;15;6;3;1;7;0;0;1;0;0;0;0;0;10.119393785;53.629925237
2;2018;4;11;6;2;8;7;0;0;1;0;0;0;1;0;10.100969801;53.589425803
2;2018;4;18;4;3;2;7;0;1;1;0;0;0;0;0;9.962985017;53.560818557
2;2018;4;17;5;3;2;6;0;0;1;0;0;0;0;0;9.918065357;53.579970237
2;2018;4;17;3;3;2;6;0;0;1;0;0;0;1;0;9.987771639;53.556006562
2;2018;4;12;4;3;2;6;0;0;1;0;0;0;0;0;9.963262026;53.560490268
2;2018;4;9;3;3;2;6;0;0;1;0;1;0;0;0;10.036475317;53.55838009
2;2018;4;17;2;2;5;3;0;1;1;0;0;0;0;1;10.031990674;53.561972685
2;2018;4;17;1;3;3;2;0;0;1;0;1;0;0;0;9.994427482;53.56359759
2;2018;4;17;7;3;2;6;0;0;1;0;0;0;0;1;9.951805867;53.598820476
2;2018;4;16;3;3;5;3;0;0;1;0;0;0;0;0;9.875971607;53.588516837
2;2018;4;19;3;3;5;3;0;1;1;0;0;0;0;0;9.988514575;53.447101744
2;2018;4;12;4;3;3;6;0;0;1;0;0;0;1;0;9.989167028;53.558410477
2;2018;4;18;1;2;0;7;0;1;1;0;0;0;0;0;10.013210909;53.581463874
2;2018;4;14;7;3;5;3;0;1;1;0;0;0;0;1;10.091596556;53.599834199
2;2018;4;16;3;3;2;6;0;0;1;0;0;0;0;0;9.977250084;53.459645205
2;2018;4;18;2;3;2;6;0;0;1;0;0;0;0;1;9.836978747;53.573519402
2;2018;4;14;6;3;4;2;0;0;1;0;0;0;1;0;10.115749653;53.557344838
2;2018;4;16;3;2;2;6;0;0;1;0;1;0;0;0;10.130897389;53.496623396
2;2018;4;15;6;3;5;3;0;1;0;0;1;0;0;0;10.049420041;53.574224731
2;2018;4;17;3;3;1;7;0;0;1;0;0;0;0;0;10.081889549;53.549118128
2;2018;4;18;5;3;0;6;0;0;1;0;1;0;0;0;10.006036549;53.548448573
2;2018;4;5;2;3;3;6;2;0;1;0;0;0;1;0;9.982161392;53.510711728
2;2018;4;16;3;3;5;3;0;0;1;0;1;0;0;0;10.069220747;53.555399626
2;2018;4;16;3;3;4;6;0;1;0;0;0;0;0;0;9.947883953;53.561210332
2;2018;4;19;2;3;5;3;0;1;1;0;0;0;0;0;9.869105869;53.591977891
2;2018;4;12;7;3;4;6;0;1;1;0;0;0;0;0;9.98486587;53.518151399
2;2018;4;14;7;3;5;3;0;0;1;0;0;0;0;1;9.979541357;53.527736576
2;2018;4;13;3;2;5;2;0;1;1;0;0;0;0;0;10.091105213;53.544221303
2;2018;4;7;2;3;5;3;0;1;1;0;0;0;0;0;9.9111988;53.633018311
2;2018;4;8;3;3;5;3;0;0;1;0;0;0;0;0;10.239993838;53.437883034
2;2018;4;10;3;3;5;2;0;0;1;0;1;0;0;0;10.041763073;53.550943877
2;2018;4;9;6;3;3;6;0;0;1;0;0;0;1;0;9.975670005;53.556784988
2;2018;4;8;3;3;5;2;0;1;1;0;0;0;0;0;10.125791845;53.627488836
2;2018;4;8;3;3;3;2;0;1;1;0;0;0;0;0;10.033716276;53.620069957
2;2018;4;13;6;3;0;7;0;0;0;0;1;0;0;0;9.95660949;53.609780519
2;2018;4;8;3;3;2;6;0;0;1;0;0;0;1;0;10.117047824;53.661670299
2;2018;4;11;4;3;3;7;0;0;1;0;1;0;0;0;9.981148459;53.42101855
2;2018;4;17;2;3;8;7;0;0;1;0;0;0;0;0;10.107540357;53.547494599
2;2018;4;12;3;3;6;2;0;1;1;1;0;0;0;0;9.998681741;53.675144444
2;2018;4;11;2;3;3;2;0;1;1;0;0;0;0;0;9.943133633;53.565309568
2;2018;4;23;7;3;3;6;2;0;1;0;1;0;0;0;10.152431066;53.600502753
2;2018;4;16;6;3;3;6;0;0;1;0;0;0;0;0;10.069267586;53.55946647
2;2018;4;16;3;2;3;2;0;1;0;0;0;0;1;0;10.031727665;53.5663338
2;2018;4;14;3;2;0;1;0;0;1;1;0;0;0;0;10.084534246;53.659773676
2;2018;4;13;3;3;2;6;0;0;1;0;0;0;0;0;9.898124421;53.592910757
2;2018;4;9;5;3;3;6;0;0;0;0;0;1;1;0;9.984494739;53.43453261
2;2018;4;7;3;3;6;2;0;0;0;1;0;0;1;0;9.874267726;53.604618131
2;2018;4;10;4;3;0;7;0;0;1;0;0;1;0;0;10.090386965;53.618092774
2;2018;4;16;2;3;1;5;0;0;1;0;0;0;0;0;9.995743073;53.567558769
2;2018;4;17;3;3;5;3;0;0;1;0;0;0;0;0;9.953785589;53.553644387
2;2018;4;17;3;3;2;6;0;0;1;0;1;0;0;0;9.977952023;53.577591291
2;2018;4;16;4;3;1;6;0;0;1;0;1;0;0;0;10.0552654;53.555104027
2;2018;4;15;2;3;6;4;0;0;1;1;0;0;0;0;10.124730387;53.655153882
2;2018;4;16;3;3;3;2;0;1;0;0;0;0;0;0;9.990943403;53.560661543
2;2018;4;14;2;3;6;4;0;1;0;1;0;0;0;0;9.994340475;53.550452171
2;2018;4;20;7;3;6;7;0;0;0;1;0;0;1;0;9.797800581;53.561814015
2;2018;4;22;3;3;3;3;2;1;1;0;0;0;0;0;9.990120959;53.554680801
2;2018;4;12;3;3;1;6;0;0;1;0;0;0;1;0;10.017885783;53.556095199
2;2018;4;17;2;3;5;3;0;0;1;0;1;0;0;0;9.94549996;53.456427662
2;2018;4;16;5;3;4;6;0;1;0;0;0;0;0;0;10.11878852;53.584325066
2;2018;4;15;3;3;5;7;0;0;1;0;0;0;0;0;9.922773606;53.591721131
2;2018;4;15;2;3;0;7;0;0;1;0;0;0;1;0;10.083331412;53.536690544
2;2018;4;8;4;3;2;6;0;0;1;0;0;0;0;0;9.891228232;53.574365338
2;2018;4;10;1;3;5;3;0;1;1;0;0;0;0;0;10.106746202;53.614901181
2;2018;4;14;2;3;5;2;0;0;1;0;0;0;1;0;10.084638472;53.550823816
2;2018;4;17;2;3;2;6;0;0;1;0;0;0;1;1;9.979438566;53.555516041
2;2018;4;19;6;3;2;6;0;0;1;0;0;0;0;0;10.102019164;53.549188329
2;2018;4;11;2;3;5;3;0;1;0;0;0;1;0;0;10.139746262;53.584032827
2;2018;4;15;6;2;4;2;0;0;1;0;1;0;0;0;10.018410791;53.614843864
2;2018;4;16;1;3;6;4;0;0;1;1;0;0;0;0;9.874479353;53.479789795
2;2018;4;13;7;3;0;7;0;0;1;0;0;0;1;0;9.99275145;53.553134521
2;2018;4;17;2;3;2;2;0;0;1;0;0;0;0;0;10.139385693;53.58404536
2;2018;4;17;6;3;2;2;0;0;1;0;0;0;0;0;10.069806112;53.574845898
2;2018;4;9;2;3;3;6;0;0;1;0;0;0;1;0;10.125363623;53.570975468
2;2018;4;18;2;3;5;3;0;1;1;0;0;0;0;0;10.059275073;53.573305741
2;2018;4;10;5;3;5;3;0;0;1;0;0;0;1;0;10.088684098;53.646787953
2;2018;4;13;3;3;5;3;0;1;1;0;0;0;0;1;9.956445183;53.642310024
2;2018;4;15;2;2;6;2;0;0;1;1;0;0;0;0;10.111048619;53.653847828
2;2018;4;5;3;3;3;7;2;0;1;0;1;0;0;0;9.98595943;53.456314041
2;2018;4;19;1;3;1;6;0;0;1;0;0;0;0;0;10.080447151;53.560674148
2;2018;4;17;1;3;6;6;0;1;0;1;0;0;0;0;9.915420931;53.546052652
2;2018;4;21;7;3;2;6;2;0;1;0;0;0;0;1;10.008779596;53.587540694
2;2018;4;16;2;3;5;2;0;1;1;0;0;0;0;0;10.007178734;53.616855526
2;2018;4;15;1;3;1;5;0;1;1;0;0;0;0;1;10.019064484;53.563104968
2;2018;4;14;6;3;5;3;0;0;1;0;0;0;0;0;10.052734839;53.550132134
2;2018;4;8;2;3;2;7;0;1;1;0;0;0;0;0;10.119228826;53.537738933
2;2018;4;19;2;3;0;7;0;1;0;0;0;0;0;0;10.012090026;53.5809058
2;2018;4;19;6;3;5;3;0;1;1;0;0;0;0;0;9.917155847;53.560687988
2;2018;4;14;2;2;4;2;0;0;1;0;1;0;0;0;10.035584141;53.601113176
2;2018;4;17;4;3;2;2;0;0;1;0;0;0;1;0;9.78160105;53.537775424
2;2018;4;9;2;3;5;3;0;0;1;0;0;0;0;0;10.021250732;53.486092082
2;2018;4;11;2;3;6;4;0;0;1;1;0;0;0;0;9.899838891;53.610874454
2;2018;4;15;1;3;1;6;0;0;1;0;0;0;0;1;9.875418299;53.58905885
2;2018;4;16;2;3;5;3;0;0;1;0;1;0;0;0;9.846384271;53.563620623
2;2018;4;9;5;2;5;3;0;1;0;0;0;0;0;0;9.925665364;53.551622972
2;2018;4;5;2;3;0;1;0;0;0;0;1;0;0;0;9.805710409;53.523084081
2;2018;4;16;2;3;6;4;0;0;1;1;0;0;0;0;9.870917872;53.584868788
2;2018;4;22;3;3;1;6;2;0;1;0;1;0;0;0;10.055620259;53.591284211
2;2018;4;10;1;3;5;3;0;1;1;0;0;0;0;1;9.987950741;53.58192933
2;2018;4;15;7;3;2;6;0;0;1;0;1;0;0;0;9.892014178;53.462368601
2;2018;4;18;7;3;3;6;1;0;1;0;0;0;0;1;9.995079673;53.558490881
2;2018;4;8;2;3;1;5;0;1;1;0;0;0;0;0;9.909485243;53.55206901
2;2018;4;13;1;2;6;4;0;0;1;1;0;0;0;1;9.979362829;53.544334677
2;2018;4;16;2;3;5;2;0;0;1;0;0;0;0;0;9.917649762;53.548428624
2;2018;4;17;6;3;5;3;0;1;1;0;0;0;0;0;9.953970469;53.55372236
2;2018;4;7;3;3;5;3;0;1;1;0;0;0;0;0;9.918122856;53.552744157
2;2018;4;14;2;3;6;2;0;0;1;1;0;0;0;0;9.966050279;53.562352038
2;2018;4;8;4;3;1;6;0;0;1;0;1;0;0;0;10.183892217;53.490411922
2;2018;4;18;2;3;2;6;0;0;1;0;0;0;0;0;10.140914132;53.570560196
2;2018;4;10;2;3;5;3;0;0;1;0;0;0;0;0;10.000808281;53.55555962
2;2018;4;4;1;3;5;2;2;0;1;0;0;0;0;1;9.983695562;53.557720249
2;2018;4;8;7;3;1;5;0;0;1;0;0;1;0;0;10.05010093;53.646632771
2;2018;4;16;1;3;5;3;0;1;1;0;0;0;0;0;9.880546303;53.481225296
2;2018;4;0;1;3;4;2;2;0;1;0;0;0;0;0;10.124332729;53.588008898
2;2018;4;16;7;3;4;6;0;0;1;0;0;0;0;1;9.903329177;53.512456822
2;2018;4;7;3;3;3;2;0;1;0;0;0;0;1;0;10.067848095;53.667463205
2;2018;4;21;1;3;6;7;2;0;1;1;0;0;0;0;10.101065275;53.579807991
2;2018;4;6;7;2;9;1;0;0;1;0;0;0;1;0;10.077543315;53.535795017
2;2018;4;16;6;3;8;1;0;0;1;0;0;0;0;0;10.013587922;53.432202944
2;2018;4;19;1;3;0;7;0;0;1;0;0;0;0;0;10.062057084;53.60893361
2;2018;4;15;7;3;2;6;0;0;1;0;0;0;0;1;9.988493508;53.448614216
2;2018;4;16;3;3;5;5;0;1;1;0;0;0;0;1;10.030987728;53.555327914
2;2018;4;16;1;3;3;6;0;0;1;0;1;0;0;0;10.017938983;53.600271511
2;2018;4;17;6;3;3;6;0;1;1;0;0;0;0;0;10.01683562;53.550527541
2;2018;4;18;1;3;2;6;0;0;1;0;0;0;0;0;9.823339723;53.578182553
2;2018;4;23;4;3;5;3;2;0;1;0;0;0;0;0;10.092464269;53.595546633
2;2018;4;9;2;3;6;7;0;0;1;1;0;0;0;0;10.013866463;53.574528862