ULAND;UJAHR;UMONAT;USTUNDE;UWOCHENTAG;UKATEGORIE;UART;UTYP1;ULICHTVERH;IstRad;IstPKW;IstFuss;IstKrad;IstGkfz;IstSonstig;STRZUSTAND;XGCSWGS84;YGCSWGS84
2;2018;4;11;1;3;0;3;0;1;1;0;0;0;0;0;9.823713449;53.560537055
2;2018;4;23;7;2;4;2;2;0;1;0;0;0;0;1;10.117990986;53.532351138
2;2018;4;18;7;3;2;6;0;0;1;0;0;0;0;0;9.889960788;53.601742045
2;2018;4;16;1;2;0;1;0;1;0;0;0;0;0;0;9.821288584;53.558119454
2;2018;4;18;1;2;6;4;0;0;1;1;0;0;0;0;9.894096182;53.5589659
2;2018;4;19;1;3;5;7;1;1;1;0;0;0;0;0;9.917723491;53.636417271
2;2018;4;5;5;2;5;3;2;1;0;0;1;0;0;0;10.124829979;53.585926892
2;2018;4;9;3;3;2;6;0;0;1;0;0;0;1;0;9.785870331;53.580877016
2;2018;4;17;1;3;5;2;0;0;1;0;1;0;0;0;9.97046175;53.583284413
2;2018;4;8;4;2;0;7;0;0;0;0;1;0;0;0;9.922414611;53.557699355
2;2018;4;17;5;3;3;6;0;0;1;0;0;0;1;0;10.207828465;53.480552488
2;2018;4;10;1;3;2;6;0;0;1;0;0;0;0;0;9.944891917;53.563059013
2;2018;4;18;4;3;1;5;0;0;1;0;0;0;0;0;10.015258496;53.609604585
2;2018;4;7;2;3;5;3;0;0;1;0;0;0;0;0;9.934306655;53.47677171
2;2018;4;14;1;2;2;3;0;1;1;0;0;0;0;0;9.993614329;53.558763061
2;2018;4;17;7;3;5;7;0;0;1;0;0;0;0;1;10.128090751;53.538869056
2;2018;4;14;6;3;3;2;0;1;1;0;0;0;0;0;9.984755844;53.458653901
2;2018;4;16;1;3;5;2;0;0;1;0;0;0;0;0;9.983754307;53.557779462
2;2018;4;9;6;3;5;2;0;1;1;0;0;0;0;0;10.064238094;53.597323731
2;2018;4;17;1;2;0;4;0;0;1;1;0;0;0;0;10.008475063;53.553343817
2;2018;4;12;6;3;5;3;0;1;1;0;0;0;0;0;10.061144305;53.580944551
2;2018;4;1;1;3;0;7;2;0;0;0;1;0;1;0;10.01002757;53.538085749
2;2018;4;12;5;3;3;6;0;0;1;0;0;0;0;0;10.026706429;53.569171736
2;2018;4;13;3;3;6;4;0;1;0;1;0;0;0;1;9.980669125;53.56947995
2;2018;4;11;7;3;6;3;0;1;0;1;0;0;0;0;9.986489426;53.456920746
2;2018;4;8;3;2;1;6;0;0;1;0;0;0;0;0;10.133085029;53.43091121
2;2018;4;15;7;3;2;2;0;0;1;0;0;0;0;1;10.06874874;53.559521501
2;2018;4;12;1;3;0;7;0;1;0;0;0;0;0;0;9.92540499;53.544733717
2;2018;4;15;7;3;3;7;0;0;1;0;0;0;0;1;9.829905851;53.580503943
2;2018;4;16;7;3;2;6;0;0;1;0;1;0;0;0;10.037320652;53.547231715
2;2018;4;22;7;3;1;7;2;0;1;0;0;0;0;0;10.041983665;53.553826522
2;2018;4;17;7;3;0;6;0;0;1;0;0;0;1;0;10.117126825;53.607226807
2;2018;4;14;6;2;1;5;0;0;1;0;0;0;0;0;9.918155703;53.639818452
2;2018;4;22;1;3;2;6;1;0;1;0;0;0;0;1;10.070764047;53.57193731
2;2018;4;18;7;3;2;6;1;0;1;0;0;0;0;1;10.066550135;53.571933707
2;2018;4;12;7;2;2;2;0;0;1;0;0;0;0;0;10.086021493;53.61799303
2;2018;4;8;6;2;6;4;0;0;0;1;0;1;0;0;10.102748065;53.558259283
2;2018;4;12;7;3;2;6;0;0;1;0;0;0;0;0;10.096311564;53.656103203
2;2018;4;0;6;3;2;6;2;0;1;0;0;0;0;0;10.044556755;53.591160131
2;2018;4;12;7;3;2;6;0;0;1;0;0;0;0;0;10.077001068;53.656515302
2;2018;4;17;5;3;5;2;0;0;1;0;0;0;0;0;9.978628419;53.572338745
2;2018;4;7;2;3;5;2;0;0;1;0;0;0;0;0;9.995896909;53.464605207
2;2018;4;21;7;3;0;7;2;0;0;0;1;0;0;0;10.091303519;53.710366261
2;2018;4;9;3;3;5;3;0;0;1;0;0;1;0;0;9.966619353;53.634825243
2;2018;4;10;7;3;4;2;0;1;1;0;0;0;0;0;9.991404346;53.443229937
2;2018;4;14;7;3;3;6;0;1;0;0;0;0;0;1;10.019220742;53.552963633
2;2018;4;16;7;3;3;6;0;1;1;0;0;0;0;0;10.01205587;53.580948746
2;2018;4;7;3;3;5;3;0;1;1;0;0;0;0;0;10.198787429;53.50839727
2;2018;4;18;7;2;1;7;0;1;1;0;0;0;0;0;10.026088133;53.618610582
2;2018;4;6;6;3;5;3;0;1;1;0;0;0;0;0;9.953910579;53.547078356
2;2018;4;23;7;2;6;4;2;0;1;1;0;0;0;0;10.010592346;53.582595837
2;2018;4;12;4;3;5;3;0;0;1;0;0;0;0;0;10.148122426;53.522208328
2;2018;4;14;2;3;2;6;0;0;1;0;0;0;0;0;10.03909501;53.606674547
2;2018;4;10;7;3;5;3;0;1;1;0;0;0;0;0;9.874257991;53.58137501
2;2018;4;7;4;3;1;6;0;0;1;0;0;0;0;0;9.988346346;53.457209063
2;2018;4;18;2;3;5;3;0;0;1;0;1;0;0;0;10.175214054;53.400165165
2;2018;4;12;7;3;5;3;0;1;1;0;0;0;0;0;9.945669925;53.579518294
2;2018;4;16;7;3;5;3;0;0;1;0;1;0;0;0;10.053320447;53.557322782
2;2018;4;8;6;3;5;2;0;1;1;0;0;0;0;0;10.127998778;53.53886122
2;2018;4;16;7;3;3;6;0;0;1;0;0;0;1;0;9.949185046;53.558892829
2;2018;4;7;3;3;5;3;0;1;1;0;0;0;0;0;10.116676722;53.608508766
2;2018;4;18;7;3;6;4;0;0;1;1;0;0;0;0;9.97712674;53.577786778
2;2018;4;7;5;3;3;2;0;1;1;0;0;0;0;0;9.811324476;53.516402789
2;2018;4;2;7;3;5;2;2;0;1;0;0;0;0;0;9.965627874;53.565390428
2;2018;4;12;4;2;6;4;0;1;0;1;0;0;0;0;10.094668351;53.631351787
2;2018;4;15;2;3;6;4;0;0;1;1;0;0;0;0;9.812424208;53.563346141
2;2018;4;18;7;3;5;3;0;0;1;0;0;0;1;0;9.962418333;53.551200546
2;2018;4;14;2;3;5;3;0;0;1;0;0;0;0;0;9.966686025;53.461094971
2;2018;4;17;7;3;0;6;0;1;1;0;0;0;0;0;10.006194129;53.55118653
2;2018;4;18;7;3;1;1;0;0;1;0;0;1;0;0;9.976373387;53.56297313
2;2018;4;15;6;3;2;6;0;0;1;0;0;0;0;0;10.16015749;53.625288082
2;2018;4;16;7;3;0;7;0;0;1;0;1;0;0;0;9.997342869;53.553389851
2;2018;4;11;6;3;5;3;0;0;1;0;1;0;0;0;9.844018342;53.536631697
2;2018;4;18;7;3;3;2;0;0;1;0;1;0;0;0;10.052667853;53.57221056
2;2018;4;18;6;3;6;4;0;0;1;1;0;0;0;0;9.95983974;53.456768042
2;2018;4;15;6;3;4;6;0;0;1;0;0;0;0;0;10.141589852;53.464188905
2;2018;4;16;6;2;6;4;0;0;0;1;1;0;0;0;10.222214887;53.446042083
2;2018;4;14;5;3;0;7;0;0;1;0;1;0;0;0;10.085040207;53.550243909
2;2018;4;19;3;3;6;7;0;0;1;1;0;0;0;0;10.042169666;53.578926173
2;2018;4;13;6;2;4;7;0;0;1;0;0;1;0;0;10.090816409;53.512701809
2;2018;4;13;4;3;5;3;0;0;1;0;0;0;1;0;10.03305433;53.573801271
2;2018;4;22;1;2;5;3;2;0;1;0;0;0;0;0;10.148276879;53.420093255
2;2018;4;7;6;3;6;4;0;0;0;1;0;1;0;0;10.068787258;53.559481361
2;2018;4;15;6;3;5;3;0;0;1;0;0;0;0;0;10.239118449;53.473634686
2;2018;4;17;6;3;1;6;0;0;1;0;1;0;0;0;10.084134604;53.546942164
2;2018;4;16;6;3;3;2;0;1;1;0;0;0;0;0;10.068588318;53.600850746
2;2018;4;13;6;3;5;3;0;1;1;0;0;0;0;0;10.07609601;53.655450097
2;2018;4;7;5;3;5;3;0;1;1;0;0;0;0;0;9.945934448;53.63932263
2;2018;4;15;2;3;5;3;0;1;1;0;0;0;0;0;9.87911267;53.533284229
2;2018;5;21;5;3;4;2;2;0;1;0;0;0;0;1;10.124900716;53.586133334
2;2018;5;18;5;3;2;6;0;0;1;0;0;0;0;0;10.002251142;53.590844212
2;2018;5;17;3;2;6;4;0;0;1;1;0;0;0;0;10.031637289;53.595968628
2;2018;5;18;5;3;5;3;0;1;1;0;0;0;0;0;10.033209958;53.587222046
2;2018;5;14;3;3;2;6;0;1;1;0;0;0;0;0;9.928395264;53.553952084
2;2018;5;9;2;3;1;5;0;0;1;0;0;0;0;0;9.908425349;53.549324665
2;2018;5;11;5;3;3;6;0;0;1;0;0;0;1;0;10.032174033;53.579779535
2;2018;5;12;1;2;5;3;0;1;1;0;0;0;0;0;10.206956684;53.494958043
2;2018;5;15;5;3;3;6;0;1;0;0;0;0;1;0;10.044064638;53.591635889
2;2018;5;17;1;3;3;6;0;1;0;0;0;0;0;0;9.96893148;53.557343051
2;2018;5;21;7;3;4;7;2;0;1;0;0;0;0;0;10.014126096;53.61906941
2;2018;5;16;5;3;5;3;0;1;0;0;0;0;1;0;9.869184749;53.599615344
2;2018;5;9;5;3;2;6;0;1;1;0;0;0;0;0;9.926711472;53.544475987
2;2018;5;17;4;3;2;6;0;0;1;0;0;0;0;0;10.036658975;53.558434779
2;2018;5;14;5;3;5;3;0;1;1;0;0;0;0;0;9.97919321;53.577592678
2;2018;5;8;2;3;0;6;0;0;1;0;1;0;0;0;9.885990252;53.481376825
2;2018;5;8;5;3;1;5;0;1;1;0;0;0;0;0;9.981658023;53.567735874
2;2018;5;22;3;2;0;5;2;0;1;0;1;0;0;0;10.006141043;53.558195158
2;2018;5;17;2;3;1;7;0;0;1;0;0;0;0;0;9.976556277;53.55232914
2;2018;5;11;5;3;2;6;0;0;1;0;0;0;0;0;9.995180652;53.570288151
2;2018;5;14;7;3;3;2;0;1;1;0;0;0;0;0;10.044967027;53.590343138
2;2018;5;14;6;2;5;3;0;1;1;0;0;0;0;0;10.098808485;53.589026288
2;2018;5;8;3;3;5;2;0;0;1;0;0;0;0;0;9.953124863;53.546389852
2;2018;5;7;2;3;3;2;0;1;1;0;0;0;0;0;9.917325471;53.548491002
2;2018;5;8;5;3;0;3;0;1;0;0;0;0;1;0;9.999390198;53.550850935
2;2018;5;18;4;3;0;3;0;1;1;0;0;0;0;0;9.85345033;53.535733413
2;2018;5;10;7;3;5;2;0;0;1;0;0;0;1;0;10.062877816;53.560047034
2;2018;5;13;7;3;4;6;0;1;0;0;0;0;0;0;9.975302376;53.577788365
2;2018;5;22;7;3;3;5;2;0;1;0;1;0;0;0;9.974847888;53.579447112
2;2018;5;6;6;3;4;6;0;0;1;0;0;0;0;0;9.812576812;53.523573157
2;2018;5;7;4;3;1;6;0;0;1;0;0;0;1;0;10.01248853;53.521237869
2;2018;5;12;4;3;0;4;0;0;0;1;0;0;1;0;9.887303441;53.620111723
2;2018;5;14;4;3;5;3;0;0;1;0;0;0;0;0;10.209065692;53.484341053
2;2018;5;14;2;3;2;6;0;0;1;0;0;0;0;0;10.086412442;53.568908556
2;2018;5;12;4;2;4;2;0;1;1;0;0;0;0;0;10.059056878;53.48128444
2;2018;5;8;2;2;3;6;0;1;1;0;0;0;0;0;10.20666492;53.489095691
2;2018;5;23;1;2;5;3;2;0;1;0;0;0;0;0;10.061251278;53.554526453
2;2018;5;16;4;3;0;3;0;1;0;0;0;0;1;0;10.08424367;53.554921579
2;2018;5;19;6;2;1;3;0;1;1;0;0;0;0;0;10.057301765;53.569722116
2;2018;5;7;4;3;1;3;0;0;1;0;0;0;0;0;10.069204704;53.559503567
2;2018;5;12;3;3;3;6;0;1;1;0;0;0;0;0;9.994035713;53.469181962
2;2018;5;7;3;3;5;3;0;1;1;0;0;0;0;0;9.921174391;53.597370503
2;2018;5;15;4;3;4;2;0;0;1;0;1;0;0;0;10.100583886;53.549572349
2;2018;5;11;4;3;2;2;0;0;1;0;0;0;0;0;9.988640781;53.572594205
2;2018;5;18;4;3;1;2;0;0;1;0;1;0;0;0;10.038438061;53.552489163
2;2018;5;16;2;3;5;3;0;1;1;0;0;0;0;0;9.87961586;53.58375155
2;2018;5;17;4;3;0;7;0;0;0;0;1;0;0;0;10.073063117;53.576222183
2;2018;5;9;2;3;5;3;0;0;1;0;0;0;0;0;10.101800333;53.574842769
2;2018;5;15;1;3;5;3;0;0;1;0;0;0;0;0;10.05386027;53.572662232
2;2018;5;13;4;3;5;3;0;1;1;0;0;0;0;0;10.068677256;53.571549432
2;2018;5;21;5;3;5;3;1;0;1;0;0;0;0;1;10.205034291;53.496035027
2;2018;5;7;4;3;1;5;0;1;1;0;0;0;0;0;10.081304181;53.634950087
2;2018;5;14;3;3;2;6;0;0;1;0;0;0;0;0;10.076148584;53.61459068
2;2018;5;18;4;3;4;6;0;0;1;0;0;0;1;0;10.017945993;53.617750011
2;2018;5;16;3;3;3;6;0;1;1;0;0;0;0;0;9.918300128;53.55689886
2;2018;5;9;2;3;5;3;0;0;1;0;1;0;0;0;10.015508161;53.562661059
2;2018;5;16;4;3;1;5;0;0;0;0;0;1;1;0;10.032478395;53.645090351
2;2018;5;20;1;2;5;3;0;0;1;0;0;0;0;0;9.982477829;53.510674596
2;2018;5;15;4;3;2;6;0;0;1;0;0;0;1;0;10.052533503;53.579203245
2;2018;5;0;1;3;3;6;2;0;1;0;0;0;0;0;10.043646497;53.59761962
2;2018;5;20;7;3;2;2;0;0;1;0;0;0;0;0;10.071004884;53.605820436
2;2018;5;13;4;3;6;4;0;0;1;1;0;0;0;0;9.902476099;53.608739047
2;2018;5;17;2;3;5;3;0;1;1;0;0;0;0;0;9.993645515;53.577686175
2;2018;5;11;4;3;2;2;0;0;1;0;0;0;0;0;9.907211336;53.567159035
2;2018;5;15;1;3;5;2;0;1;1;0;0;0;0;0;10.077340343;53.616925729
2;2018;5;17;2;3;2;2;0;0;1;0;0;0;0;0;10.019811935;53.653208081
2;2018;5;1;7;2;8;1;2;0;1;0;0;0;0;0;10.168920243;53.51428461
2;2018;5;10;4;3;6;4;0;0;1;1;0;0;0;0;9.887150847;53.601202359
2;2018;5;7;4;3;5;3;0;1;1;0;0;0;0;0;9.919787231;53.560425287
2;2018;5;16;5;3;0;6;0;0;1;0;1;0;0;1;10.095671983;53.578868252
2;2018;5;14;6;3;5;3;0;0;1;0;0;0;0;0;9.967696012;53.440221989
2;2018;5;6;4;3;0;2;0;0;1;0;1;0;0;0;9.889848309;53.546653611
2;2018;5;8;3;3;5;3;0;1;1;0;0;0;0;0;10.037036255;53.565105739
2;2018;5;15;4;2;2;6;0;1;1;0;0;0;0;0;9.972821071;53.601734148
2;2018;5;18;3;3;2;6;0;1;1;0;0;0;0;0;9.988459094;53.581284851
2;2018;5;12;2;3;3;7;0;0;0;0;0;0;1;0;9.970374745;53.58336395
2;2018;5;16;4;3;6;4;0;1;0;1;0;0;0;0;9.943677856;53.551816859
2;2018;5;11;1;3;3;2;0;0;1;0;0;0;0;0;10.01456709;53.545849929
2;2018;5;7;4;3;3;6;0;1;0;0;0;0;1;0;9.959796634;53.549472673
2;2018;5;11;7;3;2;6;0;1;0;0;0;0;0;0;10.203733834;53.402484928
2;2018;5;21;7;3;0;5;1;0;1;0;1;0;0;0;9.988747425;53.552659494
2;2018;5;18;7;3;5;3;0;0;1;0;0;0;0;0;10.033511632;53.573618416
2;2018;5;13;6;3;1;7;0;0;1;0;0;0;0;0;9.984358445;53.459291048
2;2018;5;10;4;3;4;2;0;0;1;0;1;0;0;0;9.975382903;53.5604178
2;2018;5;17;4;3;1;5;0;0;1;0;0;0;0;0;10.029110442;53.57281327
2;2018;5;11;4;3;6;4;0;0;1;1;0;0;0;0;10.00948788;53.552655717
2;2018;5;5;3;2;7;1;1;0;1;0;0;0;0;0;9.963411406;53.453916252
2;2018;5;22;7;3;1;5;2;1;1;0;0;0;0;0;9.962357874;53.579595145
2;2018;5;23;3;3;5;3;2;0;1;0;0;0;0;0;10.069263907;53.559509994
2;2018;5;16;4;3;1;6;0;0;1;0;0;0;0;0;10.203362702;53.498015055
2;2018;5;19;3;3;3;6;0;0;1;0;0;1;0;1;10.041930515;53.560579192
2;2018;5;18;3;2;0;7;0;0;1;0;0;0;0;0;9.988626226;53.572094162
2;2018;5;18;3;3;3;6;0;0;1;0;0;0;0;1;10.040311143;53.552577371
2;2018;5;13;3;3;4;2;0;0;1;0;0;0;0;0;9.983759026;53.55778083
2;2018;5;14;2;3;0;4;0;0;0;1;0;0;1;0;9.981128141;53.566898912
2;2018;5;19;3;3;9;7;0;0;1;0;0;0;0;1;10.105213365;53.570445553
2;2018;5;17;3;3;2;6;0;0;1;0;0;0;0;1;10.015666869;53.635936891
2;2018;5;13;7;3;1;5;0;1;1;0;0;0;0;0;10.021121519;53.661545391
2;2018;5;16;7;3;0;7;0;1;0;1;0;0;0;0;10.005292827;53.553012586
2;2018;5;16;7;3;0;7;0;1;0;0;0;0;0;0;9.972203468;53.54750813
2;2018;5;11;3;3;1;5;0;0;1;0;0;0;0;1;10.013577123;53.595653283
2;2018;5;21;4;3;0;7;2;0;1;0;0;0;0;0;9.852402576;53.569234186
2;2018;5;2;3;3;3;6;2;0;1;0;0;0;0;0;10.043724419;53.581777837
2;2018;5;9;2;3;3;5;0;0;1;0;0;0;1;0;10.073834807;53.610871456
2;2018;5;15;3;3;0;3;0;0;1;0;1;0;0;1;9.957091764;53.569199779
2;2018;5;8;2;3;2;6;0;0;1;0;0;0;0;0;10.082171468;53.557357153
2;2018;5;13;1;3;2;6;0;0;1;0;0;0;0;0;10.006715658;53.633004134
2;2018;5;15;3;3;4;2;0;0;1;0;0;0;0;1;9.965893716;53.565532219
2;2018;5;14;2;3;1;5;0;0;1;0;0;1;1;0;9.989248243;53.448121474
2;2018;5;3;3;2;6;4;2;0;0;1;0;0;1;0;9.963542039;53.558219417
2;2018;5;18;2;3;2;2;0;0;1;0;0;0;0;0;9.956954994;53.450706535
2;2018;5;15;1;3;5;3;0;1;1;0;0;0;0;0;9.966709222;53.449975899
2;2018;5;0;3;3;6;4;2;0;0;1;0;0;1;0;9.978216405;53.544059796
2;2018;5;11;6;3;2;6;0;0;1;0;0;0;0;0;10.019817546;53.646144664
2;2018;4;12;2;3;5;3;0;1;1;0;0;0;0;1;9.982828511;53.457483531
2;2018;5;10;4;3;6;7;0;0;0;1;0;0;1;0;9.978184073;53.544808175
2;2018;5;15;3;3;5;3;0;1;1;0;0;0;0;0;9.911000796;53.602379803
2;2018;4;17;2;2;6;4;0;0;1;1;0;0;0;0;9.990576737;53.441214643
2;2018;5;15;2;3;5;3;0;1;0;0;0;0;1;0;9.957637688;53.588727053
2;2018;4;22;2;3;2;6;2;0;1;0;0;0;0;0;9.99153035;53.501485176
2;2018;5;10;2;2;0;6;0;0;1;0;1;0;0;0;10.067576629;53.608880739
2;2018;5;19;1;3;5;3;0;1;1;0;0;0;0;0;9.963625699;53.599780486
2;2018;5;0;6;3;5;3;2;0;1;0;0;0;0;0;10.041667545;53.55101264
2;2018;5;15;7;3;5;2;0;1;1;0;0;0;0;0;9.873772091;53.58694658
2;2018;4;18;2;3;4;2;0;0;1;0;1;0;0;0;9.993351118;53.515858727
2;2018;4;19;2;3;5;3;0;1;1;0;0;0;0;0;10.149704665;53.529729811
2;2018;5;14;5;3;4;2;0;0;1;0;1;0;0;1;10.100608544;53.549602786
2;2018;4;13;2;3;2;6;0;0;1;0;0;1;0;1;10.099227542;53.538596701
2;2018;5;16;6;3;5;3;0;1;1;0;0;0;0;0;9.874492424;53.587628867
2;2018;4;19;2;2;3;6;0;0;1;0;0;0;0;0;10.102074888;53.540029137
2;2018;5;18;3;3;0;7;0;0;0;0;1;1;0;0;10.098802052;53.535969372
2;2018;4;9;2;3;5;3;0;0;1;0;0;0;0;0;10.053178832;53.533043278
2;2018;5;8;3;3;1;6;0;0;1;0;1;0;0;0;9.900714963;53.557032836
2;2018;4;8;2;3;0;1;0;0;0;0;1;0;0;1;10.025011525;53.553600501
2;2018;5;3;2;3;4;2;2;0;1;0;0;0;0;0;9.989321071;53.558297555
2;2018;4;11;2;3;1;5;0;1;0;0;0;1;0;0;10.034867841;53.533647996
2;2018;5;20;1;3;1;5;0;1;1;0;0;0;0;0;10.014394489;53.590079303
2;2018;5;9;2;3;3;6;0;1;1;0;0;0;0;0;10.004641547;53.587802027
2;2018;5;19;7;3;0;5;0;1;1;0;0;0;0;0;10.059259736;53.549778601
2;2018;5;23;6;3;4;6;2;0;1;0;1;0;0;0;10.134693593;53.637539304
2;2018;4;17;2;3;6;3;0;0;1;1;0;0;0;0;10.124406915;53.57096913
2;2018;4;7;2;3;3;2;0;1;1;0;0;0;0;0;10.06321551;53.581602741
2;2018;5;17;5;3;5;3;0;1;1;0;0;0;0;0;9.861192179;53.591224884
2;2018;5;15;6;2;5;3;0;0;1;0;1;0;0;0;10.1158131;53.48809743
2;2018;4;15;2;3;0;7;0;1;1;0;0;0;0;1;10.076444036;53.615553775
2;2018;5;19;3;1;4;6;0;0;1;0;1;0;1;0;9.914261971;53.546103146
2;2018;4;11;2;3;2;2;0;0;1;0;0;0;1;1;10.03552431;53.634005403
2;2018;5;8;3;3;1;5;0;1;1;0;0;0;0;0;9.96315713;53.560621061
2;2018;5;9;2;3;6;4;0;0;1;1;0;0;0;0;9.933327569;53.566748001
2;2018;4;18;2;3;1;5;0;0;1;1;0;0;0;0;10.019936964;53.570776422
2;2018;5;12;6;3;5;3;0;0;1;0;0;0;0;0;10.123252821;53.568817382
2;2018;4;10;2;3;2;6;0;0;1;0;0;0;1;0;9.902748135;53.556429368
2;2018;5;15;7;3;5;3;0;1;1;0;0;0;0;0;10.133431073;53.530290989
2;2018;5;16;3;3;2;6;0;0;1;0;0;0;0;0;10.028413074;53.675587415
2;2018;4;7;2;3;5;3;0;1;0;0;0;0;0;0;9.939580674;53.577112919
2;2018;5;9;3;3;2;6;0;0;1;0;1;0;0;0;9.936757088;53.547773916
2;2018;5;17;2;3;6;4;0;0;1;1;0;0;0;0;9.873478085;53.547182604
2;2018;4;16;2;3;3;7;0;0;1;0;1;0;0;1;9.982347257;53.585541924
2;2018;5;12;1;2;2;6;0;0;1;0;1;0;0;0;10.287769779;53.427976247
2;2018;4;10;2;3;3;2;0;1;0;0;0;0;1;0;9.966836652;53.566058278
2;2018;5;17;1;3;1;5;0;0;1;0;1;0;0;0;9.952211859;53.582120664
2;2018;5;12;7;3;4;2;0;1;1;0;0;0;0;0;10.076077931;53.663561451
2;2018;5;14;6;3;1;6;0;0;1;0;0;0;1;0;10.018168017;53.649472585
2;2018;4;19;1;3;5;3;0;1;1;0;0;0;0;0;10.103941593;53.553448999
2;2018;4;15;1;3;4;3;0;0;1;0;0;0;0;0;10.149357916;53.620190218
2;2018;5;11;4;3;2;2;0;0;1;0;0;0;0;0;10.052303455;53.555303221
2;2018;4;9;1;3;2;6;0;0;1;0;0;0;0;0;10.108023123;53.655651351
2;2018;5;10;3;3;3;7;0;0;1;0;0;0;0;0;10.021112646;53.553086322
2;2018;4;9;1;3;5;3;0;0;1;0;0;0;0;0;10.157976653;53.6487553
2;2018;5;11;3;2;9;1;0;0;0;0;1;0;0;0;10.003886481;53.544135845
2;2018;5;19;2;3;1;6;0;1;1;0;0;0;0;0;9.985254698;53.541556123
2;2018;4;21;1;3;0;7;2;0;0;0;1;0;0;0;10.120131897;53.682697435
2;2018;5;9;6;3;5;3;0;0;1;0;1;0;0;0;9.94186738;53.599035842
2;2018;4;1;1;3;5;3;2;0;1;0;0;0;0;0;9.919543109;53.59020388
2;2018;5;18;7;3;0;7;0;0;1;0;0;0;0;0;10.049768137;53.591471997
2;2018;5;13;6;3;5;3;0;1;1;0;0;0;0;0;10.027414272;53.533827977
2;2018;5;8;6;3;6;7;0;1;0;1;0;0;0;0;9.862530061;53.575904862
2;2018;4;19;1;3;4;2;0;0;1;0;0;0;0;0;9.823501355;53.560576598
2;2018;5;8;4;3;4;2;0;1;1;0;0;0;0;0;9.946960857;53.590512371
2;2018;5;15;7;3;6;2;0;0;0;1;0;0;1;0;9.921668836;53.632032127
2;2018;4;19;1;3;6;4;0;0;1;1;0;0;0;0;9.877857891;53.586802874
2;2018;5;13;4;3;6;4;0;0;0;1;0;0;1;0;9.93740449;53.576661355
2;2018;4;14;1;3;0;7;0;1;1;0;0;0;0;0;9.902530418;53.566120024
2;2018;5;16;2;3;1;5;0;1;1;0;0;0;1;0;10.078455689;53.588993665
2;2018;4;13;1;3;5;3;0;0;1;0;0;0;0;0;9.87696948;53.60068189
2;2018;5;11;2;3;3;6;0;1;1;0;0;0;0;0;10.214696263;53.494902639
2;2018;5;16;1;3;5;3;0;0;1;0;0;0;0;0;10.092679304;53.546595751
2;2018;5;13;6;2;5;3;0;1;1;0;0;0;0;0;9.846456878;53.560007091
2;2018;4;5;1;3;1;5;0;0;1;0;0;1;0;0;9.918171331;53.639789433
2;2018;5;16;6;3;3;2;0;0;1;0;0;0;0;0;10.05270425;53.572233505
2;2018;4;15;1;3;3;6;0;0;1;0;1;0;0;0;9.948593015;53.562040081
2;2018;5;18;3;2;6;3;0;0;1;1;0;0;0;0;9.853501235;53.473553379
2;2018;5;17;3;3;3;2;0;1;1;0;0;0;0;0;9.93632207;53.592544382
2;2018;4;0;1;3;5;3;2;0;1;0;0;0;0;0;9.954848239;53.548603376
2;2018;5;8;2;1;3;2;0;1;0;0;0;1;0;0;9.961456077;53.573849666
2;2018;4;1;1;3;2;6;2;0;1;0;0;0;0;0;9.980005244;53.55603304
2;2018;5;0;1;3;1;7;2;1;1;0;0;0;0;0;10.137420647;53.632509148
2;2018;5;13;2;3;5;3;0;1;1;0;0;0;0;0;10.002578989;53.672139835
2;2018;4;18;7;2;8;7;0;0;1;0;0;0;0;0;9.781657304;53.518263735
2;2018;5;17;2;3;8;2;0;0;1;0;0;0;1;0;9.918895173;53.574423356
2;2018;4;12;7;3;2;2;0;0;1;0;0;0;0;0;10.01962964;53.489746868
2;2018;5;12;2;3;2;6;0;0;1;0;0;1;0;0;10.07877183;53.588474648
2;2018;5;15;1;3;0;6;0;0;0;0;1;0;1;1;10.022472724;53.600291791
2;2018;5;13;6;3;2;6;0;0;1;0;0;0;0;0;9.898176476;53.592905642
2;2018;4;12;7;3;6;4;0;0;1;1;0;0;0;0;10.13049887;53.496357045
2;2018;5;14;6;3;5;7;0;1;1;0;0;0;0;0;9.963513668;53.563119112
2;2018;4;10;7;3;5;3;0;0;1;0;0;0;0;0;10.146115315;53.54945654
2;2018;5;11;3;3;2;6;0;0;1;0;0;0;0;0;10.092875444;53.587749701
2;2018;4;0;7;3;1;5;2;0;1;0;0;0;0;0;10.021592644;53.550125589
2;2018;5;9;3;3;1;6;0;0;1;0;1;0;0;0;9.981506726;53.585429748
2;2018;5;17;2;3;2;6;0;0;1;0;0;0;0;0;10.041108991;53.579810449
2;2018;4;13;7;3;2;6;0;0;1;0;0;0;0;0;10.032818779;53.557553426
2;2018;5;13;1;3;4;2;0;0;1;0;1;0;0;0;9.810515917;53.528791511
2;2018;4;16;7;2;5;7;0;1;1;0;0;0;0;0;10.167640165;53.649276462
2;2018;5;12;1;3;5;3;0;0;1;0;0;0;0;0;10.055970278;53.591443079