ULAND;UJAHR;UMONAT;USTUNDE;UWOCHENTAG;UKATEGORIE;UART;UTYP1;ULICHTVERH;IstRad;IstPKW;IstFuss;IstKrad;IstGkfz;IstSonstig;STRZUSTAND;XGCSWGS84;YGCSWGS84
2;2018;8;18;7;3;3;6;0;0;1;0;0;0;0;0;9.876357575;53.588706442
2;2018;8;14;3;3;0;7;0;0;0;0;0;0;1;0;10.141309225;53.538877661
2;2018;7;18;2;3;4;2;0;0;1;0;0;0;0;0;10.105780698;53.548027705
2;2018;8;17;5;3;4;6;0;1;0;0;0;0;0;0;10.083277345;53.544474793
2;2018;8;17;2;3;5;3;0;0;1;0;0;0;1;0;9.945546669;53.556981539
2;2018;7;17;2;3;4;2;0;0;1;0;0;0;0;0;10.127327653;53.538730027
2;2018;8;20;6;3;2;6;1;1;1;0;1;0;0;0;9.962436787;53.561925868
2;2018;8;17;2;3;5;3;0;1;1;0;0;0;0;0;10.007436222;53.616189444
2;2018;7;16;2;3;0;7;0;0;0;0;1;0;0;0;10.0903701;53.587236049
2;2018;8;16;4;3;1;6;0;0;1;0;0;0;0;0;10.046310733;53.578945183
2;2018;8;9;7;3;5;3;0;1;1;0;0;0;0;0;9.924096643;53.644065469
2;2018;8;7;4;3;5;2;0;1;1;0;0;0;0;0;10.0404613;53.60331769
2;2018;8;15;6;3;5;2;0;0;1;0;0;0;0;0;10.006174379;53.585992744
2;2018;7;20;3;3;5;2;0;0;1;0;0;0;1;0;9.972462155;53.553606279
2;2018;7;6;3;3;1;5;0;0;0;0;0;0;1;0;10.027106469;53.590991585
2;2018;7;11;2;2;6;4;0;0;1;1;0;0;0;0;10.067726783;53.609447109
2;2018;8;16;2;3;5;2;0;1;1;0;0;0;0;0;10.021303324;53.49481196
2;2018;8;21;5;2;6;4;2;0;1;1;0;0;0;0;9.898290181;53.555161686
2;2018;7;14;2;3;0;7;0;1;1;0;0;0;0;0;10.000497395;53.590091102
2;2018;7;20;6;3;1;6;0;0;1;0;0;0;0;0;10.06941423;53.579957563
2;2018;8;6;6;2;5;3;0;0;0;0;1;0;1;0;10.080832967;53.516487152
2;2018;8;18;3;3;2;6;0;0;1;0;0;0;0;0;10.072398705;53.64127271
2;2018;7;12;2;3;0;5;0;1;1;0;0;0;0;0;10.045569525;53.593605589
2;2018;8;16;6;3;6;7;0;0;0;1;0;0;1;0;9.968053001;53.545791461
2;2018;8;22;2;3;4;2;2;1;1;0;0;0;0;0;9.936520996;53.582137582
2;2018;8;13;5;3;0;2;0;0;1;0;0;0;0;0;10.006403633;53.605554461
2;2018;8;22;1;3;0;4;2;0;0;1;0;0;1;0;10.00699799;53.497534505
2;2018;7;19;3;3;5;7;0;0;1;0;0;0;0;0;10.029187518;53.564114307
2;2018;7;12;2;3;5;3;0;0;1;0;0;0;1;0;10.04321224;53.568441358
2;2018;8;18;3;3;5;3;0;0;1;0;0;0;1;0;10.111205865;53.53108381
2;2018;8;23;6;3;6;4;2;0;1;1;0;0;0;0;10.006242028;53.635490591
2;2018;7;17;2;3;5;3;0;1;1;0;0;0;0;0;10.077618283;53.579410222
2;2018;7;21;3;3;2;2;1;1;1;0;0;0;0;0;9.905927637;53.606918222
2;2018;7;18;2;3;0;7;0;1;0;1;0;0;0;0;10.058052867;53.569917322
2;2018;8;8;2;3;5;3;0;1;0;0;0;0;1;0;9.881336228;53.583154809
2;2018;8;15;3;3;4;2;0;1;1;0;0;0;0;0;9.936477742;53.572914871
2;2018;8;16;4;3;4;2;0;1;1;0;0;0;0;0;10.063504902;53.55419506
2;2018;7;8;2;3;5;2;0;1;1;0;0;0;0;0;9.903436636;53.568681947
2;2018;8;13;4;3;6;7;0;1;0;0;0;0;1;0;9.93883002;53.606644729
2;2018;8;22;6;3;1;5;2;1;1;0;0;0;1;0;10.203796066;53.512456129
2;2018;7;17;2;3;5;3;0;1;1;0;0;0;0;0;9.982312511;53.514657996
2;2018;7;8;2;3;5;3;0;1;1;0;0;0;0;0;9.870530147;53.59282708
2;2018;8;16;2;3;2;6;0;0;1;0;0;0;0;0;10.080560619;53.641399888
2;2018;8;12;5;3;1;5;0;1;1;0;0;0;0;0;9.995432221;53.548903929
2;2018;7;9;2;3;3;6;0;1;0;0;0;0;0;0;9.948400896;53.595026418
2;2018;8;14;6;3;6;7;0;0;1;1;0;0;0;0;10.006832721;53.631761374
2;2018;8;10;3;3;2;6;0;0;1;0;0;0;1;0;10.026462322;53.569732369
2;2018;7;12;2;3;4;2;0;0;1;1;0;0;0;0;10.015904853;53.555232961
2;2018;8;18;5;3;2;6;0;1;1;0;0;0;0;0;10.106682498;53.537939084
2;2018;8;19;1;3;1;5;0;1;1;0;0;0;0;0;9.784216819;53.523251296
2;2018;8;8;5;3;1;7;0;0;0;0;1;0;1;0;9.891610017;53.573290938
2;2018;8;0;1;3;5;3;2;0;1;0;0;0;0;0;10.006599593;53.550117671
2;2018;7;15;1;2;9;1;0;0;0;0;1;0;0;0;10.18013558;53.479919725
2;2018;8;16;3;3;2;6;0;0;1;0;0;0;0;0;10.061499065;53.595433607
2;2018;8;13;6;3;5;3;0;1;1;0;0;0;0;0;9.919047382;53.635817488
2;2018;7;17;2;3;6;4;0;1;0;1;0;0;0;0;9.98753956;53.550374983
2;2018;7;12;1;2;5;3;0;0;1;0;1;0;0;0;10.094583166;53.529738322
2;2018;8;5;1;3;8;7;1;0;1;0;0;0;0;0;10.25115954;53.42554378
2;2018;8;17;3;2;1;6;0;0;1;0;0;0;0;0;9.983882571;53.557816635
2;2018;8;8;4;3;5;2;0;1;1;0;0;0;0;0;10.021580905;53.607777572
2;2018;7;14;1;3;9;1;0;0;1;0;0;0;0;0;10.049815823;53.55968093
2;2018;8;12;6;1;6;4;0;0;1;1;0;0;0;0;9.892791062;53.573730737
2;2018;8;20;2;2;5;3;0;1;1;0;0;0;0;1;10.155626781;53.488127128
2;2018;7;4;1;3;5;3;2;1;1;0;0;0;0;0;10.160912939;53.596678736
2;2018;8;7;4;2;5;3;0;1;1;0;0;0;0;0;9.862543152;53.539451805
2;2018;8;12;7;3;9;1;0;0;0;0;0;0;1;0;10.000372826;53.463344394
2;2018;7;16;1;3;6;4;0;0;1;1;0;0;0;0;10.110256078;53.653477838
2;2018;8;9;6;2;5;2;0;1;1;0;0;0;0;0;10.024435185;53.565354881
2;2018;8;16;3;3;2;6;0;0;1;0;0;0;0;0;10.007217617;53.540357136
2;2018;8;18;2;3;5;3;0;1;0;0;1;0;0;0;10.024499867;53.565504704
2;2018;7;17;1;1;6;4;0;0;1;1;0;0;0;0;10.012965388;53.643126175
2;2018;8;8;5;3;5;3;0;1;1;0;0;0;0;0;9.936557225;53.598158041
2;2018;8;13;1;3;0;5;0;0;1;0;1;0;0;0;10.104043519;53.586824082
2;2018;8;10;5;3;5;2;0;1;0;0;0;1;0;0;9.964376784;53.557054225
2;2018;8;17;7;3;2;6;0;0;1;0;0;0;0;1;10.052410629;53.635219504
2;2018;7;13;1;3;1;5;0;1;1;0;0;0;0;0;9.993897174;53.600219523
2;2018;8;18;3;3;2;6;0;0;1;0;0;0;0;0;10.022613661;53.611786005
2;2018;8;19;6;3;3;2;1;1;1;0;0;0;0;0;9.999429421;53.573285869
2;2018;7;11;1;3;5;3;0;0;1;0;0;0;1;0;10.050273878;53.572968975
2;2018;7;15;1;3;5;3;0;0;1;0;0;0;0;0;10.024988898;53.600418065
2;2018;8;5;1;3;5;3;0;1;1;0;0;0;0;0;9.982654378;53.54421393
2;2018;8;10;2;3;0;7;0;1;0;0;0;0;0;1;10.176967576;53.405731189
2;2018;8;13;4;3;2;6;0;1;1;0;0;0;0;0;9.947368538;53.577984474
2;2018;7;10;1;3;5;2;0;0;1;0;1;0;0;0;9.853029938;53.593228748
2;2018;8;16;6;3;3;2;0;1;0;0;0;0;1;0;9.977611858;53.571375911
2;2018;8;5;2;3;3;2;0;0;1;0;1;0;0;0;10.094805491;53.571926464
2;2018;7;18;1;3;5;3;0;1;1;0;0;0;0;0;9.979445458;53.555938588
2;2018;8;13;4;3;2;6;0;0;1;0;0;0;0;0;10.086060316;53.577522747
2;2018;8;18;7;2;0;7;0;0;0;0;1;0;0;0;10.090538243;53.637851745
2;2018;8;16;4;3;5;3;0;0;1;0;1;0;0;0;10.063555475;53.554187488
2;2018;8;17;6;3;0;7;0;0;1;0;0;0;0;0;10.083772715;53.537748314
2;2018;8;0;4;3;3;6;2;1;0;0;0;0;0;0;10.004291847;53.580559757
2;2018;7;15;7;3;8;7;0;0;0;0;1;0;0;0;9.879846413;53.477939726
2;2018;8;10;3;3;0;6;0;0;1;0;0;0;1;0;9.97934048;53.464945636
2;2018;8;18;5;3;4;2;0;1;1;0;0;0;0;0;10.015334077;53.591906675
2;2018;8;11;4;3;5;3;0;1;1;0;0;0;0;0;9.992684655;53.481372355
2;2018;8;17;7;3;6;7;0;0;1;1;0;0;0;0;9.99012068;53.563889517
2;2018;7;13;7;3;1;5;0;0;1;0;1;0;0;0;9.869352313;53.522668921
2;2018;8;7;3;3;6;7;0;1;0;1;0;0;0;0;9.979230512;53.597314946
2;2018;8;10;5;3;6;2;0;0;1;1;0;0;0;0;10.127010744;53.574993191
2;2018;7;19;7;3;0;7;0;0;0;0;1;0;0;1;10.17664276;53.512700087
2;2018;7;14;7;3;4;2;0;1;1;0;0;0;0;0;10.084702032;53.553323701
2;2018;8;15;7;2;5;3;0;1;1;0;0;0;0;0;10.154992842;53.665007152
2;2018;8;7;2;3;2;6;0;1;1;0;0;0;0;0;10.082683723;53.635028601
2;2018;8;8;3;3;4;6;0;0;1;0;0;0;0;0;9.888336266;53.469292724
2;2018;7;3;7;2;7;1;1;0;1;0;0;0;0;0;10.117162975;53.649784943
2;2018;8;14;6;3;5;3;0;1;1;0;0;0;0;0;10.008532951;53.550446368
2;2018;8;18;2;3;0;6;0;0;1;0;0;0;1;0;9.899212518;53.556016746
2;2018;7;18;7;3;1;6;0;1;1;0;0;0;0;0;9.745657413;53.571408187
2;2018;8;12;4;3;5;3;0;0;1;0;0;0;0;0;10.061379079;53.58891587
2;2018;8;18;6;3;3;6;0;0;1;0;0;0;1;0;9.91781582;53.515379711
2;2018;7;7;3;3;3;2;0;1;1;0;0;0;0;0;10.018267122;53.55252805
2;2018;7;17;6;3;2;6;0;0;1;0;0;0;1;0;9.988596591;53.457246725
2;2018;8;15;2;3;5;3;0;1;1;0;0;0;0;0;10.206736486;53.478240893
2;2018;8;23;5;3;5;3;2;1;0;0;0;0;0;0;9.974238706;53.569305825
2;2018;7;16;6;2;8;1;0;0;0;0;0;0;1;0;10.108188633;53.500207364
2;2018;7;12;6;3;1;6;0;0;1;0;0;0;0;0;10.071824769;53.597306835
2;2018;8;23;6;2;9;1;2;0;1;0;0;0;0;0;10.042037645;53.555474278
2;2018;8;14;3;3;2;6;0;0;1;0;0;0;1;1;10.015657415;53.633553324
2;2018;8;21;6;3;0;1;2;0;0;0;1;0;0;0;10.006592485;53.548080807
2;2018;8;15;2;3;1;5;0;1;1;0;0;0;0;0;9.946618547;53.561138085
2;2018;9;17;4;3;2;6;0;0;1;0;0;0;0;0;10.018971179;53.614617834
2;2018;9;16;2;3;5;3;0;1;1;0;0;0;0;0;9.794175447;53.515090554
2;2018;8;7;4;3;5;3;0;1;1;0;0;0;0;0;10.014127217;53.556292735
2;2018;9;8;3;3;6;6;0;1;0;1;0;0;0;0;10.005877251;53.583009881
2;2018;9;7;7;3;5;2;0;0;1;0;0;0;0;0;10.086435561;53.660051987
2;2018;8;20;3;3;3;7;1;0;1;0;0;0;0;0;9.986450995;53.508596837
2;2018;9;22;5;3;3;6;2;0;1;0;0;0;0;0;10.102652094;53.579235254
2;2018;8;19;3;2;5;3;0;1;1;0;0;0;0;0;10.273407779;53.427527353
2;2018;9;16;2;3;5;2;0;1;0;0;0;0;0;0;9.966854093;53.601693828
2;2018;9;10;5;3;1;7;0;0;1;0;0;0;0;0;10.121537469;53.539140012
2;2018;9;5;5;3;5;3;1;0;1;0;0;0;0;0;10.069247986;53.580164305
2;2018;9;11;4;3;1;6;0;0;1;0;0;0;0;1;9.953891442;53.56924806
2;2018;8;7;3;3;0;1;0;0;0;0;1;0;0;0;10.211195363;53.46350576
2;2018;9;13;7;3;1;7;0;1;1;0;0;0;0;0;9.927251878;53.554712956
2;2018;8;14;6;3;3;6;0;0;1;0;1;0;0;0;10.032079674;53.566508341
2;2018;9;8;4;3;3;6;0;0;1;0;0;0;1;0;9.872468994;53.591627244
2;2018;9;17;2;3;5;3;0;0;1;0;0;0;0;0;9.858472771;53.570932704
2;2018;8;16;3;3;2;2;0;0;1;0;0;0;0;0;10.194272682;53.502689395
2;2018;8;18;3;3;5;3;0;0;1;0;0;0;0;0;10.11129222;53.531068024
2;2018;9;8;3;3;6;3;0;1;0;1;0;0;0;0;10.014184482;53.554437029
2;2018;9;18;6;3;6;3;0;0;1;1;0;0;0;0;10.107389669;53.541916781
2;2018;8;17;3;3;3;2;0;0;0;0;1;1;0;0;10.067074953;53.535397496
2;2018;9;18;5;3;2;6;0;1;1;0;0;0;0;0;9.93443148;53.555676606
2;2018;8;8;3;3;6;3;0;1;0;1;0;0;0;0;10.013880869;53.548538211
2;2018;9;20;1;3;1;5;1;0;1;0;0;0;0;0;10.106238291;53.546530943
2;2018;9;18;7;3;2;6;0;0;1;0;0;0;0;0;9.971316242;53.60199027
2;2018;8;14;3;2;3;7;0;0;1;0;0;0;0;0;10.062491184;53.601455394
2;2018;9;8;5;3;2;6;0;0;1;0;0;0;0;0;10.024365883;53.56517544
2;2018;8;7;3;3;0;6;0;1;0;0;0;0;0;0;10.089958357;53.600984943
2;2018;9;22;2;3;0;3;2;1;0;0;1;0;0;0;9.972733629;53.547608258
2;2018;8;17;5;3;6;4;0;0;1;1;0;0;0;1;10.125571335;53.586387765
2;2018;8;18;5;3;0;7;0;0;1;0;1;0;0;0;10.092357266;53.653297027
2;2018;9;16;5;3;2;6;0;0;1;0;0;0;0;0;10.013926547;53.593938234
2;2018;9;13;3;3;5;3;0;1;0;0;0;1;0;0;10.013280233;53.521306638
2;2018;8;16;3;3;5;2;0;1;1;0;0;0;0;0;10.009630431;53.6495112
2;2018;8;13;6;3;1;7;0;1;1;0;0;0;0;0;9.981839954;53.573967518
2;2018;9;19;4;3;3;2;1;1;1;0;0;0;0;0;9.936073554;53.555697186
2;2018;9;11;1;3;5;3;0;1;1;0;0;0;0;0;10.162953224;53.624121363
2;2018;8;14;3;3;1;7;0;1;1;0;0;0;0;0;10.000167663;53.614822072
2;2018;8;15;3;2;5;3;0;1;1;0;0;0;0;0;10.028045694;53.5884831
2;2018;9;13;6;3;3;6;0;0;1;0;1;0;0;0;10.086687166;53.554858533
2;2018;8;19;3;3;0;2;0;1;1;0;0;0;0;0;10.024787346;53.600430238
2;2018;9;7;2;3;5;3;0;1;1;0;0;0;0;0;10.191637811;53.495932028
2;2018;9;13;6;3;0;6;0;0;1;0;1;0;0;0;10.126655193;53.589400142
2;2018;8;12;3;3;5;3;0;1;1;0;0;0;0;0;9.915688116;53.589494976
2;2018;9;8;5;3;4;2;0;1;1;0;0;0;0;0;9.967514186;53.548455498
2;2018;8;16;3;3;5;2;0;1;1;0;0;0;0;0;9.98765243;53.590939208
2;2018;9;0;1;3;0;7;2;1;0;0;0;0;0;0;9.946226592;53.591651039
2;2018;9;19;4;3;0;2;0;0;0;0;0;0;1;0;10.086744266;53.552123609
2;2018;9;13;3;3;6;4;0;1;0;1;0;0;0;0;10.014080838;53.619128607
2;2018;8;8;3;3;2;2;0;0;0;0;0;0;1;0;9.956417605;53.582695362
2;2018;9;7;3;3;5;3;0;0;1;0;0;0;0;0;10.11812111;53.538092549
2;2018;9;18;7;3;5;3;0;0;1;0;0;0;0;0;10.14132407;53.583981024
2;2018;8;18;3;3;0;6;0;1;1;0;0;0;0;0;9.946313223;53.561993545
2;2018;9;20;5;3;5;3;2;1;1;0;0;0;0;0;9.949413199;53.558452347
2;2018;9;13;3;3;3;7;0;0;1;0;0;0;0;0;10.141618273;53.59811525
2;2018;8;18;3;3;5;3;0;0;1;0;1;0;0;0;9.939343754;53.55374261
2;2018;9;9;3;3;5;2;0;1;1;0;0;0;0;0;9.995214636;53.452971858
2;2018;9;19;1;3;4;6;0;1;1;0;0;0;0;0;9.961654715;53.568448682
2;2018;8;16;3;3;5;3;0;1;1;0;0;0;0;0;9.91996478;53.558958121
2;2018;9;13;6;3;8;7;0;1;0;0;0;0;0;0;10.159307817;53.602118601
2;2018;8;7;2;3;5;3;0;0;1;0;0;0;0;0;10.106361524;53.546569058
2;2018;9;15;2;3;5;2;0;1;1;0;0;0;0;0;10.10283252;53.578807719
2;2018;9;18;6;2;0;7;0;0;0;0;1;0;0;1;10.008393068;53.667909026
2;2018;8;11;2;3;3;6;0;0;1;0;0;0;1;0;10.071128856;53.55918456
2;2018;9;7;4;2;5;3;1;1;1;0;0;0;0;1;10.074878052;53.554900487
2;2018;8;17;2;3;1;6;0;1;1;0;0;0;0;0;10.056969079;53.563882287
2;2018;9;11;7;3;2;6;0;0;1;0;0;0;0;0;10.175479782;53.512864367
2;2018;9;17;4;2;3;6;0;0;0;0;0;0;1;0;10.095468179;53.578829799
2;2018;9;15;3;3;5;3;0;1;1;0;0;0;0;0;9.970410906;53.580234734
2;2018;8;18;2;3;5;2;0;1;1;0;0;0;0;0;10.117267483;53.607176959
2;2018;9;12;3;3;6;2;0;0;0;1;0;0;1;0;10.095038665;53.639335689
2;2018;9;13;7;3;1;6;0;0;1;0;0;0;0;0;10.0758317;53.575012004
2;2018;8;14;2;3;2;6;0;0;1;0;0;0;0;1;10.08813576;53.575082933
2;2018;9;7;5;3;4;2;0;1;1;0;0;0;0;0;9.97653742;53.456815453
2;2018;8;17;2;3;2;6;0;0;1;0;0;0;0;0;10.062112919;53.580951745
2;2018;9;8;2;3;5;3;0;1;1;0;0;0;0;0;9.887352957;53.56314668
2;2018;9;7;5;3;2;6;0;0;1;0;0;0;0;0;9.793747674;53.533946795
2;2018;9;10;5;3;4;2;0;0;1;0;0;0;0;0;10.119879564;53.606300347
2;2018;9;13;6;2;0;2;0;1;1;0;0;0;0;0;10.025940951;53.669541153
2;2018;8;12;2;3;5;3;0;1;1;0;0;0;0;0;10.096070072;53.652539487
2;2018;9;17;2;3;5;3;0;0;1;0;0;0;1;0;10.025237876;53.604217663
2;2018;9;18;6;3;1;6;0;1;0;0;0;0;1;0;9.901018643;53.556402655
2;2018;8;10;2;3;1;7;0;1;1;0;0;0;0;0;10.022681003;53.629608091
2;2018;9;23;4;3;8;1;2;0;1;0;0;0;0;0;10.072009832;53.588295323
2;2018;8;18;2;3;2;6;0;0;1;0;1;0;0;0;10.033324246;53.588468539
2;2018;9;5;7;3;2;6;2;1;1;0;0;0;0;0;10.04279594;53.632165181
2;2018;8;15;6;3;2;6;0;0;1;0;0;0;1;0;9.996275091;53.499422639
2;2018;8;13;5;3;0;1;0;0;0;0;1;0;0;1;10.012695981;53.645950772
2;2018;9;19;4;3;3;2;0;1;1;0;0;0;0;0;10.024975848;53.568835715
2;2018;9;0;2;3;8;6;2;0;1;0;0;0;0;0;10.116567329;53.583848896
2;2018;8;7;2;3;5;3;0;1;1;0;0;0;0;1;10.032551169;53.57286821
2;2018;9;15;3;3;5;3;0;1;1;0;0;0;0;0;9.889319425;53.60822526
2;2018;9;5;7;3;6;7;2;0;0;1;0;0;1;0;9.892832154;53.60334262
2;2018;8;11;2;3;1;5;0;1;1;0;0;0;0;0;10.028106439;53.580394313
2;2018;9;7;5;3;2;7;0;1;1;0;0;0;0;0;10.089574604;53.634314144
2;2018;8;8;2;3;0;6;0;1;1;0;0;0;0;1;9.760368227;53.575341472
2;2018;9;17;2;3;4;2;0;0;1;0;0;0;0;0;9.983702003;53.557764304
2;2018;8;19;5;3;2;6;0;0;1;0;0;0;0;1;10.124709065;53.571108592
2;2018;8;5;5;3;6;4;2;1;0;1;0;0;0;1;10.018168186;53.675668272
2;2018;9;10;5;2;5;3;0;1;1;0;0;0;0;0;10.012276122;53.612306699
2;2018;9;15;4;3;2;6;0;0;1;0;0;0;0;1;9.947710538;53.560998241
2;2018;8;14;2;3;5;3;0;0;1;0;0;0;0;1;9.961134412;53.583565056
2;2018;9;19;7;3;5;3;0;1;1;0;0;0;0;0;9.953796337;53.54709886
2;2018;8;14;6;3;3;2;0;1;1;0;0;0;0;0;9.876169114;53.588340277
2;2018;9;14;4;3;5;3;0;1;1;0;0;0;0;0;9.995948386;53.588465489
2;2018;9;8;2;3;3;2;0;1;1;0;0;0;0;0;9.962848362;53.564489779
2;2018;8;8;2;3;5;3;0;1;0;0;0;0;1;0;9.95435389;53.569527669
2;2018;8;7;5;3;5;3;0;1;0;0;0;0;1;1;10.099315523;53.538513798
2;2018;9;13;4;3;1;5;0;1;1;0;0;0;0;1;9.832317345;53.56025178
2;2018;8;23;2;3;4;2;2;0;1;0;0;0;0;0;9.927987624;53.558736011
2;2018;9;6;7;3;1;5;1;0;1;0;0;0;0;0;9.850288356;53.578622167
2;2018;8;15;6;3;6;4;0;0;1;1;0;0;0;0;10.060873592;53.570445184
2;2018;9;21;4;3;2;2;2;0;1;0;1;0;0;0;9.833639263;53.555879138
2;2018;9;11;2;3;4;2;0;1;1;0;0;0;0;0;10.066538196;53.597755115
2;2018;8;16;2;3;0;4;0;0;0;1;1;0;0;1;9.962954893;53.560852803
2;2018;8;16;2;3;2;6;0;0;1;0;1;0;0;1;9.958937821;53.563252554
2;2018;9;19;3;3;3;2;0;1;1;0;0;0;0;0;9.978104426;53.566677934
2;2018;9;21;6;3;5;3;2;1;1;0;0;0;0;0;9.85792249;53.476728107
2;2018;8;10;2;3;5;3;0;0;1;0;1;0;0;1;9.983508792;53.55310248
2;2018;9;13;5;3;2;2;0;1;1;0;0;0;0;0;9.87372331;53.559751238
2;2018;8;11;1;3;0;4;0;0;1;1;0;0;0;0;9.956587598;53.464053758
2;2018;9;2;2;2;5;3;2;1;0;0;0;0;1;0;10.01291789;53.549846261
2;2018;8;7;5;3;5;3;0;1;1;0;0;0;0;1;10.108921834;53.622525686
2;2018;9;22;5;3;3;2;2;1;1;0;0;0;0;0;10.01915253;53.565061556
2;2018;9;17;3;3;5;3;0;0;1;0;1;0;0;0;10.021363007;53.544746748
2;2018;8;14;1;3;6;7;0;1;0;1;0;0;0;0;10.042762055;53.539812387
2;2018;8;13;5;3;6;4;0;0;1;1;0;0;0;0;9.878845393;53.477827009
2;2018;9;4;4;3;8;1;2;0;0;0;1;0;0;0;10.013292362;53.553835194
2;2018;9;4;1;3;0;6;2;0;0;1;0;0;1;0;10.030875046;53.613368559
2;2018;8;12;1;2;6;4;0;0;1;1;0;0;0;0;10.175071507;53.615136654
2;2018;9;15;6;3;2;6;0;0;1;0;0;0;0;0;10.12261097;53.567577115
2;2018;8;21;1;2;8;1;2;0;0;1;1;0;0;0;10.103796296;53.65322929
2;2018;9;14;2;3;4;2;0;0;1;0;0;0;0;0;10.147226477;53.543860581
2;2018;9;15;6;3;2;6;0;0;1;0;0;0;0;1;10.046335954;53.63328954
2;2018;8;18;1;3;6;6;0;1;0;1;0;0;0;0;9.858960955;53.57651326
2;2018;9;17;4;2;0;4;0;0;0;1;0;0;1;0;9.779101643;53.522543545
2;2018;8;12;1;3;1;5;0;1;1;0;0;0;0;0;9.787339662;53.568000313
2;2018;8;16;1;3;0;6;0;0;1;0;0;0;1;0;9.949044637;53.582372783
2;2018;9;10;6;3;3;6;0;0;1;0;0;1;0;0;9.992332871;53.500484811
2;2018;8;13;1;3;3;2;0;1;1;0;0;0;0;0;9.918326201;53.553777858
2;2018;9;14;2;3;2;6;0;0;1;0;1;0;0;0;9.877246213;53.533415435
2;2018;9;22;6;3;6;7;2;0;1;1;0;0;0;0;10.109739741;53.592305132
2;2018;8;3;7;3;3;6;2;1;1;0;0;0;0;0;10.233092167;53.438150541
2;2018;9;15;5;3;6;4;0;0;1;1;0;0;0;0;9.986814909;53.582459611
2;2018;8;4;7;2;4;6;2;0;1;0;0;0;0;1;10.101000911;53.557712979
2;2018;9;16;1;3;0;7;0;0;0;0;1;0;0;0;10.16381889;53.620944013
2;2018;9;12;5;3;3;7;0;0;1;0;0;0;0;0;9.985873612;53.563496382
2;2018;9;21;3;3;4;6;2;0;1;0;0;0;0;0;10.118280614;53.585033275
2;2018;8;17;7;3;2;6;0;0;1;0;0;0;0;0;10.153867039;53.614610155
2;2018;9;22;3;3;9;7;2;0;1;0;0;0;0;0;10.122101915;53.482789553
2;2018;9;11;7;3;5;3;0;0;1;0;1;0;0;0;10.285518778;53.427568396
2;2018;8;7;7;3;5;3;0;0;1;0;0;0;0;0;10.122939335;53.570998988
2;2018;9;11;6;3;5;3;0;1;1;0;0;0;0;0;10.070117038;53.603797625
2;2018;8;12;7;3;2;3;0;0;1;0;0;0;0;1;10.151213568;53.61357556
2;2018;9;6;2;3;4;6;0;0;1;0;0;0;0;0;10.122289374;53.585225307
2;2018;9;15;6;3;3;7;0;0;1;0;1;0;0;1;10.025232463;53.561339607
2;2018;8;19;7;3;5;3;1;0;1;0;0;0;0;0;10.075544109;53.580765993
2;2018;8;15;5;3;4;2;0;0;1;0;0;0;0;0;9.953787936;53.56059409
2;2018;8;8;5;3;2;6;0;0;1;0;0;0;1;1;10.03201969;53.538775449
2;2018;9;19;4;2;5;3;1;1;0;0;0;0;1;1;10.140794294;53.623172641
2;2018;8;22;7;3;5;3;2;0;1;0;0;0;0;0;10.060619082;53.570524398
2;2018;9;3;7;2;0;5;2;0;1;0;0;1;0;0;10.160824434;53.594110621
2;2018;9;8;4;3;5;3;0;1;1;0;0;0;0;0;10.023635229;53.62634111
2;2018;9;21;3;3;3;2;2;1;1;0;0;0;0;0;10.000969214;53.555744282
2;2018;8;13;7;3;5;3;0;0;1;0;0;0;0;1;10.038468393;53.608356982
2;2018;9;16;1;3;2;6;0;0;1;0;1;0;0;0;9.971901121;53.54544954
2;2018;9;18;4;3;4;6;0;1;0;0;0;0;0;0;10.117403655;53.607128699
2;2018;9;16;3;3;4;2;0;1;1;0;0;0;0;0;10.055691592;53.59156006
2;2018;8;12;7;3;6;2;0;0;1;1;0;0;0;1;10.089593852;53.607379186
2;2018;9;17;3;3;1;6;0;0;1;0;0;0;0;0;10.154596051;53.598910351
2;2018;9;11;7;3;6;4;0;0;1;1;0;0;0;0;10.142491157;53.595341312
2;2018;8;13;7;3;1;7;0;0;1;0;0;0;1;1;10.162957585;53.649460423
2;2018;9;6;5;3;3;2;1;1;1;0;0;0;0;0;9.911206136;53.499394212
2;2018;8;13;7;3;8;1;0;0;1;1;0;0;0;1;10.026890936;53.569753636
2;2018;9;10;2;3;6;4;0;0;1;1;0;0;0;0;10.057735914;53.569834707
2;2018;9;12;6;3;5;3;0;0;1;0;0;0;0;0;9.938120757;53.5502805
2;2018;8;22;7;1;8;1;2;0;1;0;0;0;0;1;9.83344526;53.579107437
2;2018;8;17;4;3;1;5;0;1;1;0;0;0;0;0;9.863411811;53.472348645
2;2018;9;9;5;3;1;6;0;0;1;0;0;0;0;0;10.107788462;53.564612499
2;2018;9;11;4;3;5;3;0;1;1;0;0;0;0;1;10.017021615;53.615813072
2;2018;8;8;7;3;5;2;0;1;1;0;0;0;0;0;9.866174586;53.568404643