ULAND;UJAHR;UMONAT;USTUNDE;UWOCHENTAG;UKATEGORIE;UART;UTYP1;ULICHTVERH;IstRad;IstPKW;IstFuss;IstKrad;IstGkfz;IstSonstig;STRZUSTAND;XGCSWGS84;YGCSWGS84
2;2018;9;17;7;3;2;6;0;0;1;0;1;0;0;0;10.052036507;53.593192409
2;2018;8;15;6;2;6;2;0;0;0;1;0;1;0;0;10.127337291;53.538711744
2;2018;8;10;5;3;6;4;0;0;0;1;0;0;1;1;10.030249764;53.586351043
2;2018;9;7;4;2;6;4;0;0;1;1;0;0;0;0;10.045759786;53.57761054
2;2018;9;18;2;3;5;2;0;1;1;0;0;0;0;0;10.0584328;53.580412708
2;2018;8;12;7;3;4;6;0;0;1;0;0;0;0;1;9.98809355;53.595273553
2;2018;8;12;7;3;1;7;0;1;1;0;0;0;0;1;9.953899485;53.601592043
2;2018;9;18;3;3;3;6;0;1;0;0;0;0;0;0;9.874829879;53.587828878
2;2018;9;18;7;3;2;6;0;0;1;0;0;0;0;0;9.955152936;53.622663928
2;2018;8;13;7;3;4;2;0;0;1;0;0;0;0;1;9.9601835;53.563767604
2;2018;8;11;4;3;2;7;0;0;0;0;1;0;1;0;9.992352346;53.447584277
2;2018;9;17;5;2;5;3;0;1;0;0;0;0;1;0;10.030135502;53.677487059
2;2018;8;17;7;3;2;6;0;0;1;0;0;0;0;1;9.954697121;53.548383446
2;2018;9;10;2;3;5;3;0;0;1;0;0;0;0;0;10.006209091;53.548129137
2;2018;9;15;3;3;1;7;0;1;1;0;0;0;0;0;9.996712299;53.593419154
2;2018;9;17;7;3;5;3;0;0;0;0;1;0;1;0;10.071753326;53.597407414
2;2018;8;17;7;3;6;7;0;0;1;1;0;0;0;0;9.988470355;53.555502203
2;2018;9;9;5;3;4;2;0;0;1;0;0;0;0;0;10.089927485;53.554103147
2;2018;8;13;7;3;0;7;0;0;0;0;1;0;0;1;10.003718941;53.524056425
2;2018;9;14;2;3;6;7;0;0;1;1;0;0;0;0;9.953923133;53.622393061
2;2018;9;17;5;3;0;3;0;1;0;0;0;0;1;0;10.056068301;53.47581813
2;2018;8;8;4;3;6;7;0;0;1;1;0;0;0;0;10.08562295;53.553643722
2;2018;9;9;5;3;5;3;0;0;1;0;0;1;0;0;10.151085251;53.613577045
2;2018;9;12;4;3;2;2;0;0;0;0;1;0;1;0;9.955124369;53.605623541
2;2018;8;19;6;2;2;6;0;0;0;0;1;0;0;0;9.911397013;53.509920295
2;2018;9;10;7;3;3;6;0;1;0;0;0;0;0;0;9.947335808;53.582382009
2;2018;8;7;6;3;3;2;0;1;1;0;0;0;0;0;10.013057449;53.639824962
2;2018;9;17;4;3;3;7;0;0;1;0;1;0;0;0;9.925774756;53.572576243
2;2018;9;9;2;3;3;2;0;1;1;0;0;0;0;0;10.045891454;53.564025149
2;2018;8;6;6;3;5;3;0;0;1;0;0;0;1;0;9.965567034;53.463372954
2;2018;8;11;6;3;6;4;0;0;1;1;0;0;0;0;9.986056579;53.505623782
2;2018;9;10;3;3;5;2;0;1;1;0;0;0;0;0;9.988212863;53.556862972
2;2018;9;14;6;3;5;3;0;0;1;0;0;0;0;0;9.987541858;53.517389053
2;2018;8;8;6;3;5;2;0;0;0;0;0;1;1;0;10.098316904;53.518458994
2;2018;8;15;4;3;3;6;0;0;1;0;0;0;0;0;10.07805999;53.532261227
2;2018;9;19;5;3;3;6;0;0;1;0;0;0;0;0;9.971260614;53.598659161
2;2018;8;12;6;3;2;6;0;0;1;0;0;0;0;0;10.087839323;53.554879862
2;2018;9;17;1;3;0;7;0;0;0;0;1;0;0;0;10.083195862;53.47011371
2;2018;8;9;4;2;6;3;0;1;0;1;0;0;0;0;10.090041098;53.544739225
2;2018;9;16;5;3;8;1;0;0;1;0;0;0;0;0;9.955478682;53.605580735
2;2018;9;12;3;3;3;2;0;0;1;0;0;0;1;0;10.124493178;53.58808315
2;2018;8;14;6;3;0;3;0;0;1;0;1;0;0;0;10.021548595;53.549593144
2;2018;8;14;5;3;0;1;0;0;0;0;1;0;0;1;9.968446637;53.42503151
2;2018;9;16;5;3;6;4;0;0;1;1;0;0;0;0;10.000003821;53.592625361
2;2018;9;13;3;3;5;3;0;0;1;0;0;1;0;0;10.042627084;53.521896547
2;2018;8;23;6;3;9;7;2;0;0;0;1;0;0;0;10.008166606;53.548038508
2;2018;8;13;6;3;5;3;0;1;1;0;0;0;0;0;9.952290201;53.55988976
2;2018;9;17;4;3;3;6;0;1;1;0;0;0;0;0;9.932879579;53.54654476
2;2018;9;17;1;3;0;7;0;0;1;0;0;0;0;0;10.191517715;53.503748344
2;2018;8;20;6;3;5;3;0;1;1;0;0;0;0;0;10.149718778;53.586413692
2;2018;8;17;6;3;2;6;0;0;1;0;0;0;1;0;10.106342841;53.606107834
2;2018;9;14;6;3;0;6;0;0;0;0;1;1;0;0;10.082168781;53.555363615
2;2018;8;18;6;3;6;7;0;0;1;1;0;0;0;1;10.056197684;53.598269507
2;2018;9;18;2;2;5;3;0;0;1;0;0;0;0;0;10.178492352;53.512350432
2;2018;9;15;6;3;6;2;0;0;1;1;0;0;0;1;10.108029683;53.612018299
2;2018;8;17;6;3;2;2;0;0;1;0;0;0;0;0;10.062481828;53.654006523
2;2018;8;6;4;3;0;7;0;1;0;0;0;0;0;0;10.084007333;53.520629961
2;2018;9;6;5;3;5;3;2;0;1;0;1;0;0;0;9.956396632;53.549827146
2;2018;8;1;6;3;2;6;2;0;1;0;0;0;0;0;9.994310326;53.5975802
2;2018;9;14;1;3;3;6;0;1;1;0;0;0;0;0;10.008755803;53.650608158
2;2018;9;16;4;3;5;3;0;0;1;0;0;0;0;0;10.204161917;53.491819312
2;2018;9;16;3;3;1;6;0;0;1;0;0;0;0;0;10.06184397;53.652305982
2;2018;8;15;6;3;5;2;0;1;1;0;0;0;0;1;10.046724224;53.583107265
2;2018;9;18;3;3;0;3;0;1;1;0;0;0;0;0;10.068781488;53.559551641
2;2018;9;8;7;3;5;3;0;1;1;0;0;0;0;0;10.141146528;53.570540643
2;2018;8;11;6;2;5;3;0;0;1;0;0;0;0;0;10.040435633;53.570220067
2;2018;9;18;6;3;5;3;0;1;1;0;0;0;0;0;10.01377588;53.624453513
2;2018;8;15;6;3;2;6;0;0;1;0;0;0;0;0;10.02544056;53.560481012
2;2018;9;18;2;3;0;7;0;1;1;0;0;0;0;0;10.017714538;53.617688623
2;2018;9;18;6;3;3;2;0;1;0;0;0;0;1;1;9.853815114;53.58393924
2;2018;8;17;6;3;1;1;0;0;1;0;1;0;0;0;9.86529968;53.587547893
2;2018;9;16;3;3;3;6;0;1;1;0;0;0;0;0;9.862598152;53.483909462
2;2018;9;17;1;3;3;7;0;0;1;0;0;0;0;0;9.87694409;53.589096352
2;2018;8;23;6;3;8;7;2;0;1;0;0;0;0;0;9.910789234;53.583782883
2;2018;9;7;6;3;2;6;0;0;1;0;0;0;0;0;10.11829211;53.606833505
2;2018;8;12;6;3;5;3;0;0;0;0;0;1;1;0;9.881372696;53.583162133
2;2018;9;17;2;3;6;4;0;0;1;1;0;0;0;0;10.051576026;53.532472718
2;2018;9;8;6;3;5;2;0;0;1;0;1;0;0;0;10.111535975;53.653266374
2;2018;8;3;6;2;5;3;2;0;1;0;0;0;1;0;9.908195327;53.591598862
2;2018;8;14;4;3;5;3;0;1;1;0;0;0;0;0;10.155108183;53.605692229
2;2018;9;15;4;2;6;4;0;0;1;1;0;0;0;1;9.995069746;53.452930731
2;2018;8;18;6;3;5;3;0;1;0;0;0;0;0;0;9.907039136;53.567228981
2;2018;9;20;1;3;2;6;2;1;1;0;0;0;0;0;10.012164388;53.558085096
2;2018;9;11;4;3;2;6;0;0;1;0;0;0;0;0;10.114735693;53.571025618
2;2018;9;17;3;3;5;3;0;0;1;0;1;0;0;0;9.961600873;53.612565128
2;2018;8;14;6;3;5;3;0;0;1;0;0;1;0;0;9.926589932;53.641658581
2;2018;9;12;3;3;4;6;0;1;0;0;0;0;0;0;10.066577942;53.571942825
2;2018;9;18;7;2;5;3;0;1;1;0;0;0;0;0;10.064509763;53.586507744
2;2018;8;15;6;3;6;6;0;1;0;1;0;0;0;0;9.936087002;53.551545203
2;2018;9;13;5;2;4;2;0;0;1;0;0;0;0;0;9.95815056;53.427114103
2;2018;8;14;6;3;3;2;0;1;0;0;0;0;0;0;9.98435311;53.581243532
2;2018;9;10;2;3;6;2;0;0;1;1;0;0;0;0;10.015537413;53.572446781
2;2018;9;18;6;3;3;6;0;1;1;0;0;0;0;0;9.97558271;53.549836895
2;2018;8;18;4;2;0;7;0;1;0;0;0;0;0;0;10.192408481;53.592482114
2;2018;9;23;5;2;2;6;2;0;0;0;1;0;0;0;10.140275555;53.624690749
2;2018;9;14;4;3;2;6;0;0;1;0;0;0;0;1;9.829970486;53.55770602
2;2018;8;17;6;3;6;4;0;0;1;1;0;0;0;0;10.014491298;53.554570842
2;2018;9;21;7;3;5;3;0;0;1;0;0;0;0;0;9.846280107;53.563617989
2;2018;8;16;6;3;5;2;0;0;1;0;0;0;0;0;10.074970999;53.574567943
2;2018;9;15;4;3;5;3;0;1;1;0;0;0;0;0;10.031303967;53.565151023
2;2018;8;12;4;3;2;6;0;0;1;0;0;0;0;0;10.103294587;53.580246639
2;2018;9;17;4;3;3;2;0;0;1;0;0;0;1;0;10.097849165;53.58320097
2;2018;8;15;5;2;5;3;0;1;1;0;0;0;0;0;9.842530615;53.477455178
2;2018;9;6;7;2;1;7;1;0;1;0;0;0;1;0;10.078957285;53.563290463
2;2018;8;17;6;3;0;7;0;0;1;0;0;0;0;0;9.956083787;53.464191301
2;2018;9;18;4;3;2;6;0;0;1;0;0;0;0;0;9.996863825;53.584200291
2;2018;9;7;2;3;5;3;0;0;1;0;0;0;1;0;10.127210486;53.538795259
2;2018;8;16;5;3;2;6;0;0;1;0;0;0;0;0;10.207196874;53.479204075
2;2018;9;18;3;3;5;7;0;0;1;0;1;0;0;0;10.050215323;53.572987042
2;2018;9;13;7;3;5;3;0;1;1;0;0;0;0;0;10.010660448;53.648773463
2;2018;8;15;5;3;2;6;0;0;1;0;1;0;0;0;10.096667827;53.556357174
2;2018;8;19;4;3;5;3;0;0;1;0;0;0;0;0;10.161785632;53.590631554
2;2018;9;19;5;3;2;6;0;0;1;0;0;0;1;0;10.05990196;53.57198689
2;2018;8;12;5;2;2;6;0;0;1;0;0;0;0;0;10.107248711;53.547699204
2;2018;9;11;2;3;5;5;0;1;1;0;0;0;0;0;9.945927087;53.579594399
2;2018;9;10;5;3;5;3;0;1;1;0;0;0;0;0;10.111299007;53.531070421
2;2018;8;10;4;3;2;2;0;1;1;0;0;0;0;0;10.067950852;53.58237813
2;2018;9;12;5;3;5;2;0;1;1;0;0;0;0;0;10.001902213;53.667932317
2;2018;8;2;5;3;8;1;2;0;1;0;0;0;0;0;10.148371455;53.522618466
2;2018;9;17;4;3;3;7;0;0;1;0;0;0;0;0;9.960845789;53.569412934
2;2018;8;13;5;3;0;4;0;0;1;1;0;0;0;0;10.103351805;53.558437048
2;2018;9;11;7;3;1;5;0;0;1;0;0;0;1;0;9.979257833;53.569557909
2;2018;8;7;6;3;0;5;0;1;1;0;0;0;0;0;10.055089237;53.574416146
2;2018;9;20;4;3;0;7;1;0;1;0;1;0;0;0;9.951541942;53.577677916
2;2018;9;14;2;3;1;6;0;0;1;0;0;0;1;0;9.909239138;53.554426293
2;2018;8;8;5;2;3;6;0;0;1;0;1;0;0;0;10.069196724;53.52684896
2;2018;9;16;6;3;1;5;0;1;1;0;0;0;0;0;9.988097762;53.44505231
2;2018;8;9;5;3;5;3;0;1;1;0;0;0;0;0;10.115642849;53.602955555
2;2018;9;17;3;3;2;6;0;1;0;0;0;0;1;0;9.987508119;53.466036799
2;2018;9;18;6;3;4;2;0;1;1;0;0;0;0;0;10.050487808;53.555275052
2;2018;8;14;5;3;2;7;0;1;1;0;0;0;0;0;10.161634895;53.612860262
2;2018;8;9;4;3;5;2;0;1;1;0;0;0;0;0;10.033655501;53.636703997
2;2018;9;7;2;2;5;3;0;1;1;0;0;0;0;0;10.078159592;53.587060154
2;2018;8;7;5;3;5;3;0;1;1;0;0;0;0;0;10.072674797;53.57739435
2;2018;8;8;5;3;5;3;0;1;1;0;0;0;0;0;10.0670374;53.579189261
2;2018;9;8;3;3;5;3;0;1;1;0;0;0;0;0;9.90364609;53.595570098
2;2018;9;13;7;3;4;2;0;1;0;0;0;0;1;0;10.012941054;53.552318365
2;2018;8;8;5;3;3;2;0;1;1;0;0;0;0;0;10.016083402;53.635264008
2;2018;8;16;4;3;3;2;0;1;0;0;0;0;1;0;10.056472465;53.569401388
2;2018;9;16;5;3;2;6;0;0;1;0;1;0;0;0;9.893367988;53.573280999
2;2018;8;16;5;3;2;6;0;0;1;0;0;0;0;0;10.024604801;53.609821848
2;2018;9;16;2;3;4;6;0;1;0;0;0;0;1;0;10.005188449;53.556514171
2;2018;8;14;4;3;2;6;0;0;1;0;0;0;0;0;10.038775474;53.572202739
2;2018;9;8;5;3;1;6;0;0;1;0;0;0;0;0;9.998289707;53.59437878
2;2018;9;20;3;3;4;6;2;1;0;0;0;0;0;0;10.215445691;53.487410242
2;2018;8;14;5;3;1;5;0;1;1;0;0;0;0;0;10.023915801;53.579730163
2;2018;8;18;6;3;2;6;0;0;1;0;0;0;0;0;10.016899719;53.552094224
2;2018;9;9;4;3;4;2;0;1;1;0;0;0;0;0;9.959705631;53.560145848
2;2018;8;8;5;3;0;3;0;0;1;0;1;0;0;1;9.988696426;53.450617851
2;2018;9;17;1;3;1;6;0;0;1;0;0;0;0;0;10.065632994;53.598274851
2;2018;8;8;5;3;3;2;0;0;1;0;1;0;0;0;10.040270971;53.56663892
2;2018;9;13;6;3;4;6;0;1;0;0;0;0;0;0;10.113956717;53.558000773
2;2018;8;21;5;3;5;3;2;1;1;0;0;0;0;0;9.926269435;53.59881306
2;2018;9;17;2;3;2;6;0;0;1;0;0;0;0;0;10.105509499;53.493147808
2;2018;9;14;6;3;0;3;0;0;1;0;0;0;1;0;10.115681206;53.571023179
2;2018;8;14;5;3;1;5;0;1;1;0;0;0;0;0;9.887405057;53.615635788
2;2018;8;10;4;3;2;6;0;1;0;0;0;0;0;0;10.038853877;53.578500582
2;2018;9;12;5;3;2;6;0;0;1;0;0;0;0;0;10.001138814;53.555853652
2;2018;8;17;5;2;0;6;0;1;0;1;0;0;0;0;9.803863136;53.568978441
2;2018;9;13;1;3;3;6;0;0;1;0;0;0;0;0;9.987775951;53.544869992
2;2018;8;16;4;3;5;2;0;1;1;0;0;0;0;0;9.920440943;53.589667832
2;2018;9;10;4;3;1;6;0;0;1;0;0;0;0;0;10.127297396;53.544229702
2;2018;9;8;3;3;5;3;0;1;1;0;0;0;0;1;10.007876232;53.585704044
2;2018;8;18;5;3;2;6;0;0;1;0;0;0;0;0;9.867770507;53.565730279
2;2018;9;13;5;3;5;3;0;0;1;0;1;0;0;0;9.938041253;53.55018913
2;2018;8;12;5;3;1;6;0;0;1;0;0;0;0;0;9.926374723;53.571789967
2;2018;9;10;1;3;1;7;0;1;1;0;0;0;0;0;10.080835044;53.552202776
2;2018;8;10;4;3;2;6;0;0;1;0;0;0;0;0;9.877659291;53.546749272
2;2018;9;7;5;3;3;2;0;1;0;0;0;0;1;0;9.945459153;53.56290827
2;2018;9;11;3;3;4;6;0;0;1;0;0;0;0;0;10.139622519;53.629097068
2;2018;8;3;5;3;1;5;2;1;1;0;0;0;0;0;9.949331121;53.610969546
2;2018;9;15;3;3;2;6;0;0;1;0;0;0;0;0;10.017162834;53.518701951
2;2018;9;15;1;2;2;6;0;0;1;0;1;0;0;0;9.919946118;53.55895967
2;2018;8;16;5;3;0;7;0;1;0;0;0;0;0;0;9.962334162;53.56544203
2;2018;9;23;6;2;6;4;2;0;1;1;0;0;0;0;10.083345521;53.575267519
2;2018;8;1;5;3;0;7;2;1;0;0;0;0;0;0;9.995542135;53.579284475
2;2018;9;8;2;3;3;2;0;1;1;0;0;0;0;0;10.119593388;53.604186655
2;2018;9;9;6;2;5;3;0;0;1;0;1;0;0;0;10.05357419;53.5896074
2;2018;8;19;5;3;1;6;0;1;1;0;0;0;0;0;9.984917786;53.570582902
2;2018;8;19;4;3;1;6;0;1;1;0;0;0;0;0;9.988398476;53.592264854
2;2018;9;11;4;3;0;1;0;0;0;0;1;0;0;1;10.062135472;53.556037058
2;2018;8;14;4;3;2;6;0;0;1;0;0;0;0;0;9.781583682;53.537781844
2;2018;9;15;7;3;3;6;0;0;1;0;0;0;0;0;10.133541725;53.623557451
2;2018;9;16;4;3;3;2;0;1;1;0;0;0;0;0;10.058712849;53.576139044
2;2018;9;11;3;3;3;6;0;0;1;0;0;0;1;0;9.954140896;53.569259448
2;2018;8;19;4;3;2;3;0;1;1;0;0;0;0;0;10.152344859;53.48471881
2;2018;9;17;3;3;5;3;0;1;1;0;0;0;0;0;10.120930407;53.643847658
2;2018;9;6;7;3;1;5;1;0;1;0;0;0;0;0;10.089340997;53.581231831
2;2018;8;8;4;3;5;3;0;0;1;0;0;0;0;0;10.17979967;53.496185169
2;2018;9;7;3;3;6;4;0;0;1;1;0;0;0;0;10.154758527;53.603113754
2;2018;9;17;7;2;5;2;0;0;1;0;0;0;0;0;10.109613683;53.593329493
2;2018;8;15;4;3;5;3;0;1;1;0;0;0;0;0;10.091815202;53.543815435
2;2018;9;22;6;3;5;3;2;0;1;0;0;0;0;0;9.908354882;53.591654712
2;2018;8;14;4;3;5;3;0;1;1;0;0;0;0;0;10.061875792;53.557402439
2;2018;9;13;2;3;0;4;0;1;0;1;0;0;0;0;10.013874883;53.578897863
2;2018;9;14;6;3;3;2;0;1;1;0;0;0;0;1;9.953521866;53.560503252
2;2018;8;10;4;3;2;6;0;0;1;0;0;1;0;0;10.128069489;53.578403486
2;2018;8;18;4;3;6;3;0;1;0;1;0;0;0;0;9.983885417;53.564600198
2;2018;9;15;4;3;5;3;0;0;1;0;1;0;0;1;10.060457138;53.584896289
2;2018;8;19;4;3;2;6;0;1;1;0;0;0;0;0;10.143003313;53.627837869
2;2018;9;4;7;2;4;2;2;0;1;0;1;0;0;0;10.035408999;53.57507373
2;2018;8;20;6;3;0;6;2;0;0;0;0;1;1;0;10.015226251;53.522794505
2;2018;8;9;5;3;5;3;0;1;0;0;0;0;1;1;10.021669732;53.579821953
2;2018;9;16;4;3;5;7;0;0;1;0;1;0;0;0;10.058716988;53.570089745
2;2018;9;9;2;3;2;6;0;0;1;0;0;0;0;0;10.128379444;53.601816232
2;2018;8;22;4;1;6;4;2;0;1;1;0;0;0;0;10.0659652;53.571741919
2;2018;8;16;4;3;2;6;0;0;1;0;0;0;0;0;10.076087298;53.566743615
2;2018;9;15;3;3;3;2;0;0;1;0;0;0;1;0;9.852534888;53.584244281
2;2018;9;14;7;3;3;6;0;1;0;0;0;0;1;0;9.822705882;53.563784188
2;2018;8;7;4;3;6;4;0;1;1;1;0;0;0;0;10.037120881;53.608492201
2;2018;8;9;4;3;3;2;0;1;0;0;0;0;1;0;9.957774471;53.562577228
2;2018;9;8;5;3;5;2;0;1;1;0;0;0;0;0;10.103773277;53.653265728
2;2018;8;14;4;3;5;3;0;1;1;0;0;0;0;0;10.076057484;53.611846904
2;2018;9;17;2;3;3;6;0;1;0;0;0;0;0;0;9.975259556;53.56042049
2;2018;8;17;4;3;3;6;0;0;1;0;1;0;0;0;10.010887815;53.560043463
2;2018;9;9;5;3;4;6;0;1;0;0;0;0;0;0;10.009037956;53.578134393
2;2018;9;14;3;3;0;6;0;0;1;0;0;0;1;0;9.823215117;53.473868187
2;2018;8;15;4;3;5;7;0;0;1;0;0;0;0;0;9.999754075;53.612642874
2;2018;9;16;5;3;2;6;0;0;1;0;1;0;0;0;10.182507773;53.511866557
2;2018;8;17;4;3;5;3;0;1;1;0;0;0;0;0;10.00604864;53.599190992
2;2018;9;18;2;2;6;4;0;0;1;1;0;0;0;0;9.918619678;53.635312989
2;2018;9;6;5;3;5;3;0;1;1;0;0;0;0;0;9.987992256;53.450183684
2;2018;9;16;5;3;1;6;0;0;1;0;0;0;0;0;10.15540619;53.6151799
2;2018;9;7;4;3;2;2;0;0;1;0;0;0;0;1;9.973308548;53.612711238
2;2018;8;17;4;3;6;2;0;0;1;1;0;0;0;0;10.004543529;53.598370735
2;2018;9;12;7;3;2;6;0;0;1;0;0;0;0;0;9.757636745;53.580864161
2;2018;8;5;6;3;4;2;2;0;1;0;0;0;0;0;10.123314272;53.644396551
2;2018;9;15;4;3;5;3;0;0;1;0;0;0;0;0;9.790308568;53.571422172
2;2018;9;18;2;3;5;3;0;1;1;0;0;0;0;0;10.043606908;53.581546233
2;2018;8;8;4;3;1;5;0;0;1;0;0;1;1;0;9.907811139;53.611926117
2;2018;8;12;4;3;4;6;0;0;1;0;0;0;0;0;9.889974563;53.547948573
2;2018;9;13;3;3;4;7;0;0;1;0;1;0;0;0;9.997896895;53.54396103
2;2018;9;17;6;3;0;7;0;0;0;0;1;0;0;0;9.978554382;53.461254477
2;2018;8;15;4;3;1;6;0;0;1;0;1;0;0;0;9.95127875;53.578003802
2;2018;9;16;5;3;5;3;0;0;1;0;1;0;0;0;9.965149259;53.603528125
2;2018;8;5;4;3;6;4;0;0;1;1;0;0;0;0;9.982847486;53.596046203
2;2018;9;18;2;3;6;4;0;0;1;1;0;0;0;0;10.012654602;53.553772617
2;2018;9;16;5;3;6;7;0;1;0;1;0;0;0;0;10.040361624;53.570309348
2;2018;9;8;3;2;6;6;0;1;0;1;0;0;0;0;10.025332956;53.551939783
2;2018;8;15;4;3;0;6;0;1;0;0;0;0;1;0;9.93629856;53.548868129
2;2018;8;16;5;3;6;4;0;0;1;1;0;0;0;0;9.984948751;53.441809517
2;2018;9;7;4;3;0;2;0;1;1;0;0;0;0;0;9.972398699;53.496309018
2;2018;9;19;1;3;8;1;0;0;1;0;0;0;0;0;10.102766601;53.685805619
2;2018;8;17;4;3;3;2;0;1;1;0;0;0;0;0;9.977361254;53.571352236
2;2018;9;7;6;3;5;3;0;1;1;0;0;0;0;0;10.115484377;53.583551395
2;2018;8;23;4;2;4;2;2;0;1;0;1;0;0;0;9.994469672;53.564884117
2;2018;8;9;6;3;4;2;0;1;1;0;0;0;0;0;9.94843849;53.595057864
2;2018;9;9;4;3;3;2;0;1;0;0;0;1;0;0;9.975774479;53.578979684
2;2018;9;15;2;3;5;3;0;1;1;0;0;0;0;0;10.015591621;53.561443025
2;2018;8;23;4;3;3;2;2;1;1;0;0;0;0;0;9.97161232;53.57527335
2;2018;8;12;4;3;3;2;0;1;1;0;0;0;0;0;9.978227267;53.571108503
2;2018;9;12;6;3;1;5;0;1;1;0;0;0;0;0;10.198508211;53.5045939
2;2018;8;21;4;3;6;3;2;1;1;1;0;0;0;0;9.969757832;53.549602859
2;2018;9;20;2;3;3;6;2;1;0;0;1;0;0;0;10.202108885;53.485810688
2;2018;9;17;6;3;2;6;0;0;1;0;0;0;0;1;10.184238759;53.607204204
2;2018;8;7;4;3;3;7;0;1;1;0;0;0;0;0;9.996389861;53.546169832
2;2018;9;19;5;3;4;2;0;1;1;0;0;0;0;0;9.962890336;53.546982063
2;2018;8;12;4;3;4;6;0;1;0;0;0;0;0;0;10.003398354;53.557365252
2;2018;9;17;1;3;0;7;0;1;0;0;0;0;0;0;10.111338957;53.582299437
2;2018;9;4;5;2;6;4;2;0;1;1;0;0;0;0;9.958311766;53.549648986
2;2018;9;14;3;3;3;6;0;0;1;0;1;0;0;0;10.074322894;53.574450187
2;2018;8;14;4;3;1;5;0;1;0;0;0;0;1;0;9.983318499;53.46506998
2;2018;9;19;3;3;5;3;0;1;1;0;0;0;0;0;10.139071047;53.42346797
2;2018;9;18;7;3;5;3;0;0;1;0;0;0;0;0;10.091844881;53.543797928
2;2018;8;12;4;3;3;2;0;1;0;0;0;1;0;0;9.973651814;53.528172887
2;2018;9;20;6;3;5;3;2;0;1;0;1;0;0;1;10.125263834;53.671613387
2;2018;8;12;3;2;8;1;0;0;1;0;0;0;0;0;10.120643508;53.425515119
2;2018;9;10;2;3;4;2;0;1;1;0;0;0;0;0;10.076934956;53.663427356
2;2018;9;8;6;3;0;3;0;1;1;0;0;0;0;1;9.851319854;53.563710254
2;2018;8;10;3;3;5;3;0;1;1;0;0;0;0;0;10.126746835;53.586828325
2;2018;8;7;5;3;2;4;0;0;1;1;0;0;0;1;10.102874484;53.578710837
2;2018;9;6;4;3;5;3;1;1;1;0;0;0;0;1;10.153904374;53.614627151
2;2018;8;15;3;3;2;6;0;0;1;0;1;0;0;0;10.119346839;53.606490116
2;2018;9;14;7;3;5;3;0;0;1;0;1;0;0;0;10.067614206;53.58231071
2;2018;8;19;6;3;0;7;0;0;1;0;0;0;0;0;10.001625673;53.442768484
2;2018;9;8;2;3;5;3;0;0;1;0;0;0;0;0;10.091091266;53.544228842
2;2018;9;10;6;3;1;6;0;0;1;0;0;0;0;0;10.125254003;53.66890734
2;2018;8;6;3;3;2;6;0;0;1;0;0;0;1;0;10.064525985;53.612661827
2;2018;9;23;4;3;8;1;2;0;1;0;0;0;0;0;9.868001369;53.487139993
2;2018;8;4;3;3;5;3;1;1;1;0;0;0;0;0;10.04093548;53.608163892
2;2018;9;11;1;2;6;4;0;0;1;1;0;0;0;0;10.008385081;53.553645657
2;2018;9;17;4;3;5;3;0;1;1;0;0;0;0;0;10.141685507;53.587684986
2;2018;9;17;3;3;5;3;0;1;0;0;0;0;0;0;9.92494175;53.573605148
2;2018;8;14;3;3;5;3;0;1;0;0;0;0;0;0;10.099634117;53.704777502
2;2018;9;15;3;3;1;5;0;1;1;0;0;0;0;0;10.082725196;53.593403528
2;2018;9;20;7;3;5;3;2;0;1;0;0;0;0;0;10.055196353;53.582938094
2;2018;8;7;3;3;6;4;0;0;1;1;0;0;0;0;10.027762337;53.67413009
2;2018;9;18;5;3;1;5;0;0;1;0;1;0;0;0;9.932591288;53.452419331
2;2018;8;17;3;3;5;3;0;0;1;0;0;0;0;0;10.047441529;53.572210207
2;2018;9;7;2;3;4;2;0;1;0;0;0;0;1;0;10.025788971;53.573793598
2;2018;9;9;6;3;5;3;0;1;0;0;0;0;1;0;9.993957945;53.558960144
2;2018;9;16;5;3;3;2;0;1;1;0;0;0;0;0;10.020707219;53.550566765
2;2018;9;12;4;3;0;7;0;1;1;0;0;0;0;0;9.998851784;53.613734504
2;2018;8;17;3;3;5;7;0;0;1;0;0;1;0;0;10.044287951;53.592092399
2;2018;9;21;7;2;6;4;2;0;1;1;0;0;0;0;9.90131977;53.610101579
2;2018;8;9;6;3;2;2;0;0;1;0;0;0;0;0;10.125103786;53.586210379
2;2018;8;15;5;3;5;3;0;1;0;0;0;0;0;1;9.959847748;53.570372207
2;2018;9;5;4;3;4;2;0;0;1;0;0;0;0;0;10.035395591;53.575082031
2;2018;9;12;2;3;1;5;0;1;1;0;0;0;0;0;10.076964451;53.591280465
2;2018;8;14;3;3;2;6;0;0;1;0;0;1;0;0;10.033754701;53.574197534
2;2018;9;9;3;2;3;2;0;0;1;0;1;0;0;0;9.881514446;53.583074469
2;2018;9;16;7;3;3;6;0;0;1;0;0;0;0;1;10.005728646;53.55168397
2;2018;9;14;3;3;2;6;0;0;1;0;0;1;1;0;10.151741072;53.609594988
2;2018;9;19;6;3;6;4;2;0;0;1;0;0;1;0;9.983255899;53.460143936