ULAND;UJAHR;UMONAT;USTUNDE;UWOCHENTAG;UKATEGORIE;UART;UTYP1;ULICHTVERH;IstRad;IstPKW;IstFuss;IstKrad;IstGkfz;IstSonstig;STRZUSTAND;XGCSWGS84;YGCSWGS84
2;2018;9;16;6;3;4;6;0;0;0;0;1;1;0;0;9.94024255;53.43044957
2;2018;9;11;7;3;2;6;0;0;1;0;0;0;0;0;9.94849483;53.57689687
2;2018;9;14;6;3;5;3;0;0;1;0;0;0;0;1;9.992641201;53.456193097
2;2018;9;12;6;3;0;7;0;0;1;0;1;0;0;1;9.96256696;53.465627762
2;2018;9;10;5;3;5;3;0;1;1;0;0;0;0;0;9.946721111;53.565182251
2;2018;9;11;6;3;5;3;0;0;1;0;0;0;0;0;9.987572981;53.517430837
2;2018;9;16;6;3;5;3;0;0;1;0;0;0;0;1;10.17360843;53.444073528
2;2018;9;15;3;3;1;5;0;1;1;0;0;0;0;0;9.903133682;53.552890919
2;2018;9;13;6;3;6;4;0;0;0;1;1;0;0;1;10.056893708;53.563745049
2;2018;9;16;6;3;5;3;0;1;1;0;0;0;0;1;10.122262968;53.609626429
2;2018;9;9;6;3;5;3;0;1;1;0;0;0;0;0;10.078910766;53.563352702
2;2018;9;13;6;2;5;3;0;0;0;0;1;0;1;1;10.055457213;53.582688741
2;2018;9;7;6;2;4;7;0;0;1;0;0;0;1;0;10.040770104;53.534284362
2;2018;9;16;2;3;5;3;0;0;1;0;1;0;0;0;10.079753018;53.612529496
2;2018;9;17;2;3;3;2;0;1;0;0;0;1;0;0;10.018691573;53.614957892
2;2018;9;11;6;3;1;7;0;1;1;0;0;0;0;0;10.082421651;53.621160316
2;2018;9;17;4;3;8;1;0;0;1;0;0;0;0;0;10.088356867;53.562302324
2;2018;9;15;6;3;5;3;0;0;1;0;0;0;0;1;10.129378426;53.672221708
2;2018;9;14;6;3;6;4;0;0;1;1;0;0;0;1;10.006459406;53.632057526
2;2018;9;8;3;3;2;6;0;0;1;0;0;0;0;0;9.934616929;53.476800375
2;2018;9;17;6;3;3;6;0;0;1;0;1;0;0;1;10.045801518;53.58857184
2;2018;9;9;6;3;4;2;0;1;1;0;0;0;0;0;10.04461214;53.58387514
2;2018;9;17;6;3;2;6;0;0;1;0;0;0;0;0;9.97133489;53.582453021
2;2018;9;14;6;3;2;6;0;1;1;0;0;0;0;0;9.892934726;53.603380043
2;2018;9;15;4;3;1;5;0;0;1;0;0;0;1;0;9.912080402;53.554098254
2;2018;9;7;6;2;5;3;0;1;1;0;0;0;0;0;9.858116156;53.598073982
2;2018;9;0;6;3;9;5;2;0;1;0;0;0;0;0;9.939684503;53.639495606
2;2018;9;15;4;3;4;2;0;0;1;0;0;0;1;0;10.043074117;53.607657472
2;2018;9;14;6;3;5;3;0;1;1;0;0;0;0;1;9.942064821;53.599144101
2;2018;9;10;6;3;0;5;0;1;1;0;0;0;0;0;9.957603561;53.601997883
2;2018;9;18;6;3;4;2;0;1;1;0;0;0;0;1;9.917694208;53.553750724
2;2018;9;10;5;3;0;7;0;1;0;0;0;0;1;0;9.900666974;53.473982382
2;2018;9;12;6;3;3;2;0;0;1;0;1;0;0;0;9.93692421;53.552347778
2;2018;9;15;3;2;1;6;0;0;1;0;1;0;0;0;9.816248004;53.513303211
2;2018;9;7;6;3;4;2;0;1;1;0;0;0;0;0;9.918084355;53.556958787
2;2018;9;16;6;3;2;6;0;0;1;0;0;0;0;0;9.965771591;53.561818048
2;2018;9;10;7;3;5;2;0;1;1;0;0;0;0;0;10.050225159;53.573044984
2;2018;9;18;6;3;0;6;0;0;1;0;1;0;1;1;10.005549504;53.550129004
2;2018;9;15;6;3;2;6;0;0;1;0;0;0;0;0;10.015796321;53.555132875
2;2018;9;10;7;3;0;7;0;0;0;0;0;0;1;0;10.055264999;53.531686976
2;2018;9;8;5;2;5;2;0;1;1;0;0;0;0;0;9.854626092;53.468452653
2;2018;9;17;5;3;5;2;0;1;1;0;0;0;0;0;10.059928436;53.659878474
2;2018;9;19;5;3;5;3;1;0;1;0;0;0;0;0;9.987581041;53.517403821
2;2018;9;8;2;2;2;6;0;0;1;0;0;0;0;1;10.032963244;53.590688277
2;2018;9;13;5;2;0;7;0;1;0;0;0;0;0;0;9.98730949;53.493031992
2;2018;9;7;3;3;4;6;0;0;1;0;1;0;0;0;10.084797024;53.631681763
2;2018;9;11;5;2;4;2;0;1;1;0;0;0;0;0;10.080128146;53.501661791
2;2018;9;5;5;3;2;2;2;0;1;0;0;0;0;0;10.141424998;53.600294807
2;2018;9;18;7;3;4;2;0;1;1;0;0;0;0;0;9.947418451;53.558006649
2;2018;9;15;2;3;2;7;0;0;1;0;0;0;1;0;10.110248948;53.653566792
2;2018;9;14;2;3;5;3;0;1;1;0;0;0;0;0;10.055663043;53.591312413
2;2018;9;14;5;3;5;3;0;1;1;0;0;0;0;0;10.164281993;53.605563602
2;2018;9;13;5;2;3;6;0;0;1;0;0;0;0;0;10.069737352;53.579255041
2;2018;9;12;5;3;5;2;0;1;0;0;0;0;1;0;10.00083585;53.544901016
2;2018;9;15;5;3;5;2;0;1;1;0;0;0;0;0;10.057265153;53.579978727
2;2018;9;16;5;3;1;6;0;0;1;0;0;0;0;0;10.080193775;53.608204572
2;2018;9;7;3;2;0;7;1;1;0;0;0;0;0;0;9.979011398;53.555227157
2;2018;9;13;2;3;4;2;0;0;1;0;0;0;1;0;10.070081549;53.571834516
2;2018;9;16;5;2;5;2;0;1;1;0;0;0;0;0;10.141460753;53.675908388
2;2018;9;15;5;3;3;6;0;0;1;0;0;0;0;0;10.053535187;53.584527887
2;2018;9;11;5;3;5;3;0;1;0;0;0;0;1;0;10.097947376;53.650115542
2;2018;9;17;5;2;6;4;0;0;1;1;0;0;0;0;10.013043129;53.636369736
2;2018;9;11;3;3;3;6;0;1;1;0;0;0;0;0;10.050328578;53.572895227
2;2018;9;14;5;3;1;5;0;1;1;0;0;0;0;0;10.006241721;53.588605878
2;2018;9;12;5;3;2;6;0;0;1;0;0;0;0;0;10.042925977;53.567064325
2;2018;9;16;6;3;4;2;0;0;1;0;0;0;0;0;10.068568639;53.580841756
2;2018;9;20;2;3;5;3;2;0;1;0;0;0;0;1;10.004631935;53.584591507
2;2018;9;16;5;3;2;6;0;0;1;0;0;0;0;0;9.931070118;53.592374854
2;2018;9;7;4;3;2;6;0;0;1;1;0;0;0;0;10.106927882;53.59562005
2;2018;9;14;5;3;5;3;0;1;1;0;0;0;0;0;9.865058967;53.557963238
2;2018;9;9;5;3;5;3;0;0;1;0;0;0;0;0;9.840136436;53.564679839
2;2018;9;6;5;3;3;2;0;1;1;0;0;0;0;0;9.874488474;53.587626322
2;2018;9;12;5;3;0;2;0;1;1;0;0;0;0;0;9.953696135;53.619899831
2;2018;9;19;5;3;2;6;1;0;1;0;0;0;1;0;9.924884768;53.546444269
2;2018;9;11;6;3;2;6;0;0;1;0;0;0;0;0;10.055151186;53.591784379
2;2018;9;9;5;3;6;4;0;1;0;1;0;0;0;0;9.937180807;53.552565676
2;2018;9;7;4;3;5;3;0;1;1;0;0;0;0;0;10.094346374;53.638728901
2;2018;9;14;5;3;0;2;0;1;1;0;0;0;0;0;9.999293552;53.574103378
2;2018;9;7;5;3;3;6;0;1;1;0;0;0;0;0;9.973458468;53.572795888
2;2018;9;14;2;2;4;7;0;0;1;0;0;0;1;0;9.90427967;53.568365937
2;2018;9;8;2;2;1;5;0;1;1;0;0;0;0;1;10.140563347;53.572056168
2;2018;9;15;5;3;6;4;0;1;0;1;0;0;0;0;9.989610798;53.554969199
2;2018;9;9;5;3;1;6;0;0;1;0;0;1;0;0;10.03705334;53.541240182
2;2018;9;9;5;3;2;6;0;0;1;0;1;0;0;0;9.968505559;53.546072643
2;2018;9;20;3;3;2;6;2;0;1;0;0;0;0;0;10.12622109;53.589158427
2;2018;9;11;5;2;0;7;0;0;0;0;1;0;0;0;10.008226138;53.554198668
2;2018;9;21;6;3;6;4;2;1;0;1;0;0;0;0;9.962353632;53.556371619
2;2018;9;16;4;2;4;2;0;0;0;0;0;1;1;0;9.901138281;53.511807093
2;2018;9;21;4;3;6;4;2;1;0;1;0;0;0;0;10.015401997;53.554842047
2;2018;9;15;4;2;5;3;0;1;1;0;0;0;0;0;9.952242478;53.448791435
2;2018;9;16;4;3;9;1;0;0;1;0;0;0;0;0;10.098696898;53.478811487
2;2018;9;12;7;3;2;6;0;0;1;0;0;0;0;0;10.12476615;53.571195621
2;2018;9;8;2;2;3;6;0;1;1;0;0;0;0;0;9.950215754;53.57627442
2;2018;9;7;4;3;5;3;0;1;0;0;0;0;1;0;10.20205249;53.487729116
2;2018;9;14;4;3;4;2;0;0;1;0;0;0;0;0;10.239749783;53.475589073
2;2018;9;7;5;3;4;2;0;1;0;0;0;0;1;0;10.002011025;53.668498359
2;2018;9;17;4;2;6;4;0;0;1;1;0;0;0;0;10.088296535;53.553083652
2;2018;9;18;2;3;5;2;1;1;0;0;0;0;1;1;9.917706824;53.599434322
2;2018;9;10;4;3;4;2;0;0;1;0;1;0;1;0;10.080020453;53.556209425
2;2018;9;9;3;3;5;3;0;0;1;0;0;0;0;0;10.184097833;53.657897277
2;2018;9;16;4;3;3;2;0;1;1;0;0;0;0;0;10.116856573;53.607532172
2;2018;9;14;2;3;5;3;0;0;1;0;0;0;1;0;9.91742325;53.548553882
2;2018;9;7;4;3;5;3;0;1;0;0;0;0;0;0;10.111182948;53.582097097
2;2018;9;13;7;3;0;6;0;0;0;0;0;0;1;0;9.979129331;53.555319803
2;2018;9;10;4;2;3;2;0;1;1;0;0;0;0;0;10.164642218;53.628364615
2;2018;9;19;4;3;5;3;1;0;1;0;0;0;0;0;10.083810039;53.602659711
2;2018;9;13;7;3;1;5;0;0;1;0;0;0;0;0;9.94712475;53.632378654
2;2018;9;8;2;3;5;3;0;1;0;0;0;0;0;1;9.985150653;53.551018343
2;2018;9;7;4;3;4;2;0;0;1;0;0;0;0;0;10.168477555;53.647597113
2;2018;9;13;4;3;5;3;0;1;1;0;0;0;0;0;10.004449086;53.618370014
2;2018;9;9;5;3;2;6;0;0;1;0;0;0;0;0;9.950988366;53.625582587
2;2018;9;7;4;3;6;6;0;1;0;1;0;0;0;0;10.024708565;53.620609907
2;2018;9;19;4;3;5;3;1;1;1;0;0;0;0;0;10.018066164;53.562730409
2;2018;9;11;3;3;5;3;0;1;0;0;0;0;0;0;10.032983505;53.573761361
2;2018;9;22;4;2;2;6;2;0;1;0;1;0;0;0;10.025046128;53.563951434
2;2018;9;21;2;3;6;4;2;0;1;1;0;0;0;0;10.005256174;53.552757268
2;2018;9;8;4;3;2;6;0;0;1;0;0;0;0;0;10.039522079;53.579066942
2;2018;9;7;6;3;4;2;0;0;1;0;0;0;0;0;10.067697618;53.582326404
2;2018;9;21;2;2;3;6;2;0;1;0;0;0;0;1;10.009025443;53.552166719
2;2018;9;17;4;3;5;3;0;1;1;0;0;0;0;0;9.888768988;53.61864795
2;2018;9;14;4;3;5;3;0;0;1;0;0;0;0;0;10.080227059;53.610098273
2;2018;9;20;4;3;0;7;2;0;0;0;1;0;1;0;9.879508203;53.592762839
2;2018;9;18;4;3;4;2;0;0;1;0;0;0;0;0;9.85422627;53.598169356
2;2018;9;19;4;3;1;5;1;0;1;0;1;0;0;0;10.205115449;53.495938485
2;2018;9;8;4;3;3;2;0;1;1;0;0;0;0;0;9.926272788;53.571942181
2;2018;9;16;4;3;3;6;0;1;0;0;0;0;0;0;9.96138947;53.574013477
2;2018;9;20;3;2;5;3;2;1;0;0;0;0;1;0;10.013351263;53.552260227
2;2018;9;12;4;3;0;7;0;0;1;1;0;0;0;0;9.994217932;53.606381234
2;2018;9;12;1;3;8;1;0;0;1;0;0;0;0;0;10.019354738;53.479511469
2;2018;9;11;4;3;5;3;0;0;1;0;0;0;0;0;9.994072829;53.606390183
2;2018;9;14;6;3;5;3;0;1;1;0;0;0;0;0;9.981628307;53.585239125
2;2018;9;23;4;3;0;7;2;1;1;0;0;0;0;0;9.960376177;53.563444101
2;2018;9;9;4;3;3;2;0;1;1;0;0;0;0;0;9.888257608;53.576931366
2;2018;9;20;4;3;3;2;2;1;1;0;0;0;0;0;9.986208977;53.549804157
2;2018;9;19;4;3;5;3;0;0;1;0;1;0;0;0;9.993209257;53.552790816
2;2018;9;15;7;3;5;2;0;0;1;0;1;0;0;0;10.088617442;53.51172372
2;2018;9;6;4;3;3;6;0;0;1;0;1;0;0;0;10.001624764;53.555242884
2;2018;9;8;4;3;8;1;0;0;0;0;0;1;0;0;9.993325279;53.525697621
2;2018;9;19;1;3;9;5;2;0;1;0;0;0;0;1;10.080581287;53.560408115
2;2018;9;22;3;2;6;4;2;0;1;1;0;0;0;0;9.978781734;53.460880919
2;2018;9;11;6;3;3;6;0;0;1;0;1;0;0;0;10.003193346;53.55417661
2;2018;9;7;3;3;5;2;0;1;1;0;0;0;0;0;9.991226071;53.454597818
2;2018;9;15;4;3;1;6;0;0;1;0;0;0;0;0;10.005372003;53.557953782
2;2018;9;8;3;3;2;6;0;0;1;0;0;0;0;0;9.981701573;53.424483966
2;2018;9;9;3;3;9;1;0;0;1;0;0;0;0;0;9.961764035;53.439434275
2;2018;9;12;7;3;5;3;0;1;1;0;0;0;0;0;10.159887322;53.656523453
2;2018;9;17;1;3;2;6;1;0;1;0;0;0;0;1;10.025267661;53.602446338
2;2018;9;16;3;3;1;5;0;1;1;0;0;0;0;0;10.215222763;53.484029388
2;2018;9;15;3;3;0;1;0;1;0;0;0;0;0;0;10.16820917;53.516983788
2;2018;9;17;5;3;3;6;0;0;1;0;0;0;0;0;10.033454689;53.573578819
2;2018;9;15;3;3;2;6;0;0;1;0;0;0;0;0;10.107752373;53.548244574
2;2018;9;13;3;2;6;4;0;0;1;1;0;0;0;0;10.10386275;53.539282669
2;2018;9;15;1;3;5;3;0;0;1;0;0;0;0;1;9.906178219;53.601843469
2;2018;9;17;3;3;6;4;0;0;1;1;0;0;0;0;10.029186229;53.547976602
2;2018;9;19;5;3;5;3;1;1;1;0;0;0;0;0;10.062097402;53.610980251
2;2018;9;12;3;3;1;5;0;1;1;0;0;0;0;0;10.053919505;53.560887395
2;2018;9;20;3;3;0;1;1;0;0;0;1;0;0;0;10.137686032;53.608125465
2;2018;9;17;3;3;2;6;0;0;1;0;1;0;0;1;10.134313817;53.637457887
2;2018;9;7;3;3;5;3;0;1;1;0;0;0;0;0;10.163384851;53.596368748
2;2018;9;8;1;3;1;6;0;0;1;0;0;0;0;0;9.947586123;53.581706944
2;2018;9;7;3;3;4;6;0;1;0;0;0;0;0;0;10.115437;53.583502754
2;2018;9;10;7;3;6;7;0;0;1;1;0;0;0;0;9.953983404;53.573496722
2;2018;9;23;7;3;3;7;2;0;1;0;0;0;0;1;10.007550015;53.496560664
2;2018;9;16;3;3;6;4;0;0;1;1;0;0;0;0;10.078896767;53.584195115
2;2018;9;16;2;3;2;6;0;0;1;0;0;0;0;0;10.034586769;53.617290154
2;2018;9;17;3;3;5;3;0;1;1;0;0;0;0;0;10.059444777;53.593875603
2;2018;9;7;5;3;5;3;0;1;1;0;0;0;0;0;9.941770288;53.565438936
2;2018;9;9;3;3;0;3;0;0;1;0;1;0;0;0;10.061669194;53.610788528
2;2018;9;9;3;3;4;2;0;1;1;0;0;0;0;0;10.035378015;53.615239862
2;2018;9;18;3;3;2;2;0;1;1;0;0;0;0;0;9.963207893;53.577505856
2;2018;9;17;3;2;8;1;0;0;1;0;0;0;0;0;10.154476084;53.653421581
2;2018;9;7;7;3;5;3;0;0;0;0;1;0;1;0;10.196233709;53.511977013
2;2018;9;14;3;2;2;6;0;0;1;0;0;0;1;0;10.04293327;53.597156425
2;2018;9;15;3;3;1;6;0;0;1;0;0;0;0;0;10.016512625;53.563373941
2;2018;9;12;7;3;0;6;0;0;1;0;0;0;1;1;10.135648806;53.534167208
2;2018;9;11;3;3;2;7;0;0;1;0;0;0;0;0;10.043363712;53.567126087
2;2018;9;6;6;3;5;3;0;1;1;0;0;0;0;0;10.153901323;53.614625762
2;2018;9;13;7;3;2;6;0;0;1;0;0;0;0;0;10.099245208;53.541020098
2;2018;9;8;3;3;3;2;0;1;0;0;0;0;1;0;10.038643505;53.577289011
2;2018;9;11;4;3;0;7;0;1;0;0;0;0;0;0;10.143800382;53.528100789
2;2018;9;0;3;2;5;3;2;0;1;0;0;0;0;0;10.05124274;53.586643954
2;2018;9;14;3;3;2;7;0;0;1;0;1;0;0;0;9.896020232;53.605426425
2;2018;9;14;2;3;5;3;0;0;1;0;0;0;0;0;9.99015669;53.515574113
2;2018;9;7;3;3;3;6;0;1;1;0;0;0;0;0;9.935876555;53.582444132
2;2018;9;22;7;3;4;6;2;1;0;0;0;0;0;0;10.126958321;53.581904547
2;2018;9;13;3;3;5;3;0;1;1;0;0;0;0;0;9.988455535;53.58973675
2;2018;9;13;6;3;6;7;0;0;1;1;0;0;0;0;9.936197109;53.552459734
2;2018;9;17;7;3;1;6;0;0;1;0;0;0;0;1;10.125707387;53.57098043
2;2018;9;15;3;2;2;6;0;0;1;0;0;0;0;0;9.985589584;53.572607417
2;2018;9;6;2;3;5;3;0;0;1;0;0;0;1;0;9.985216748;53.435784613
2;2018;9;14;6;3;4;6;0;1;0;0;0;0;0;0;10.018199442;53.633985717
2;2018;9;11;7;3;3;6;0;0;1;0;0;0;0;0;10.103405048;53.576198255
2;2018;9;12;2;3;5;3;0;0;1;0;0;0;0;0;9.987574073;53.51748905
2;2018;9;15;4;3;2;6;0;0;1;0;0;0;0;0;10.103482553;53.70385959
2;2018;9;11;2;3;5;3;0;0;1;0;0;0;1;0;10.196245139;53.511888572
2;2018;9;16;2;3;3;6;0;0;0;0;1;0;1;0;10.072216703;53.555030868
2;2018;9;14;7;2;9;7;0;0;0;0;1;0;0;1;10.015972808;53.600123061
2;2018;9;7;2;3;0;7;0;0;0;0;0;0;1;0;10.040728711;53.552384537
2;2018;9;12;5;3;2;7;0;1;1;0;0;0;0;0;10.038153667;53.555915474
2;2018;9;14;2;3;5;2;0;1;1;0;0;0;0;0;10.099025798;53.611716308
2;2018;9;12;3;3;2;6;0;0;1;0;0;0;0;0;10.011549825;53.463180856
2;2018;9;12;2;3;5;3;0;1;1;0;0;0;0;0;10.147031866;53.600674195
2;2018;9;6;4;2;1;5;1;1;1;0;0;0;0;0;9.964165498;53.568475013
2;2018;9;16;2;3;0;7;0;1;0;0;0;0;0;0;10.153408578;53.614423472
2;2018;9;18;2;3;2;3;0;1;1;0;0;0;0;0;10.094087529;53.581819877
2;2018;9;4;7;3;5;3;2;0;1;0;0;0;0;0;10.021198618;53.549971579
2;2018;9;16;7;2;5;3;0;0;1;0;1;0;0;1;9.993479853;53.585644206
2;2018;9;13;2;2;0;3;0;1;1;0;0;0;0;0;10.184853773;53.652151446
2;2018;9;13;5;3;5;3;0;0;1;0;0;0;1;0;10.006620316;53.635041337
2;2018;9;8;2;3;1;6;0;0;1;0;0;0;0;0;10.018895477;53.652300809
2;2018;9;8;2;3;0;7;0;0;0;0;1;0;0;1;9.890589009;53.612143898
2;2018;9;10;2;3;0;4;0;1;0;1;0;0;0;0;9.781184093;53.561847193
2;2018;9;17;3;3;5;3;0;1;1;0;0;0;0;0;10.13160892;53.673315892
2;2018;9;8;2;3;4;2;0;1;1;0;0;0;0;0;9.762535099;53.579834291
2;2018;9;16;7;3;2;6;0;0;1;0;0;0;0;1;9.917640815;53.548342726
2;2018;9;13;2;3;2;6;0;0;1;0;0;0;1;0;9.85454199;53.576801486
2;2018;9;10;7;3;0;7;0;0;0;0;1;0;0;0;9.990658376;53.560496561
2;2018;9;18;7;3;6;7;0;0;1;1;0;0;0;0;9.968004751;53.54887242
2;2018;9;10;2;3;2;2;0;0;1;0;0;0;0;0;9.959158612;53.612292206
2;2018;9;12;5;3;5;4;0;1;0;1;0;0;0;0;9.988376266;53.558312045
2;2018;9;8;2;3;4;2;0;1;1;0;0;0;0;0;9.951439412;53.623916592
2;2018;9;17;7;3;5;3;0;0;1;0;0;0;0;0;9.793583205;53.568021604
2;2018;9;17;2;3;3;2;0;1;1;0;0;0;0;0;9.951960185;53.576689329
2;2018;9;18;2;3;8;1;0;0;0;0;1;0;0;0;9.965280818;53.603553952
2;2018;9;16;5;3;4;2;0;1;1;0;0;0;0;0;9.900110862;53.610807183
2;2018;9;13;2;3;5;3;0;0;1;0;0;0;0;0;9.921999683;53.54632408
2;2018;9;18;2;3;0;3;0;1;0;0;0;0;1;0;9.941764391;53.555127129
2;2018;9;10;3;3;0;7;0;1;0;0;0;0;1;0;10.021342491;53.566764076
2;2018;9;17;2;3;1;6;0;0;1;0;0;0;0;0;9.961309437;53.564068052
2;2018;9;19;2;3;5;3;2;1;1;0;0;0;0;0;9.985755311;53.547220082
2;2018;9;13;6;3;2;6;0;0;0;0;0;0;1;0;10.086591957;53.591155548
2;2018;9;15;2;3;2;6;0;0;1;0;0;0;0;0;9.991876217;53.553693554
2;2018;9;10;4;3;5;3;0;1;1;0;0;0;0;0;10.106699177;53.567432314
2;2018;9;9;2;3;5;3;0;1;1;0;0;0;0;0;9.984398691;53.55659922
2;2018;9;9;2;3;3;6;0;0;1;0;0;0;0;0;10.016391624;53.551078952
2;2018;9;10;1;3;5;3;0;0;1;0;0;0;0;0;9.971992915;53.451765831
2;2018;9;13;1;3;2;6;0;0;1;0;0;0;0;0;9.972366268;53.512205256
2;2018;9;16;3;3;2;6;0;0;1;0;0;0;0;0;10.013753375;53.552487152
2;2018;9;16;1;3;5;3;0;0;1;0;0;0;0;0;10.111195227;53.531032265
2;2018;9;15;1;3;5;3;0;0;1;0;0;0;0;0;10.052733185;53.550047319
2;2018;9;19;6;3;5;3;2;1;1;0;0;0;0;0;9.853157607;53.593268994
2;2018;9;0;1;3;4;6;2;0;1;0;0;0;0;0;10.044183991;53.611985764
2;2018;9;8;4;2;5;2;0;1;0;0;0;0;1;0;10.058798503;53.566971285
2;2018;9;10;1;3;5;2;0;1;1;0;0;0;0;0;10.161687776;53.650981639
2;2018;9;2;1;2;0;1;2;1;0;0;0;0;0;0;9.929449914;53.629319939
2;2018;9;8;7;3;5;2;0;0;1;0;1;0;0;0;10.092601715;53.546609864
2;2018;9;20;2;3;5;4;2;1;0;1;0;0;0;0;10.065766824;53.571311224
2;2018;9;6;1;3;2;6;0;0;1;0;0;0;0;0;10.004114325;53.554142172
2;2018;9;9;5;3;5;3;0;0;1;0;0;0;0;0;10.124393477;53.588176055
2;2018;9;5;1;3;2;6;1;0;1;0;0;0;0;0;9.964805396;53.516379062
2;2018;9;18;7;2;0;7;0;1;0;0;0;0;0;0;9.986396018;53.516891668
2;2018;9;18;7;3;9;1;0;0;1;0;0;0;0;1;10.03751157;53.505208281
2;2018;9;9;6;2;1;5;0;1;1;0;0;0;0;0;9.968574768;53.547313519
2;2018;9;12;7;2;0;7;0;0;1;0;0;0;0;0;10.18635495;53.511311394
2;2018;9;15;4;3;1;6;0;0;1;0;0;0;0;0;10.011010817;53.560075202
2;2018;9;14;7;3;2;6;0;0;1;0;0;0;0;1;10.086003884;53.513274553
2;2018;9;16;7;3;2;2;0;0;1;0;0;0;0;0;10.054212031;53.608828489
2;2018;9;11;7;3;5;3;0;1;1;0;0;0;0;0;10.076078115;53.589364191
2;2018;9;15;7;3;3;6;0;0;1;0;1;0;0;0;9.906973019;53.616286492
2;2018;9;23;7;3;8;5;2;0;1;0;0;0;0;0;9.941945266;53.577450513
2;2018;9;15;5;3;6;4;0;0;1;1;0;0;0;0;10.00630696;53.633230005
2;2018;9;13;7;3;4;2;0;1;1;0;0;0;0;0;9.956439331;53.561994398
2;2018;9;16;2;3;5;3;0;1;1;0;0;0;0;0;9.877658987;53.565499652
2;2018;9;7;6;2;2;6;0;0;1;0;1;0;0;0;9.801621474;53.531239986
2;2018;9;15;3;3;5;3;0;1;1;0;0;0;0;0;10.033720104;53.583626861
2;2018;10;15;5;3;0;1;0;0;0;0;1;0;0;1;9.967259225;53.58576201
2;2018;10;17;3;3;2;6;0;0;1;0;0;0;0;0;10.107738805;53.606104797
2;2018;10;4;6;3;3;7;2;0;1;0;1;0;0;0;10.041982626;53.548202216
2;2018;10;16;3;3;1;7;0;0;1;0;1;0;0;0;10.068032998;53.601515317
2;2018;10;19;2;3;4;2;2;1;1;0;0;0;0;0;9.975609631;53.561143846
2;2018;10;13;2;3;4;6;0;1;0;0;0;0;0;0;9.992384257;53.55912831
2;2018;10;18;6;2;8;7;0;0;1;0;0;0;0;0;10.120323579;53.586088417
2;2018;10;19;6;2;1;5;2;0;1;0;0;0;0;0;10.184440796;53.47791043
2;2018;10;22;6;3;5;3;2;1;1;0;0;0;0;0;10.115887308;53.59608501
2;2018;10;19;4;3;3;6;2;0;1;0;1;0;0;0;10.069810491;53.575068517
2;2018;10;19;3;3;5;2;2;1;1;0;0;0;0;0;9.956911364;53.567323762
2;2018;10;12;6;3;4;6;0;1;0;0;0;0;0;1;10.062454487;53.596096432
2;2018;10;16;3;3;0;7;0;1;1;0;0;0;0;0;9.983375137;53.565017889
2;2018;10;9;7;3;5;3;0;1;1;0;0;0;0;0;10.108622623;53.559390742
2;2018;10;12;1;3;2;6;0;0;1;0;0;0;0;0;10.057556342;53.636678324
2;2018;10;12;6;3;2;2;0;0;1;0;0;0;0;0;10.006332266;53.654284931
2;2018;10;16;1;2;3;6;0;0;1;0;0;0;0;0;10.106374712;53.568330096
2;2018;10;13;6;3;5;3;0;1;1;0;0;0;0;0;10.007482051;53.580908535
2;2018;10;17;5;3;5;3;0;1;1;0;0;0;0;0;10.091559386;53.607139053
2;2018;9;22;7;3;0;1;2;0;0;0;1;0;0;0;9.780702351;53.538138243
2;2018;10;18;6;3;2;6;0;0;1;0;1;0;0;0;10.049169335;53.561197292
2;2018;10;16;6;3;0;6;0;0;1;0;1;0;0;0;9.905531022;53.632130115
2;2018;10;14;4;3;2;6;0;0;1;0;1;0;0;0;10.023401798;53.558609798
2;2018;10;6;3;2;2;6;2;0;1;0;1;0;0;0;10.007183975;53.558559434
2;2018;10;11;6;3;0;3;0;1;1;0;0;0;0;0;9.982681298;53.585566275
2;2018;10;16;3;3;6;4;0;1;0;1;0;0;1;0;10.004442216;53.551611962
2;2018;10;11;7;3;6;3;0;0;1;1;0;0;0;0;9.935961168;53.544772993
2;2018;10;8;1;3;8;1;0;0;1;0;0;0;0;0;9.95124334;53.598435526
2;2018;10;13;6;3;8;7;0;1;0;0;0;0;0;0;9.928599578;53.55445151
2;2018;10;18;4;2;4;2;1;1;1;0;0;0;0;0;10.018175801;53.552586744
2;2018;10;12;6;3;4;6;0;0;1;0;0;0;0;0;9.881017985;53.591866432
2;2018;10;19;6;3;0;7;2;0;1;0;0;0;0;0;9.973032249;53.568732682
2;2018;10;14;4;3;2;6;0;0;1;0;1;0;0;0;9.966579587;53.549971076
2;2018;10;7;2;3;5;3;0;1;1;0;0;0;0;1;10.033697674;53.636697247
2;2018;10;6;4;3;5;7;2;1;1;0;0;0;0;0;9.942412594;53.54636122
2;2018;10;13;6;3;1;6;0;0;1;0;0;0;0;0;10.059516986;53.572788101
2;2018;10;17;6;3;3;2;0;0;1;0;0;1;0;0;9.923981642;53.52060512