ULAND;UJAHR;UMONAT;USTUNDE;UWOCHENTAG;UKATEGORIE;UART;UTYP1;ULICHTVERH;IstRad;IstPKW;IstFuss;IstKrad;IstGkfz;IstSonstig;STRZUSTAND;XGCSWGS84;YGCSWGS84
2;2018;10;16;4;2;3;6;0;0;1;0;0;0;1;0;9.974603939;53.579656515
2;2018;10;8;2;3;4;2;0;0;1;0;0;0;0;0;10.149374206;53.620207103
2;2018;10;7;2;3;6;4;0;0;1;1;0;0;0;0;10.193211405;53.511802616
2;2018;10;11;6;3;6;4;0;0;1;1;0;0;0;0;10.098513781;53.54137179
2;2018;10;11;7;3;2;6;0;0;1;0;0;0;0;0;10.210342865;53.510256584
2;2018;10;15;6;3;3;6;0;0;1;0;0;1;0;0;9.921451667;53.515475858
2;2018;10;7;5;3;6;7;2;0;1;1;0;0;0;0;9.854540432;53.57237995
2;2018;10;13;3;3;3;6;0;0;1;0;0;1;0;0;10.011958403;53.54787256
2;2018;10;11;5;3;1;7;0;0;1;0;1;0;0;0;10.229278321;53.481230826
2;2018;10;11;5;3;6;7;0;0;1;1;0;0;0;0;9.956985525;53.456237362
2;2018;10;14;3;3;3;2;0;1;0;0;0;0;0;1;10.095632828;53.559639321
2;2018;10;13;2;3;0;4;0;0;0;1;0;0;1;0;9.97569447;53.578721784
2;2018;10;6;2;3;2;6;1;0;1;0;0;0;1;0;9.914370029;53.582879868
2;2018;10;13;5;3;5;3;0;0;1;0;0;0;0;1;9.981141166;53.421286799
2;2018;10;15;2;3;5;3;0;0;1;0;0;0;0;0;10.064662503;53.571393578
2;2018;10;18;5;3;4;2;1;1;1;0;0;0;0;1;10.019018191;53.522979074
2;2018;10;19;7;3;2;6;2;0;1;0;0;0;0;0;10.08514794;53.659453884
2;2018;10;16;5;3;5;3;0;0;1;0;0;0;0;0;10.201522604;53.419746772
2;2018;10;21;4;3;3;2;2;0;1;0;0;0;0;0;9.872627276;53.477007688
2;2018;9;21;7;3;2;2;2;0;1;0;0;0;0;0;9.85502346;53.47244158
2;2018;10;14;3;3;4;6;0;1;0;0;0;0;0;0;10.152450059;53.603986279
2;2018;10;11;5;3;2;7;0;0;1;0;0;0;0;1;10.050634535;53.556293917
2;2018;10;16;3;3;0;7;0;1;0;0;0;0;0;1;10.080724264;53.662529249
2;2018;10;13;1;3;2;6;0;0;1;0;0;0;0;0;9.987810786;53.453572778
2;2018;10;16;2;3;3;6;0;1;1;0;0;0;0;0;9.960959169;53.551364598
2;2018;10;19;5;3;2;6;2;0;1;0;0;0;1;1;10.129328832;53.587899942
2;2018;10;15;5;3;5;3;0;0;1;0;0;0;0;0;10.04829152;53.581615685
2;2018;9;7;7;2;5;3;1;0;1;0;0;0;0;0;9.992355748;53.481331556
2;2018;10;16;6;3;2;6;0;0;1;0;0;0;0;0;10.10223806;53.5420326
2;2018;10;20;5;3;2;6;2;0;1;0;0;0;0;1;10.039974896;53.604989282
2;2018;10;23;4;2;9;1;2;0;1;0;0;0;0;0;10.108789817;53.62240359
2;2018;10;12;3;3;0;7;0;0;0;0;1;0;0;0;9.962504393;53.568784465
2;2018;10;11;5;2;3;2;0;1;1;0;0;0;0;1;10.077336671;53.616927294
2;2018;10;17;5;3;0;7;0;1;1;0;0;0;0;0;10.084641438;53.567105344
2;2018;10;3;7;3;6;4;2;0;1;1;0;0;0;0;9.96013765;53.550348437
2;2018;10;20;5;3;6;4;2;0;1;1;0;0;0;1;10.005367811;53.648654878
2;2018;10;10;4;3;2;6;0;0;1;0;0;0;0;0;10.060080022;53.54854509
2;2018;10;14;3;3;5;3;0;0;1;0;1;0;1;0;9.924232889;53.591691115
2;2018;10;13;5;2;1;7;0;0;1;0;0;0;0;1;10.004504543;53.588012555
2;2018;10;16;3;3;0;7;0;1;0;0;0;0;0;0;9.878238183;53.562928369
2;2018;10;17;1;3;2;6;0;0;1;0;0;0;0;0;10.099703321;53.644058004
2;2018;10;19;1;2;5;3;2;0;1;0;0;0;0;0;10.072473381;53.5794906
2;2018;10;6;5;3;5;3;1;1;1;0;0;0;0;0;9.997777175;53.588191046
2;2018;10;15;5;3;9;1;0;0;1;0;0;0;0;0;9.858945353;53.548188794
2;2018;10;7;6;3;3;6;0;1;0;0;0;0;0;0;10.110932851;53.582190763
2;2018;10;15;5;3;5;3;0;1;1;0;0;0;0;0;9.851998034;53.584411649
2;2018;10;14;4;3;2;6;0;0;1;0;0;1;0;0;9.904914309;53.555610463
2;2018;10;18;2;3;4;2;2;0;1;0;0;0;1;0;10.115883146;53.55735116
2;2018;10;23;2;2;8;1;2;0;1;0;0;0;0;0;10.010831321;53.461237332
2;2018;10;13;7;2;8;1;0;0;0;0;1;0;0;0;9.930298052;53.509304176
2;2018;10;16;1;3;6;4;0;1;0;1;0;0;0;0;9.971661855;53.552721792
2;2018;10;8;3;3;6;2;0;0;0;1;0;0;1;0;9.994041034;53.572741158
2;2018;10;13;7;2;5;3;0;0;1;0;0;0;1;0;10.151103176;53.628283408
2;2018;10;0;1;1;6;4;2;0;1;1;0;0;0;0;10.058688809;53.570082432
2;2018;10;14;5;3;2;6;0;0;1;0;1;0;0;1;9.985859217;53.603987351
2;2018;10;8;4;3;5;3;0;1;1;0;0;0;0;0;9.997935919;53.578164846
2;2018;10;5;6;3;3;6;2;0;1;0;1;0;0;0;10.026435745;53.628491848
2;2018;10;21;5;3;0;7;2;0;0;0;1;0;0;1;9.973657297;53.57293739
2;2018;10;14;4;3;2;6;0;1;1;0;0;0;0;0;9.939450751;53.55206054
2;2018;10;18;2;3;1;6;0;0;1;0;1;0;0;0;10.090654053;53.575425083
2;2018;10;10;2;3;1;6;0;0;1;0;0;0;1;0;10.032372238;53.557458676
2;2018;10;9;6;3;5;2;0;0;1;0;0;0;1;0;10.057596131;53.554902462
2;2018;10;17;5;3;5;3;0;0;1;0;0;0;0;0;9.865399994;53.596980249
2;2018;10;14;5;3;5;2;0;0;1;0;0;0;0;0;10.156015918;53.61438173
2;2018;10;16;7;3;0;2;0;1;1;0;0;0;0;0;10.100429339;53.584678515
2;2018;10;13;5;3;6;6;0;1;0;1;0;0;0;1;9.985989149;53.572409436
2;2018;10;10;5;3;1;5;0;1;1;0;0;0;0;0;9.937018888;53.630128596
2;2018;10;14;3;3;5;3;0;0;1;0;0;1;0;0;10.10670978;53.572887752
2;2018;10;8;5;3;2;6;0;0;1;0;0;0;0;0;10.185970959;53.511417524
2;2018;10;4;5;3;1;5;2;0;1;0;0;0;0;0;9.98191443;53.557065045
2;2018;10;0;4;3;0;1;2;0;1;0;0;0;0;1;10.069823448;53.574611888
2;2018;10;14;5;2;4;2;0;0;1;0;0;0;0;1;10.018456865;53.614844747
2;2018;10;4;3;2;9;4;2;0;1;1;0;0;0;0;10.204820083;53.511017036
2;2018;10;17;6;3;4;6;0;1;0;0;0;0;0;0;9.973959102;53.611329734
2;2018;10;1;4;3;1;6;2;0;1;0;0;0;1;1;10.072257659;53.578004799
2;2018;10;13;3;2;8;7;0;0;1;0;0;0;0;0;10.30372693;53.440935939
2;2018;10;19;2;3;2;6;2;0;1;0;0;0;1;0;10.049070763;53.578658751
2;2018;10;14;2;3;2;6;0;0;1;0;0;0;0;0;9.994551381;53.596851444
2;2018;10;10;4;3;1;7;0;0;1;0;1;0;0;1;10.086349404;53.617954795
2;2018;10;22;5;3;1;5;2;0;1;0;0;0;0;0;9.913937769;53.634315063
2;2018;10;5;7;3;1;6;2;0;1;0;0;0;0;0;10.018600215;53.614880324
2;2018;10;5;4;3;6;4;2;0;0;1;0;0;1;1;10.009857194;53.583425143
2;2018;10;16;4;3;6;4;0;0;1;1;0;0;0;0;10.197290778;53.488914053
2;2018;9;14;7;3;5;2;0;1;1;0;0;0;0;0;10.18144141;53.483516341
2;2018;10;9;3;3;5;3;0;1;1;0;0;0;0;0;10.091892549;53.673478176
2;2018;10;10;4;3;5;3;0;0;1;0;0;0;0;1;9.818891839;53.560501495
2;2018;10;9;3;3;4;6;0;1;0;0;0;0;0;0;10.015789204;53.56326058
2;2018;10;15;1;3;0;1;0;0;0;0;1;0;0;0;10.178229638;53.476545949
2;2018;10;16;5;3;1;5;0;0;1;0;0;0;0;0;9.916792127;53.637721451
2;2018;10;16;1;3;4;2;0;0;1;0;0;0;0;0;10.050280258;53.540267703
2;2018;10;11;3;3;5;3;0;0;1;0;0;0;1;1;9.990971504;53.445307365
2;2018;10;10;3;3;5;3;0;0;1;0;0;0;1;0;10.099563818;53.587628735
2;2018;10;8;2;3;5;3;0;0;1;0;1;0;0;0;9.941548947;53.564563057
2;2018;10;14;2;3;4;2;0;0;1;0;1;0;0;0;9.927840339;53.555952721
2;2018;10;7;3;3;1;2;1;0;1;0;0;0;0;0;9.999008664;53.463522146
2;2018;10;9;5;3;4;2;0;0;1;0;0;0;0;0;9.954637148;53.622587173
2;2018;10;20;6;3;5;3;2;0;1;0;0;0;0;0;9.884631069;53.478361633
2;2018;10;14;3;3;2;6;0;0;1;0;0;1;0;1;10.021743556;53.530080331
2;2018;10;14;4;3;6;6;0;1;0;1;0;0;0;0;10.159037358;53.603043266
2;2018;10;7;3;3;0;2;0;0;0;0;0;1;1;0;9.906937987;53.591752123
2;2018;10;8;3;3;4;2;0;0;1;0;0;0;0;1;10.144687501;53.54517989
2;2018;10;0;3;3;9;1;2;0;1;0;0;0;0;0;9.989051241;53.593678164
2;2018;10;16;1;3;3;7;0;0;1;0;0;0;0;0;9.990261464;53.543145562
2;2018;10;15;5;3;5;3;0;0;1;0;1;0;0;0;9.978166148;53.58655777
2;2018;10;18;1;3;2;6;2;0;1;0;0;0;0;0;10.037158815;53.610819236
2;2018;10;17;3;3;2;6;0;0;1;0;0;0;0;1;10.037043009;53.558703408
2;2018;10;19;5;3;2;6;2;0;1;0;0;0;0;0;9.925796357;53.546456063
2;2018;10;19;6;3;2;6;2;1;1;0;0;0;0;0;10.065186545;53.578852146
2;2018;10;8;3;3;2;6;0;0;1;0;0;0;1;1;10.120414206;53.606073564
2;2018;10;7;4;3;6;4;0;0;1;1;0;0;0;0;9.972224709;53.587512676
2;2018;10;15;6;3;2;6;0;0;1;0;0;0;0;0;10.063934933;53.554136306
2;2018;10;7;3;3;3;6;0;0;1;0;0;0;0;1;10.076641583;53.566526304
2;2018;10;6;4;3;4;6;2;1;0;0;0;0;0;0;10.013098844;53.640044324
2;2018;10;20;3;3;8;1;2;0;1;0;0;0;0;0;10.005978454;53.549328029
2;2018;10;2;3;3;9;1;2;0;1;0;0;0;0;0;10.072303274;53.578303573
2;2018;10;5;3;3;2;6;2;1;1;0;0;0;0;0;9.958144795;53.549576379
2;2018;10;15;7;3;3;6;0;1;0;0;0;0;0;0;10.052110481;53.650032131
2;2018;10;8;5;3;5;3;0;1;1;0;0;0;0;0;9.920699524;53.558721506
2;2018;10;14;1;3;5;3;0;0;1;0;0;0;1;0;9.876994812;53.60068343
2;2018;10;14;3;3;2;6;0;0;1;0;0;1;0;1;10.07902857;53.662997436
2;2018;10;17;4;3;6;7;0;1;0;1;0;0;0;0;9.986890397;53.558057381
2;2018;10;17;6;3;6;2;0;0;1;1;0;0;0;0;10.026813195;53.570151035
2;2018;10;7;3;3;2;6;1;0;1;0;0;0;0;1;10.019253247;53.600520554
2;2018;10;13;4;3;2;6;0;1;1;0;0;0;0;0;9.980956922;53.569059765
2;2018;10;18;2;3;2;6;0;0;1;0;0;0;0;0;10.033912976;53.636804836
2;2018;10;4;2;2;6;2;2;0;1;1;0;0;0;0;10.149535097;53.620253326
2;2018;10;17;3;3;0;1;0;0;0;0;1;0;0;1;10.012985118;53.599801539
2;2018;10;11;2;3;0;7;0;0;1;0;0;0;0;0;10.051396482;53.55754184
2;2018;10;17;2;3;5;3;0;1;1;0;0;0;0;0;10.16653451;53.514194686
2;2018;10;17;6;3;3;2;0;0;1;0;0;1;0;0;10.089535628;53.511264454
2;2018;10;14;4;3;0;2;0;1;0;0;0;0;1;0;10.20757476;53.491738492
2;2018;10;23;7;3;1;5;2;0;0;0;0;0;1;0;10.189060783;53.408594821
2;2018;10;14;3;3;6;3;0;0;0;1;0;0;1;1;10.032047615;53.566491729
2;2018;10;20;5;2;5;3;2;0;1;0;1;0;0;0;10.055930853;53.591460223
2;2018;10;15;3;3;4;7;0;0;1;0;0;0;1;0;10.071880311;53.536153124
2;2018;10;7;6;3;2;2;0;0;1;0;0;0;0;0;9.976940238;53.55744644
2;2018;10;14;3;3;0;7;0;0;1;0;0;0;0;1;9.899889047;53.610846792
2;2018;10;18;3;3;0;7;1;0;0;0;1;0;1;0;10.130976342;53.529610985
2;2018;10;18;2;3;2;6;2;0;1;0;0;0;1;0;9.951809815;53.598829054
2;2018;10;14;2;3;4;2;0;1;1;0;0;0;0;0;9.873690293;53.59076242
2;2018;10;17;3;3;2;6;0;0;1;0;0;0;0;1;9.866716161;53.58173138
2;2018;10;14;4;3;0;7;0;1;0;0;0;0;0;0;10.110387022;53.434713584
2;2018;10;2;7;2;9;1;2;0;1;0;0;0;0;0;9.954211716;53.545632882
2;2018;10;11;3;3;1;6;0;0;1;0;0;0;0;1;9.94870013;53.562214183
2;2018;10;17;4;3;8;1;0;0;0;0;1;0;0;0;10.039267996;53.559380825
2;2018;10;15;3;2;2;6;0;0;1;0;0;0;0;0;10.037017655;53.565349974
2;2018;10;19;4;3;2;6;1;0;1;0;0;0;1;0;10.021249308;53.550596559
2;2018;10;20;7;3;4;2;2;0;1;0;0;0;0;0;10.069750119;53.579491463
2;2018;10;21;3;3;5;3;2;0;1;0;0;0;0;1;9.989874558;53.561473449
2;2018;10;18;5;3;3;6;2;0;1;0;0;1;0;0;9.927201704;53.518480977
2;2018;10;14;3;3;5;3;0;1;1;0;0;0;0;0;10.133563045;53.600704903
2;2018;10;18;3;2;6;4;0;0;0;1;1;0;0;1;9.971099602;53.552101532
2;2018;10;7;3;3;2;6;0;0;1;0;0;0;0;0;10.131937988;53.673472925
2;2018;10;12;1;3;5;3;0;0;1;0;0;0;0;0;9.985280627;53.45203553
2;2018;10;16;4;3;4;2;0;1;1;0;0;0;0;0;10.160261924;53.625508369
2;2018;10;14;2;3;0;7;0;0;0;0;1;0;0;0;9.973941764;53.569165287
2;2018;10;14;3;3;2;6;0;0;1;0;0;0;1;1;10.005442141;53.550132853
2;2018;10;5;4;2;4;2;2;0;1;0;1;0;0;0;10.12666042;53.582103578
2;2018;10;11;5;3;4;2;0;0;1;0;0;0;0;0;10.068671451;53.601199333
2;2018;10;6;6;3;5;3;2;0;0;0;0;1;0;0;10.098317987;53.518458519
2;2018;10;12;3;3;3;6;0;0;1;0;0;0;0;1;9.985520764;53.558086887
2;2018;10;17;4;3;3;6;0;1;0;0;0;0;0;0;10.087228175;53.586581152
2;2018;10;15;3;3;6;3;0;1;0;1;0;0;0;0;9.974591225;53.598151249
2;2018;10;16;2;3;6;4;0;0;1;1;0;0;0;1;9.980527409;53.461859519
2;2018;10;8;3;3;5;3;0;1;1;0;0;0;0;0;9.994623814;53.55886514
2;2018;10;17;7;3;5;3;0;1;1;0;0;0;0;1;10.108692857;53.599141643
2;2018;10;14;4;2;2;7;0;0;1;0;0;0;0;0;10.154630878;53.639370772
2;2018;10;14;2;3;2;6;0;0;1;0;0;0;0;1;10.211725458;53.504112949
2;2018;10;15;3;3;5;3;0;0;1;0;0;0;0;0;9.879699967;53.590967829
2;2018;10;6;1;3;5;3;2;0;1;0;1;0;0;1;10.130378618;53.529825053
2;2018;10;12;4;3;4;6;0;1;0;0;0;0;0;0;10.026017284;53.62214869
2;2018;10;17;1;3;3;7;0;0;1;0;1;0;0;0;10.105427914;53.570798688
2;2018;10;16;2;3;5;3;0;0;1;0;0;0;0;0;10.207446351;53.479991593
2;2018;10;8;4;2;5;7;0;0;1;0;0;0;1;0;10.008794295;53.648205115
2;2018;10;9;6;3;3;6;0;0;1;0;0;0;1;0;10.123526195;53.627179446
2;2018;10;9;2;3;5;3;0;0;1;0;0;0;1;0;10.098649224;53.536000485
2;2018;10;17;4;3;6;6;0;1;0;1;0;0;0;0;10.040002989;53.579805879
2;2018;10;9;2;3;8;1;0;0;1;0;0;0;0;0;10.205926226;53.476394794
2;2018;10;14;5;3;2;6;0;0;1;0;0;0;1;0;10.098700955;53.536944461
2;2018;10;8;3;3;4;2;0;1;1;0;0;0;0;0;9.997007159;53.548819491
2;2018;10;10;7;3;5;3;0;1;1;0;0;0;0;0;9.974979307;53.5653866
2;2018;10;13;4;3;3;6;0;0;1;0;0;0;0;0;9.996419098;53.593552814
2;2018;10;4;1;2;6;4;2;0;1;1;0;0;0;0;9.951155077;53.582436087
2;2018;10;13;2;3;8;1;0;0;0;0;1;0;0;0;10.071059003;53.527236703
2;2018;10;18;4;3;5;3;1;1;1;0;0;0;0;0;9.900080585;53.610801848
2;2018;10;0;5;3;1;5;2;1;1;0;0;0;0;0;10.021280796;53.584138586
2;2018;10;17;3;3;2;3;0;0;1;0;0;0;0;0;10.210327534;53.486597167
2;2018;10;11;6;3;5;3;0;1;1;0;0;0;0;0;9.905646504;53.566707499
2;2018;10;2;1;3;8;1;2;0;1;0;0;0;0;0;10.128812402;53.69708061
2;2018;10;8;2;2;2;6;0;0;1;0;0;1;0;0;10.072599938;53.521601048
2;2018;10;13;4;3;0;6;0;0;1;0;0;0;1;0;9.894305411;53.603812937
2;2018;10;18;4;3;4;2;1;1;1;0;0;0;0;0;9.985435509;53.572603341
2;2018;10;13;6;3;5;3;0;1;1;0;0;0;0;0;10.060901947;53.570404302
2;2018;10;12;2;3;3;5;0;0;1;0;0;0;1;0;10.054483506;53.55946769
2;2018;10;16;4;3;6;6;0;1;0;1;0;0;0;0;9.934900301;53.569158224
2;2018;10;18;2;3;5;2;0;1;1;0;0;0;0;0;10.058707699;53.576137662
2;2018;10;7;2;3;5;3;2;0;1;0;0;0;1;0;10.183470716;53.511729906
2;2018;10;17;6;3;3;6;0;0;1;0;0;0;1;0;10.014700115;53.545803707
2;2018;10;19;4;3;4;2;2;1;1;0;0;0;0;0;9.901496354;53.564799215
2;2018;10;18;7;3;3;2;2;0;1;0;1;0;0;0;10.040523193;53.547993296
2;2018;10;18;2;3;4;2;1;1;1;0;0;0;0;1;10.067068666;53.563026045
2;2018;10;17;5;2;6;4;0;0;1;1;0;0;0;0;9.904996324;53.632036576
2;2018;10;11;3;3;6;4;0;0;0;1;0;0;1;0;10.123944788;53.613284792
2;2018;10;8;5;3;2;6;0;0;1;0;0;0;0;0;10.209052225;53.483217262
2;2018;10;17;2;3;5;3;0;0;1;0;0;0;0;1;10.060201011;53.579662288
2;2018;10;11;3;3;4;2;0;1;1;0;0;0;0;0;10.140171078;53.624529706
2;2018;10;8;2;3;0;7;0;0;0;0;0;0;1;0;9.989149505;53.597493368
2;2018;10;17;2;3;5;3;0;1;1;0;0;0;0;1;10.122173394;53.651065269
2;2018;10;7;4;3;5;3;1;0;1;0;1;0;0;0;9.999387718;53.546935821
2;2018;10;12;2;3;4;2;0;0;1;0;0;0;0;0;9.993938544;53.599229943
2;2018;10;16;2;3;3;2;0;1;1;0;0;0;0;0;10.023119442;53.584535998
2;2018;10;19;2;3;2;6;1;0;1;0;0;0;0;1;10.032987708;53.590560913
2;2018;10;11;4;2;5;3;0;1;1;0;0;0;0;0;9.917587739;53.635203651
2;2018;10;13;7;3;2;6;0;0;1;0;0;0;0;0;10.026362874;53.626315604
2;2018;10;6;2;3;2;6;0;0;1;0;0;0;0;0;10.026178465;53.600333578
2;2018;10;13;4;3;4;6;0;1;1;0;0;0;0;0;9.986392611;53.458236921
2;2018;9;15;7;3;2;6;0;0;1;0;0;0;0;0;10.091348469;53.544089823
2;2018;10;18;3;3;3;2;2;1;1;0;0;0;0;0;10.093632708;53.656336922
2;2018;10;18;2;3;4;2;0;1;1;0;0;0;0;1;10.04185699;53.584697045
2;2018;10;16;3;3;2;6;0;0;1;0;0;0;0;0;9.996070604;53.583902063
2;2018;10;8;1;3;1;7;0;0;1;0;0;0;0;0;10.189520387;53.504447596
2;2018;10;8;4;3;3;6;0;1;1;0;0;0;0;0;9.987898494;53.592133902
2;2018;10;16;2;3;5;3;0;0;1;0;1;0;0;0;10.007079195;53.540550721
2;2018;10;16;2;3;4;6;0;1;1;0;0;0;0;1;9.913695814;53.561050743
2;2018;10;7;4;3;3;2;0;1;0;0;0;0;1;0;9.973270672;53.598393638
2;2018;10;15;6;3;3;3;0;0;1;0;0;0;0;0;10.111249732;53.531053027
2;2018;10;7;2;3;3;2;0;0;1;0;1;0;0;1;9.909960396;53.557316507
2;2018;10;17;2;3;1;5;0;1;1;0;0;0;0;0;9.960626885;53.56816973
2;2018;10;0;2;3;3;6;2;0;1;0;0;0;0;0;9.883411174;53.581375667
2;2018;10;21;7;3;2;2;2;0;1;0;0;0;0;0;10.012996407;53.552440861
2;2018;10;17;2;3;2;6;0;0;1;0;0;0;0;1;9.921874674;53.638038697
2;2018;10;16;4;2;6;4;0;0;0;1;0;0;1;0;10.11496904;53.571024799
2;2018;10;14;3;3;2;6;0;0;1;0;0;0;0;0;9.823155976;53.576863144
2;2018;10;13;2;3;1;5;0;1;1;0;0;0;0;1;9.968525834;53.581570929
2;2018;10;8;3;2;1;6;0;0;1;0;1;0;1;0;9.969567953;53.638748141
2;2018;10;13;1;3;8;7;0;0;1;0;0;0;0;0;10.04947042;53.638122285
2;2018;10;3;1;2;1;1;2;0;1;0;0;0;0;0;10.089397808;53.581235052
2;2018;10;11;2;3;0;2;0;1;1;0;0;0;0;0;9.950196887;53.544843528
2;2018;10;22;6;3;2;7;2;0;0;0;1;0;1;0;10.073981531;53.574341928
2;2018;10;20;2;3;2;6;2;0;1;0;0;0;0;1;9.95370627;53.553686233
2;2018;10;16;4;3;0;7;0;1;0;1;0;0;0;0;9.985525376;53.588088043
2;2018;10;11;2;3;2;6;0;0;0;0;0;0;1;0;10.04295744;53.549282811
2;2018;10;8;2;3;5;3;0;1;0;0;0;1;0;0;10.018318172;53.479587193
2;2018;10;19;4;3;3;6;2;0;1;0;0;0;1;0;10.096799094;53.638533473
2;2018;10;18;3;3;3;2;0;1;1;0;0;0;0;0;9.952357627;53.549588738
2;2018;10;7;2;3;2;6;0;0;1;0;0;0;0;0;9.917846542;53.554019217
2;2018;10;14;3;3;4;2;0;1;0;0;0;0;1;0;9.95648489;53.562017368
2;2018;10;19;7;3;2;6;2;0;1;0;0;0;0;0;10.110000878;53.581939953
2;2018;10;19;1;3;2;6;2;0;1;0;0;0;0;0;9.854394963;53.598282429
2;2018;10;17;2;3;0;3;1;0;0;0;1;0;1;1;9.99761192;53.550695429
2;2018;10;17;4;3;3;7;0;0;1;0;1;0;0;0;9.970265175;53.557279966
2;2018;10;14;6;3;2;6;0;0;1;0;0;0;0;0;10.043823875;53.597554011
2;2018;9;13;1;3;2;6;0;0;1;0;0;0;0;0;9.864737282;53.533977563
2;2018;10;14;4;3;2;6;0;0;0;0;1;0;0;0;9.941590486;53.551873897
2;2018;10;15;2;3;5;3;0;1;1;0;0;0;0;0;10.125302244;53.668805833
2;2018;10;14;2;3;1;6;0;0;1;0;0;0;0;0;10.124776635;53.571211605
2;2018;9;10;1;3;2;6;0;0;1;0;1;0;0;0;9.781559909;53.537790631
2;2018;10;11;5;3;1;6;0;0;1;0;0;0;0;0;10.151190606;53.608959339
2;2018;10;20;7;3;6;4;1;0;0;0;0;0;1;0;10.180456535;53.606830846
2;2018;9;9;1;3;5;3;0;0;1;0;0;0;0;0;10.124020116;53.67126214
2;2018;10;5;6;3;0;7;2;1;0;0;0;0;0;0;10.019489399;53.434793091
2;2018;10;4;1;3;1;5;2;1;1;0;0;0;0;0;9.99066166;53.557914254
2;2018;9;10;1;3;0;1;0;1;0;0;0;0;0;0;10.006339471;53.585928575
2;2018;10;13;5;3;6;4;0;1;0;1;0;0;0;1;10.03427482;53.578832665
2;2018;10;15;3;3;4;7;0;0;1;0;0;0;0;0;10.090889192;53.553351554
2;2018;10;8;6;3;5;3;0;1;1;0;0;0;0;0;9.98992448;53.561942908
2;2018;9;0;1;3;3;5;2;0;1;0;0;0;0;0;10.050123623;53.568368489
2;2018;10;11;3;3;2;6;0;0;1;0;0;0;1;0;10.121991774;53.564210965
2;2018;10;8;2;3;5;3;0;1;1;0;0;0;0;0;10.036555232;53.574535039
2;2018;10;15;2;3;4;2;0;1;0;0;0;0;1;0;9.823146124;53.576533614
2;2018;9;12;1;3;4;2;0;0;1;0;0;0;0;0;9.909719408;53.60218502
2;2018;10;19;7;3;6;4;1;0;1;1;0;0;0;0;9.92500713;53.544676186
2;2018;9;16;1;3;2;4;0;0;1;1;0;0;0;0;9.906847963;53.567306794
2;2018;10;14;4;3;5;1;0;0;1;0;0;0;0;0;10.162217182;53.507074104
2;2018;9;15;7;3;4;6;0;0;1;0;0;0;1;0;10.130158625;53.54571967
2;2018;10;14;3;3;5;3;0;0;1;0;1;0;0;0;10.105853809;53.653472477
2;2018;10;16;3;3;5;3;0;1;1;0;0;0;0;0;9.911715024;53.563729264
2;2018;10;17;1;2;6;4;0;0;1;1;0;0;0;0;10.168203965;53.400588196
2;2018;10;12;5;3;5;3;0;1;1;0;0;0;0;1;10.159919813;53.610982562
2;2018;10;16;5;2;6;4;0;0;1;1;0;0;0;1;10.140723075;53.590585091
2;2018;10;7;3;3;5;3;0;0;1;0;1;0;0;1;10.126803655;53.642516012
2;2018;10;8;5;3;6;4;0;0;1;1;0;0;0;1;10.062137391;53.569090294
2;2018;11;11;3;3;2;6;0;0;1;0;0;0;0;1;10.106826669;53.58110859
2;2018;10;18;1;3;5;3;2;0;1;0;0;0;0;0;9.940995714;53.578281392
2;2018;10;14;5;3;2;2;0;0;1;0;0;0;0;1;10.068509267;53.57160785
2;2018;11;16;6;3;2;6;1;0;1;0;0;0;0;1;10.108645799;53.560466369
2;2018;10;8;5;3;4;2;0;1;1;0;0;0;0;1;10.042943572;53.607715651
2;2018;11;14;5;3;6;7;0;0;0;1;0;0;1;0;9.936789862;53.552440167
2;2018;10;15;5;3;6;4;0;0;1;1;0;0;0;0;10.164324084;53.646765029
2;2018;11;10;4;3;5;3;0;1;0;0;0;0;0;0;9.999691652;53.580432037
2;2018;10;15;5;3;0;3;0;1;1;0;0;0;0;0;10.107874335;53.645008168
2;2018;10;13;2;3;2;6;0;0;1;0;0;1;0;0;10.108707274;53.537615032
2;2018;10;16;5;3;4;2;0;1;1;0;0;0;0;0;10.026255747;53.631644806
2;2018;11;17;3;2;0;6;2;1;0;0;0;0;1;0;9.945690698;53.565138012
2;2018;10;14;5;3;4;2;0;1;1;0;0;0;0;0;10.018343567;53.614791434
2;2018;11;9;6;3;1;6;0;1;0;0;0;0;0;1;10.026459423;53.625125788
2;2018;11;19;3;3;2;7;2;0;1;0;0;0;0;0;10.030382601;53.679896721
2;2018;10;6;5;3;2;6;2;0;1;0;0;0;0;1;9.904972985;53.608630921
2;2018;11;13;6;3;5;2;0;1;1;0;0;0;0;0;10.174655775;53.606936102