ULAND;UJAHR;UMONAT;USTUNDE;UWOCHENTAG;UKATEGORIE;UART;UTYP1;ULICHTVERH;IstRad;IstPKW;IstFuss;IstKrad;IstGkfz;IstSonstig;STRZUSTAND;XGCSWGS84;YGCSWGS84
2;2018;12;12;1;3;5;3;0;0;1;0;0;0;0;1;10.124008714;53.613162211
2;2018;12;18;6;3;2;6;2;0;1;0;0;0;0;1;10.033505979;53.574056655
2;2018;12;16;3;3;0;6;2;1;1;0;0;0;0;1;10.106625186;53.595758073
2;2018;12;20;4;3;0;7;2;1;0;0;0;0;1;0;9.905798811;53.555212437
2;2018;12;11;4;3;5;3;0;0;1;0;0;0;0;1;10.02865008;53.571136988
2;2018;12;9;1;3;8;1;0;0;1;0;0;0;0;1;10.01007404;53.599635338
2;2018;12;7;3;3;0;2;2;1;0;0;0;0;1;1;10.101932415;53.581145105
2;2018;12;8;4;3;6;7;1;0;1;1;0;0;0;0;10.070953199;53.574661215
2;2018;12;15;4;3;2;6;0;0;1;0;0;0;0;1;10.160658685;53.65322347
2;2018;12;17;3;3;6;2;2;0;1;1;0;0;0;1;10.118220146;53.599940455
2;2018;12;10;3;3;6;2;0;0;1;1;0;0;0;0;10.078302286;53.584819004
2;2018;12;14;2;3;2;6;0;0;1;0;0;0;0;1;10.126151786;53.586606248
2;2018;12;4;1;2;9;1;2;0;1;0;0;0;0;1;9.866260418;53.56579879
2;2018;12;22;1;2;6;4;2;0;1;1;0;0;0;1;9.970013673;53.550082415
2;2018;12;13;3;3;3;2;0;1;1;0;0;0;0;0;10.102311605;53.647234087
2;2018;12;13;6;3;4;2;0;1;1;0;0;0;0;0;10.054662702;53.592001586
2;2018;12;10;1;3;2;6;0;0;1;0;0;0;0;1;9.994930628;53.552175728
2;2018;12;12;6;3;2;6;0;0;1;0;0;0;0;1;9.987753229;53.582048781
2;2018;12;15;3;3;0;1;0;1;0;0;0;0;0;1;10.033076166;53.636112904
2;2018;12;15;2;3;6;4;0;0;1;1;0;0;0;1;10.060852856;53.562064188
2;2018;12;16;4;3;6;4;1;0;1;1;0;0;0;0;9.961811519;53.556438557
2;2018;12;20;4;3;2;6;2;0;1;0;0;0;0;0;9.964019829;53.549626112
2;2018;12;16;3;3;6;4;2;0;1;1;0;0;0;1;10.045232454;53.56543115
2;2018;12;17;4;3;2;6;2;0;1;0;0;0;0;1;10.085205164;53.65677266
2;2018;12;7;3;3;6;4;2;0;1;1;0;0;0;1;10.051493572;53.564290823
2;2018;12;17;2;3;0;4;2;1;0;1;0;0;0;1;9.963050308;53.569645617
2;2018;12;16;7;3;6;2;2;0;1;1;0;0;0;1;10.061972977;53.600133621
2;2018;12;12;7;2;5;3;0;1;1;0;0;0;0;1;10.009129611;53.49333186
2;2018;12;16;3;3;4;2;2;1;1;0;0;0;0;1;10.052731726;53.588107961
2;2018;12;17;5;2;5;3;2;0;1;1;0;0;0;1;9.954879122;53.548618185
2;2018;12;16;3;3;2;6;2;0;1;0;0;0;0;1;10.040427745;53.580263368
2;2018;12;18;2;3;5;2;2;1;1;0;0;0;0;1;10.006209721;53.586020741
2;2018;12;18;1;2;6;2;2;0;1;1;0;0;0;1;10.015847908;53.551754326
2;2018;12;17;7;3;3;6;2;0;1;0;0;0;0;1;10.082068536;53.53424163
2;2018;12;17;3;3;3;2;2;1;0;0;0;0;1;0;10.037662053;53.576232199
2;2018;12;19;5;3;6;4;2;0;1;1;0;0;0;0;9.873874584;53.474244458
2;2018;12;17;7;3;5;7;2;0;1;0;0;0;0;1;10.096027149;53.54238705
2;2018;12;20;5;3;2;6;2;0;1;0;0;0;0;1;10.020936037;53.550509377
2;2018;12;7;3;3;6;4;0;0;0;1;0;0;1;0;9.924673816;53.602141013
2;2018;12;4;3;3;6;7;2;0;1;1;0;0;0;1;10.141973933;53.545491827
2;2018;12;16;3;2;5;3;2;0;1;0;1;0;0;0;9.925872937;53.630686592
2;2018;12;14;3;3;6;7;0;0;1;1;0;0;0;0;10.209014887;53.490015653
2;2018;12;11;3;3;5;3;0;0;1;0;0;0;0;1;9.948510265;53.604607124
2;2018;12;16;2;2;6;4;2;0;1;1;0;0;0;1;9.99376807;53.500098499
2;2018;12;17;3;3;2;6;2;0;1;0;0;0;0;0;10.112488901;53.558333909
2;2018;12;8;3;2;3;7;0;0;1;0;1;0;1;1;9.973064737;53.582342145
2;2018;12;6;3;3;6;4;2;0;1;1;0;0;0;0;9.928188712;53.556115522
2;2018;12;15;1;3;5;3;0;1;1;0;0;0;0;0;10.025566936;53.551790963
2;2018;12;15;7;3;6;2;0;0;1;1;0;0;0;1;9.951110321;53.623903169
2;2018;12;18;7;2;4;2;2;0;1;0;0;0;0;1;10.144679927;53.545186148
2;2018;12;10;3;3;4;2;0;1;1;0;0;0;0;0;10.000587402;53.555623551
2;2018;12;10;5;2;5;3;0;1;1;0;0;0;0;0;9.992798052;53.57094366
2;2018;12;17;7;3;5;3;2;0;1;0;0;0;0;1;10.152209025;53.616024838
2;2018;12;13;5;3;6;6;0;0;1;1;0;0;0;1;9.942633181;53.555415355
2;2018;12;16;2;3;1;5;2;0;1;0;1;0;0;1;9.859394065;53.529839807
2;2018;12;18;3;3;0;6;2;0;1;0;0;0;1;0;9.905611102;53.607650254
2;2018;12;16;2;3;5;3;2;0;1;0;0;0;0;1;9.984599561;53.458244321
2;2018;12;14;5;3;4;6;0;0;1;0;0;0;0;0;10.029392808;53.667139244
2;2018;12;19;7;3;5;3;2;0;1;0;0;0;0;1;10.160984992;53.596677136
2;2018;12;14;5;3;2;6;0;0;1;0;0;0;0;1;10.069879004;53.5728945
2;2018;12;5;2;3;1;5;2;1;1;0;0;0;0;1;9.951958972;53.467472846
2;2018;12;18;3;3;1;5;2;1;1;0;0;0;0;0;10.000891963;53.580816574
2;2018;12;9;2;3;0;7;0;1;0;0;0;0;0;1;9.987478853;53.450352068
2;2018;12;13;3;3;6;4;0;0;0;1;0;0;1;1;10.001575079;53.675083261
2;2018;12;6;2;3;2;6;2;0;1;0;0;1;0;1;10.034695066;53.511567633
2;2018;12;22;2;3;1;5;2;0;1;0;0;1;0;1;10.161707398;53.489585147
2;2018;12;20;2;3;6;2;2;0;1;1;0;0;0;0;10.096331763;53.542596892
2;2018;12;9;2;3;2;2;0;0;1;0;0;0;0;1;10.029608294;53.554214183
2;2018;12;11;7;2;4;6;0;0;1;0;0;0;0;0;10.109366346;53.591368028
2;2018;12;18;6;3;6;4;2;0;1;1;0;0;0;1;10.05174118;53.555323961
2;2018;12;15;7;3;2;6;0;0;1;0;0;0;0;1;10.141117013;53.597624044
2;2018;12;16;2;3;4;2;0;0;1;0;0;0;1;1;10.135056254;53.569332153
2;2018;12;6;4;3;0;7;1;0;1;0;0;0;1;0;9.990027526;53.447614255
2;2018;12;18;4;3;6;2;2;0;1;1;0;0;0;1;10.09510856;53.588211431
2;2018;12;8;2;3;5;2;0;0;1;0;0;0;0;1;10.122266418;53.609631014
2;2018;12;11;3;3;6;4;0;1;0;1;0;0;0;0;9.954789601;53.548501261
2;2018;12;13;2;3;2;2;0;0;1;0;0;0;1;1;10.140955708;53.597490212
2;2018;12;15;2;3;0;7;0;1;1;0;0;0;0;0;10.228798759;53.489027662
2;2018;12;18;1;3;2;2;2;0;1;0;0;0;0;1;10.072744224;53.608734418
2;2018;12;8;2;3;6;4;1;0;1;1;0;0;0;1;10.164514735;53.628275539
2;2018;12;12;2;3;5;3;0;1;1;0;0;0;0;1;10.078748725;53.584807235
2;2018;12;14;3;2;1;5;0;0;1;0;0;0;0;1;9.945312218;53.627496946
2;2018;12;10;2;3;5;3;0;0;1;0;0;0;0;0;9.929999179;53.584684573
2;2018;12;7;2;3;6;4;2;0;0;1;0;0;1;1;10.084746834;53.603136998
2;2018;12;7;2;2;6;4;2;0;1;1;0;0;0;1;10.080728533;53.601202567
2;2018;12;16;6;3;6;4;1;0;0;1;0;1;0;0;9.98166174;53.521061962
2;2018;12;16;6;3;6;7;0;0;1;1;0;0;0;0;10.094514346;53.655469898
2;2018;12;13;7;3;5;2;0;0;1;0;0;0;0;1;10.031605912;53.596203376
2;2018;12;7;2;2;5;2;2;1;1;0;0;0;0;1;10.160505094;53.654219072
2;2018;12;11;4;3;0;1;0;0;0;0;1;0;0;1;10.031719411;53.62553988
2;2018;12;12;4;3;0;7;0;1;1;0;0;0;0;1;10.00993074;53.656056519
2;2018;12;15;2;3;5;3;0;0;1;0;0;0;0;1;9.906663345;53.598305772
2;2018;12;16;2;2;5;3;1;0;1;0;0;0;0;1;10.084842535;53.644164768
2;2018;12;7;2;3;3;6;1;0;1;0;0;0;0;1;10.00110422;53.676816199
2;2018;12;11;2;3;3;6;0;0;1;0;0;1;0;1;10.060998435;53.570265185
2;2018;12;21;1;3;2;6;2;0;1;0;0;0;0;0;9.962615642;53.551185901
2;2018;12;15;7;3;5;3;0;0;1;0;0;0;0;1;10.010630668;53.582552605
2;2018;12;10;2;3;6;4;0;0;1;1;0;0;0;1;10.008555315;53.61383472
2;2018;12;17;6;3;2;6;2;0;1;0;0;0;0;0;9.937406567;53.546193484
2;2018;12;1;7;3;9;1;2;0;1;0;0;0;0;1;10.043245311;53.581724254
2;2018;12;12;5;3;6;4;0;0;1;1;0;0;0;0;10.183292848;53.496165678
2;2018;12;6;2;2;1;5;2;0;1;0;0;1;0;1;10.031603274;53.634718879
2;2018;12;17;3;3;6;4;0;0;1;1;0;0;0;1;9.976277938;53.465258136
2;2018;12;8;2;3;6;4;1;0;1;1;0;0;0;0;9.962203047;53.630811783
2;2018;12;13;6;3;3;6;0;0;1;0;0;0;0;0;10.100946381;53.645504379
2;2018;12;17;6;3;6;4;2;0;0;1;1;0;0;1;9.910585347;53.602222073
2;2018;12;15;2;3;3;2;0;1;0;0;0;1;0;1;9.955998849;53.583605833
2;2018;12;8;4;3;1;6;0;0;1;0;0;0;0;1;9.905540596;53.555300057
2;2018;12;17;4;3;2;6;2;0;1;0;0;0;0;1;9.978537139;53.590063595
2;2018;12;11;2;3;0;7;0;1;0;0;0;0;0;1;9.958739981;53.590239142
2;2018;12;15;4;3;4;6;0;0;1;0;0;0;0;1;9.878780075;53.513497127
2;2018;12;12;2;3;3;2;0;1;0;0;0;0;0;1;9.943618143;53.555304615
2;2018;12;14;2;3;2;6;0;0;1;0;0;0;0;1;10.046500129;53.587477682
2;2018;12;0;7;3;5;3;2;0;1;0;0;0;0;1;10.019018938;53.549979254
2;2018;12;23;2;3;2;2;2;0;1;0;0;0;0;1;10.001069807;53.555805906
2;2018;12;19;5;3;6;2;2;0;1;1;0;0;0;0;10.061981381;53.555865389
2;2018;12;17;5;2;6;4;2;0;1;1;0;0;0;1;10.109258892;53.581751175
2;2018;12;19;2;2;6;4;2;0;1;1;0;0;0;0;9.984097257;53.557191027
2;2018;12;13;3;3;5;3;0;0;1;0;0;0;0;0;10.061511195;53.579529392
2;2018;12;16;1;3;5;2;2;0;1;0;0;0;1;1;10.206779034;53.510465656
2;2018;12;16;3;2;6;4;1;0;1;1;0;0;0;0;10.040542633;53.60343789
2;2018;12;20;1;3;2;6;2;0;1;0;0;0;0;1;10.055000594;53.555453712
2;2018;12;21;3;3;1;5;2;0;1;0;0;0;0;0;10.084950054;53.593901922
2;2018;12;13;1;3;3;7;0;0;1;0;0;0;0;1;10.149947494;53.619270316
2;2018;12;10;1;3;5;3;0;0;1;0;0;0;1;1;10.107643989;53.612749816
2;2018;12;23;1;3;9;1;2;0;1;0;0;0;0;2;9.93102042;53.573426856
2;2018;12;10;4;3;2;6;0;0;1;0;1;1;0;1;10.008860053;53.559263278
2;2018;12;20;1;3;5;3;2;0;1;0;0;0;0;1;10.149405549;53.615635135
2;2018;12;5;4;3;5;2;2;0;1;0;0;0;0;1;9.87607858;53.58841972
2;2018;12;19;1;3;5;3;2;0;1;0;0;0;0;1;10.160922778;53.596735489
2;2018;12;14;1;3;5;3;0;0;1;0;0;0;0;1;10.055230697;53.612065177
2;2018;12;7;2;3;0;7;2;1;1;0;0;0;0;1;9.979083334;53.584324818
2;2018;12;20;7;3;4;2;2;0;1;0;0;0;0;1;9.901094252;53.610180832
2;2018;12;17;1;3;1;6;2;0;1;0;0;0;0;1;9.916662718;53.599995801
2;2018;12;6;5;3;5;3;2;1;1;0;0;0;0;0;9.860854947;53.598002334
2;2018;12;16;5;3;2;6;2;0;1;0;0;0;0;1;10.035651179;53.575233966
2;2018;12;10;1;3;5;7;0;0;1;0;0;1;0;1;9.961472593;53.579987051
2;2018;12;18;3;3;3;2;2;1;1;0;0;0;0;0;10.055779029;53.591523765
2;2018;12;8;1;3;5;3;0;0;1;0;0;0;0;1;9.917303179;53.545944481
2;2018;12;7;3;3;3;6;2;0;1;0;1;0;0;1;10.050125957;53.58570374
2;2018;12;0;1;3;6;2;2;0;1;1;0;0;0;1;9.926564817;53.555312818
2;2018;12;13;2;3;3;6;0;0;1;0;0;0;0;0;10.083428555;53.576878985
2;2018;12;6;1;3;0;1;2;0;0;0;1;0;0;1;9.955707435;53.551930491
2;2018;12;12;1;3;6;2;0;0;1;1;0;0;0;1;9.962273634;53.549550794
2;2018;12;13;7;2;8;1;0;0;1;0;0;0;0;0;9.847315085;53.576629943
2;2018;12;15;6;3;2;6;2;0;1;0;0;0;0;1;10.068764209;53.563714344
2;2018;12;10;2;3;2;6;0;0;1;0;0;0;1;1;10.084149774;53.553121397
2;2018;12;17;7;3;5;3;2;1;1;0;0;0;0;0;9.878842049;53.533045525
2;2018;12;18;4;3;5;3;2;0;1;0;1;0;0;1;10.257349349;53.42257438
2;2018;12;18;7;3;6;2;2;0;1;1;0;0;0;1;9.927290879;53.551685352
2;2018;12;0;7;3;1;5;2;0;1;0;0;1;0;1;10.188807052;53.502442208
2;2018;12;16;5;3;6;4;2;0;1;1;0;0;0;0;9.997373124;53.545057166
2;2018;12;19;4;3;6;4;2;0;1;1;0;0;0;1;10.050473664;53.547790128
2;2018;12;20;7;3;6;7;2;0;1;0;0;0;1;0;10.116047163;53.530836407
2;2018;12;16;3;3;4;2;2;0;1;0;0;0;1;1;9.889850488;53.546643705
2;2018;12;9;7;3;5;2;0;1;0;0;0;0;1;0;10.115883503;53.557496176
2;2018;12;9;2;3;0;7;0;1;1;0;0;0;0;1;9.854402011;53.4704412
2;2018;12;15;1;3;2;6;0;0;1;0;0;0;0;1;9.976861563;53.461340106
2;2018;12;12;7;3;6;4;0;1;0;1;0;0;0;0;10.137584024;53.603829209
2;2018;12;21;7;3;2;6;2;0;1;0;0;0;0;1;10.133661519;53.584508631
2;2018;12;21;6;3;6;6;2;1;0;1;0;0;0;0;10.090690055;53.553545014
2;2018;12;11;6;3;1;7;0;0;1;0;0;0;0;1;10.033817996;53.576435314
2;2018;12;19;7;3;3;6;2;0;0;0;0;0;1;0;10.072974649;53.574021447
2;2018;12;18;4;3;0;7;2;1;0;0;0;0;1;0;9.903611467;53.556126738
2;2018;12;20;4;3;2;6;2;0;1;0;0;0;0;1;10.021376371;53.559450902
2;2018;12;16;2;3;1;5;2;1;1;0;0;0;0;1;9.842209568;53.576026592
2;2018;12;12;7;3;5;3;0;0;1;0;0;0;0;0;9.904622158;53.587616553
2;2018;12;18;5;2;5;3;2;0;1;0;0;0;1;0;9.918325931;53.553805704
2;2018;12;6;2;2;6;4;2;0;1;1;0;0;0;1;10.083586487;53.640452266
2;2018;12;21;6;3;8;1;2;0;1;0;0;0;0;1;10.009370767;53.549586294
2;2018;12;18;5;3;6;2;2;0;1;1;0;0;0;1;9.979288331;53.423953441
2;2018;12;7;5;2;5;3;2;1;1;0;0;0;0;1;10.218231302;53.485142117
2;2018;12;12;5;3;1;7;0;0;1;0;0;0;1;1;10.077941965;53.550394321
2;2018;12;8;2;3;5;3;2;1;1;0;0;0;0;0;9.886496423;53.478177239
2;2018;12;10;2;3;5;3;0;1;1;0;0;0;0;0;9.963972474;53.456250699
2;2018;12;12;2;3;5;3;0;1;1;0;0;0;0;1;10.207358507;53.480029917
2;2018;12;3;2;3;1;1;2;0;1;0;0;0;1;1;10.019759551;53.656514521
2;2018;12;14;2;3;5;3;0;1;1;0;0;0;0;1;9.851454149;53.587043611
2;2018;12;2;2;3;1;5;2;0;1;0;1;0;0;0;9.961993329;53.591547915
2;2018;12;14;2;3;1;5;0;0;1;0;0;0;0;0;9.936238379;53.551283603
2;2018;12;23;2;3;5;3;2;0;1;0;0;0;0;1;9.954881755;53.548622181
2;2018;12;14;2;3;1;5;0;0;1;0;0;0;0;0;10.011977212;53.552383454
2;2018;12;11;1;2;5;3;0;1;1;0;0;0;0;0;10.179702644;53.496177197
2;2018;12;3;1;3;9;7;2;0;1;0;0;0;0;1;10.088902578;53.452233783
2;2018;12;17;5;3;2;6;2;0;1;0;0;0;0;1;10.061928186;53.560185249
2;2018;12;23;1;3;0;7;2;1;0;0;0;0;0;0;10.187892301;53.490470047
2;2018;12;2;1;3;6;4;2;0;1;1;0;0;0;1;9.965002543;53.549722871
2;2018;12;18;7;3;5;3;2;0;1;0;0;0;0;1;10.19953616;53.505824222
2;2018;12;17;7;3;6;2;2;0;1;1;0;0;0;1;10.110383011;53.539667122
2;2018;12;20;7;3;6;2;2;0;1;1;0;0;0;0;10.133016915;53.624158078
2;2018;12;17;7;3;2;6;2;0;1;0;0;0;0;1;10.125761899;53.588899629
2;2018;12;14;7;3;1;6;0;0;1;0;0;0;1;1;10.067200765;53.608541143
2;2018;12;16;7;3;2;6;2;0;1;1;0;0;0;1;10.054117794;53.609846895
2;2018;12;15;7;2;6;4;0;0;1;1;0;0;0;1;10.159044567;53.657500005
2;2018;12;11;7;3;2;6;0;0;1;0;0;1;0;1;10.012819776;53.604685526
2;2018;12;14;7;3;9;1;0;0;1;0;0;0;0;1;10.025594658;53.605484982
2;2018;12;23;7;3;5;2;2;0;1;0;0;0;0;1;9.928733631;53.592243893
2;2018;12;15;7;3;2;6;0;0;1;0;0;0;0;1;9.945831408;53.56291088
2;2018;12;13;7;3;2;7;0;1;1;0;0;0;0;1;9.965019976;53.560427179
2;2018;12;18;7;3;6;7;2;0;1;1;0;0;0;1;10.010685452;53.557003822
2;2018;12;17;6;3;6;2;2;0;1;1;0;0;0;1;10.057196396;53.554928238
2;2018;12;7;6;3;4;2;0;0;1;0;0;0;0;1;10.057290354;53.564461909
2;2018;12;10;6;3;5;3;0;1;1;0;0;0;0;0;10.153076692;53.614298906
2;2018;12;17;6;3;4;2;2;0;1;0;1;0;0;1;10.135130362;53.594403156
2;2018;12;12;6;3;2;6;0;0;1;0;0;0;0;0;10.036874752;53.611774098
2;2018;12;18;6;3;5;3;2;0;1;0;0;0;0;1;10.05742177;53.566004979
2;2018;12;11;6;3;5;3;0;1;1;0;0;0;0;0;10.026313548;53.579397124
2;2018;12;13;6;3;3;7;0;0;1;0;0;0;0;0;9.919378923;53.598047274
2;2018;12;20;6;3;5;3;2;0;1;0;0;0;0;1;9.876104053;53.588397368
2;2018;12;15;6;3;2;6;0;0;1;0;0;0;0;0;9.956473873;53.57029708
2;2018;12;17;6;2;6;2;2;0;1;1;0;0;0;1;9.924590963;53.546428538
2;2018;12;17;6;3;6;7;2;0;1;1;0;0;0;1;9.998122838;53.564818791
2;2018;12;8;6;3;3;2;1;1;1;0;0;0;0;1;9.959927577;53.563682533
2;2018;12;14;6;3;2;7;0;0;1;0;0;0;0;1;9.953691611;53.545839662
2;2018;12;10;6;3;1;5;0;1;1;0;0;0;0;1;9.973708131;53.545627889
2;2018;12;22;5;3;1;5;2;0;1;0;0;0;0;1;10.099725104;53.641404796
2;2;52;5;2017;3;12;7;3;2;6;0;1;0;0;0;0;0;9.421332365;52.01728376
2;2;41;1;2017;2;5;6;3;5;3;1;1;0;0;0;2;1;9.733898481;52.413618207
2;1;55;12;2017;2;14;6;3;2;6;0;1;0;0;0;0;0;9.714239939;51.660906995
2;1;55;7;2017;2;8;6;3;8;7;1;0;0;0;0;0;1;10.094870609;51.687241848
2;1;58;23;2017;3;12;7;3;5;3;1;1;0;0;0;0;0;10.56411702;52.117605993
2;1;54;10;2017;3;8;7;3;3;7;0;1;0;0;1;0;0;11.052917579;52.221187215
2;2;57;31;2017;2;9;6;3;4;6;0;1;0;0;1;0;1;9.098513937;52.206376552
2;2;57;2;2017;2;11;6;3;0;1;0;1;0;0;0;0;1;9.294551694;52.288038086
2;2;54;21;2017;2;18;6;3;5;3;0;1;0;0;0;2;1;10.017245292;52.161535542
2;1;59;1;2017;2;22;6;3;9;1;0;1;0;0;0;2;2;9.764495055;51.579842498
2;1;59;16;2017;2;13;6;3;5;3;0;1;0;0;0;0;0;9.939874714;51.524589304
2;4;59;8;2017;3;15;6;3;2;6;0;1;0;0;0;0;0;8.156850921;52.325373266
2;1;59;16;2017;2;9;6;3;2;6;0;1;0;0;0;0;1;9.939338113;51.556325669
2;4;59;19;2017;3;15;6;3;9;7;0;1;0;0;0;0;0;8.043683108;52.205217565
2;4;59;4;2017;3;6;6;3;8;1;0;1;0;0;0;2;1;8.036997444;52.149636147
2;4;59;17;2017;3;19;6;3;0;7;1;0;0;0;0;2;1;7.671898133;52.513927234
2;4;57;18;2017;3;16;6;3;3;2;1;1;0;0;0;0;0;7.575756328;53.135739236
2;4;57;14;2017;3;7;6;2;5;3;1;1;0;0;0;0;2;7.487383201;53.303827341
2;4;54;42;2017;3;7;6;2;9;1;0;1;0;0;0;0;1;7.667752277;52.896223995
2;4;54;11;2017;3;5;6;3;9;1;0;1;0;0;0;1;2;7.650413169;53.006988729
2;4;56;1;2017;3;15;6;3;2;2;0;1;0;0;0;0;1;7.079420118;52.300925366
2;4;56;15;2017;3;11;6;3;5;3;1;1;0;0;0;0;0;7.061545987;52.442757423
2;4;54;39;2017;3;7;6;3;5;3;1;1;0;0;0;0;1;7.284426023;52.856949687
2;1;59;16;2017;2;8;6;3;5;3;0;1;0;0;0;0;1;9.940777656;51.520636605
2;1;57;6;2017;2;19;6;2;1;5;0;1;0;0;1;2;1;10.196388633;52.333284208
2;1;53;12;2017;2;7;6;3;2;6;0;1;0;0;0;0;1;10.159135714;51.857356686
2;1;53;2;2017;2;11;6;3;8;1;0;1;0;0;0;0;1;10.537477361;51.911145692
2;1;51;31;2017;2;12;6;3;8;1;0;1;0;0;0;0;2;10.800597645;52.497841512
2;1;51;31;2017;2;12;6;3;4;2;0;1;0;0;0;0;1;10.800560942;52.497699904
2;1;54;14;2017;2;14;6;3;2;6;0;1;0;0;0;0;0;10.724641381;52.375507065
2;1;54;14;2017;2;13;6;3;2;6;0;1;0;0;0;0;0;10.733373346;52.337442663
2;1;54;13;2017;2;11;6;3;3;6;0;1;0;0;1;0;0;10.88883792;52.28877593
2;4;54;29;2017;3;13;6;3;5;3;0;1;0;0;0;0;0;7.314648408;52.860241036
2;1;1;0;2017;2;12;6;3;2;6;0;1;0;0;0;0;1;10.508799054;52.272874205
2;4;59;22;2017;2;7;5;3;8;1;0;0;0;0;1;0;1;8.157530304;52.167859676
2;4;62;11;2017;3;7;6;2;4;6;0;1;0;0;0;0;1;7.530777435;53.583000225
2;4;62;5;2017;3;14;6;3;5;2;0;1;0;0;0;0;0;7.839677004;53.451175933
2;4;58;7;2017;3;7;6;2;9;1;0;1;0;0;0;1;2;8.207738693;52.934654449
2;4;62;2;2017;3;7;6;2;8;1;0;1;0;0;0;1;1;7.668305011;53.594221511
2;4;62;19;2017;3;7;6;2;8;1;0;1;0;0;0;0;2;7.858348037;53.614387435
2;4;52;11;2017;3;7;6;3;0;7;0;0;0;1;0;0;2;7.161038177;53.408752416
2;4;59;30;2017;2;18;5;2;0;4;0;1;1;0;0;2;1;7.945155302;52.675001533
2;4;4;0;2017;2;6;5;3;5;3;0;1;0;0;1;2;1;8.012183007;52.295507839
2;4;57;17;2017;2;13;5;3;5;3;1;1;0;0;0;0;1;7.622202276;53.140715098
2;4;52;8;2017;3;7;6;3;9;1;0;1;0;0;0;1;1;7.294530517;53.618067553
2;4;57;24;2017;2;18;5;3;2;2;0;1;0;0;0;0;1;7.291941475;53.17926269
2;4;52;1;2017;3;17;6;3;8;1;0;0;0;1;0;1;0;7.593643271;53.509710789
2;4;53;6;2017;3;7;6;3;8;1;0;1;0;0;0;0;1;7.932981518;52.698567483
2;4;55;15;2017;3;22;6;3;8;1;0;1;0;0;0;2;1;7.950236425;53.562424199
2;4;5;0;2017;3;15;6;2;6;4;0;1;1;0;0;0;0;8.091717286;53.574551386
2;4;5;0;2017;3;7;6;3;9;1;0;1;0;0;0;0;2;8.075851015;53.575233521
2;3;56;10;2017;3;6;6;2;8;1;0;1;0;0;0;1;2;8.880564818;53.343438711
2;3;61;1;2017;3;19;6;3;2;6;0;1;0;0;1;2;1;9.017020797;53.02712744
2;4;58;1;2017;3;7;6;3;8;1;0;1;0;0;0;0;2;8.592400147;52.864842122
2;4;1;0;2017;3;7;6;3;5;3;1;1;0;0;0;0;1;8.644552908;53.047993892
2;4;56;4;2017;2;15;5;3;9;1;0;1;0;0;0;0;1;6.959992699;52.548597237
2;4;56;15;2017;2;14;5;3;0;2;0;1;0;0;0;0;1;7.081529399;52.369576583
2;4;54;40;2017;2;6;5;3;5;3;0;1;0;0;0;2;1;7.26409157;52.844250626
2;4;54;35;2017;2;13;5;3;2;6;0;1;0;0;0;0;1;7.295537399;52.713800907
2;4;54;19;2017;2;7;5;3;2;6;0;1;0;0;0;1;1;7.30784859;52.597834338
2;4;54;2;2017;2;14;5;3;1;5;0;1;0;0;0;0;1;7.41229466;52.601493575
2;4;62;11;2017;2;17;5;3;5;3;0;1;0;0;0;1;1;7.498020432;53.587014211
2;4;62;10;2017;2;23;5;2;9;1;0;1;0;0;0;2;1;7.666457814;53.664435546
2;4;62;5;2017;2;9;5;3;4;2;0;1;0;0;0;0;1;7.839677004;53.451175933
2;3;52;59;2017;3;7;6;3;5;2;1;1;0;0;0;0;0;8.819038561;53.434618627
2;4;52;24;2017;2;6;5;3;5;3;0;1;0;0;1;2;1;7.281224661;53.518345335
2;3;53;29;2017;3;7;6;3;4;6;0;1;0;0;0;0;2;9.877948932;53.383144055
2;4;52;1;2017;2;15;5;3;2;6;0;1;0;0;0;0;1;7.478950364;53.466799376
2;3;53;2;2017;3;6;6;3;8;7;0;1;0;0;0;0;2;9.972207898;53.295878534
2;4;60;5;2017;2;10;5;3;2;2;0;1;0;0;0;0;1;8.12340591;52.588124245
2;4;55;26;2017;2;14;5;3;5;2;0;1;0;0;0;0;1;8.127857539;53.348320295
2;3;56;8;2017;2;16;5;3;4;2;0;1;0;0;0;0;1;8.707333553;53.186963852
2;4;51;7;2017;2;15;5;3;2;6;0;1;0;0;0;0;1;7.86275762;53.293104829
2;3;53;35;2017;3;7;6;3;8;1;0;1;0;0;0;1;2;9.830194299;53.286486191
2;3;59;34;2017;3;9;6;3;2;6;0;1;0;0;1;0;0;9.593900751;53.497823827
2;3;59;14;2017;3;9;6;3;2;6;0;1;0;0;0;0;0;9.345809654;53.591378179
2;3;59;14;2017;3;9;6;3;2;6;0;1;0;0;1;0;0;9.379059569;53.594289487