ULAND;UJAHR;UMONAT;USTUNDE;UWOCHENTAG;UKATEGORIE;UART;UTYP1;ULICHTVERH;IstRad;IstPKW;IstFuss;IstKrad;IstGkfz;IstSonstig;STRZUSTAND;XGCSWGS84;YGCSWGS84
2;4;54;8;2017;3;3;5;3;8;1;0;1;0;0;0;2;0;7.353204728;52.978900527
2;4;56;2;2017;3;7;5;3;2;6;0;1;0;0;0;0;0;6.853282157;52.606789843
2;4;54;10;2017;3;13;5;3;3;6;0;1;0;0;1;0;0;7.287925449;52.338853339
2;4;54;32;2017;3;7;5;3;8;7;0;1;0;0;0;0;0;7.436922979;52.522026527
2;4;53;1;2017;3;8;4;3;2;2;0;1;0;0;1;0;0;7.810972664;53.101211191
2;4;55;26;2017;3;15;4;3;5;3;1;1;0;0;0;0;0;8.137432001;53.394359233
2;3;61;1;2017;3;18;4;3;2;6;0;1;0;0;0;2;1;9.032030996;53.015355549
2;3;61;6;2017;3;7;4;3;5;3;1;1;0;0;0;0;0;9.180824907;52.976657549
2;4;3;0;2017;3;18;4;3;2;6;0;1;0;0;0;2;1;8.190265283;53.144906861
2;3;61;9;2017;3;22;4;3;5;3;0;1;0;0;0;2;1;9.02564474;53.060281508
2;4;53;5;2017;3;17;4;3;3;6;0;1;0;0;0;0;1;8.213563398;52.823920987
2;4;58;9;2017;3;6;4;3;2;7;0;1;0;0;0;1;0;8.338242743;53.067145397
2;3;52;61;2017;3;9;4;3;8;1;0;1;0;0;0;0;0;8.662362284;53.721852637
2;4;54;2;2017;3;16;5;3;2;2;0;1;0;0;1;0;0;7.399176077;52.591693443
2;3;59;27;2017;3;21;4;2;4;1;0;1;0;0;0;2;2;9.540867566;53.502186976
2;3;59;40;2017;3;14;4;3;2;6;0;1;0;0;0;0;1;9.328302318;53.74998859
2;4;52;19;2017;3;8;5;3;2;2;0;1;0;0;0;0;0;7.245583374;53.565745804
2;4;52;16;2017;3;6;5;2;5;2;0;1;0;1;0;0;0;7.230968618;53.603335605
2;4;52;1;2017;3;12;5;3;2;6;0;1;0;0;0;0;0;7.486014721;53.469028375
2;3;61;1;2017;3;8;5;3;2;6;0;1;0;0;0;0;0;9.018432955;53.015615324
2;3;61;3;2017;3;13;5;2;5;2;0;0;0;0;1;0;0;9.297017108;52.855125203
2;4;3;0;2017;3;16;5;3;2;6;0;1;0;0;0;0;0;8.194133191;53.153096554
2;3;55;9;2017;3;12;4;2;8;1;0;1;0;0;0;0;0;10.790142871;53.267601733
2;3;51;6;2017;3;18;4;3;5;3;1;1;0;0;0;2;1;10.057857168;52.620355391
2;2;41;6;2017;3;15;4;3;5;2;0;1;0;0;0;0;1;9.608541181;52.34342148
2;4;51;2;2017;3;23;5;3;8;7;0;1;0;1;0;2;0;8.007273045;53.211550891
2;2;41;5;2017;3;14;4;3;5;3;0;1;0;0;0;0;1;9.599676068;52.435211739
2;4;3;0;2017;3;13;5;3;2;6;0;1;0;0;1;0;0;8.215152238;53.118263491
2;2;51;37;2017;3;16;5;3;5;3;1;1;0;0;0;0;0;8.724565245;53.036830643
2;4;58;13;2017;3;10;5;2;8;7;0;1;0;0;0;0;0;8.183084086;52.962914338
2;2;51;37;2017;3;8;5;3;2;6;0;1;0;0;0;0;0;8.741127151;53.011484237
2;4;1;0;2017;3;7;5;3;3;2;0;1;0;1;0;0;0;8.642677769;53.075035547
2;3;52;11;2017;3;12;5;3;5;3;1;1;0;0;0;0;0;8.688904059;53.850995055
2;3;59;25;2017;3;15;5;3;2;6;0;1;0;0;0;0;0;9.313570035;53.610968204
2;3;55;9;2017;3;16;5;3;5;3;1;1;0;0;0;0;0;10.740657452;53.284650871
2;3;51;5;2017;3;10;5;3;8;6;0;1;0;0;1;0;0;10.218733556;52.528518331
2;2;41;3;2017;3;15;4;3;6;4;0;1;1;0;0;0;1;10.017866498;52.437694644
2;2;41;5;2017;3;21;4;2;9;1;0;1;0;0;0;2;1;9.57358727;52.431181018
2;1;55;13;2017;3;20;4;2;4;2;0;1;0;0;0;2;1;9.833196481;51.820887614
2;2;57;33;2017;3;22;4;3;8;7;0;1;0;0;0;2;1;9.283411279;52.381648535
2;2;57;9;2017;3;11;4;3;5;3;0;1;0;0;1;0;0;9.071574653;52.265385615
2;2;54;29;2017;3;1;4;3;8;1;0;1;0;0;0;2;1;10.060920481;52.165032643
2;2;54;21;2017;3;17;4;3;9;6;0;1;0;0;0;1;1;10.042055456;52.130622421
2;2;54;5;2017;3;9;4;3;3;6;0;1;0;0;0;0;0;10.054168052;52.125968931
2;1;59;7;2017;3;14;4;2;5;3;0;1;0;0;0;0;1;9.923769403;51.58311168
2;2;41;1;2017;3;16;5;3;6;7;0;1;1;0;0;0;0;9.832300816;52.386086841
2;1;51;38;2017;3;17;4;2;5;3;0;1;0;0;0;1;1;10.492220474;52.592382956
2;2;41;1;2017;3;15;5;3;2;6;0;1;0;1;0;0;0;9.728051993;52.336203272
2;4;59;3;2017;3;19;3;3;4;2;1;1;0;0;0;2;1;8.428200787;52.317242651
2;2;41;7;2017;3;11;5;3;5;3;1;1;0;0;0;0;0;9.736304345;52.306838493
2;4;59;3;2017;3;18;3;3;5;3;0;1;0;0;0;2;0;8.429862303;52.310897216
2;4;52;12;2017;3;14;3;3;5;3;0;1;0;1;0;0;0;7.355212527;53.397929528
2;4;60;6;2017;3;11;3;3;8;6;0;1;0;0;1;0;0;8.221154701;52.707782657
2;3;56;9;2017;3;7;3;3;6;4;0;0;1;0;1;0;0;8.518648251;53.234805507
2;2;41;14;2017;3;12;5;3;2;6;0;1;0;0;0;0;0;9.663094414;52.315632347
2;2;41;12;2017;3;8;5;3;2;6;0;1;0;0;0;0;0;9.462383863;52.51304343
2;2;41;5;2017;3;0;5;3;8;1;0;1;0;0;0;2;0;9.539861933;52.459994597
2;2;41;8;2017;3;15;5;3;4;6;0;1;0;0;0;0;0;9.851480071;52.472767964
2;2;41;10;2017;3;16;5;2;9;1;0;0;0;1;0;0;0;9.731556679;52.429417501
2;2;41;2;2017;3;15;5;3;2;6;0;1;0;0;1;0;0;9.404634093;52.331621408
2;2;41;11;2017;3;16;5;3;2;6;0;1;0;0;1;0;0;10.012413752;52.384250393
2;1;59;26;2017;3;8;5;3;2;6;0;1;0;0;1;0;0;10.140899093;51.693290955
2;3;61;1;2017;3;16;3;3;9;7;0;1;0;0;0;0;0;9.053837522;53.005222378
2;2;57;13;2017;3;17;5;3;5;3;1;1;0;0;0;0;0;9.126523506;52.296054968
2;2;57;32;2017;3;19;5;3;5;3;0;1;0;0;1;2;1;9.370103184;52.313141073
2;2;56;22;2017;3;7;5;2;5;3;1;0;0;1;0;0;0;9.220530283;52.659584437
2;4;58;9;2017;3;7;3;3;2;6;0;1;0;0;1;0;0;8.432450489;53.059368765
2;4;61;3;2017;3;11;3;3;1;5;0;1;0;0;0;0;0;8.363101326;53.574112512
2;4;58;3;2017;3;17;3;2;9;1;0;1;0;0;0;1;0;8.371572231;52.936687385
2;3;52;62;2017;3;8;3;3;9;7;0;1;0;0;0;0;0;8.718770698;53.639104615
2;2;54;8;2017;3;10;5;3;5;3;0;1;0;0;0;0;0;10.124113204;52.008990532
2;3;53;20;2017;3;8;3;3;5;3;0;1;0;0;0;0;1;9.95921262;53.300445179
2;3;59;10;2017;3;17;3;3;1;5;0;1;0;0;0;0;0;9.676906405;53.461124182
2;2;55;8;2017;3;16;5;2;8;1;0;1;0;0;0;0;0;9.822290729;51.9339685
2;3;57;39;2017;3;19;3;3;5;3;1;1;0;0;0;1;0;9.39408229;53.102573406
2;3;60;8;2017;3;19;3;3;4;6;0;1;0;0;0;2;0;10.576560845;53.04270515
2;3;55;29;2017;3;22;3;3;8;1;0;1;0;0;0;2;0;10.261424639;53.096987798
2;1;59;16;2017;3;9;5;3;3;6;0;1;0;1;0;0;0;9.931720681;51.544910079
2;3;55;1;2017;3;15;3;2;5;3;0;1;0;0;0;0;0;10.42750568;53.298095612
2;1;57;7;2017;3;17;5;3;2;6;0;1;0;1;0;0;0;10.372736476;52.258764026
2;3;51;6;2017;3;14;3;3;5;2;0;1;0;0;0;0;0;10.079775239;52.636838531
2;1;57;6;2017;3;13;5;3;2;2;0;1;0;0;0;0;0;10.259214398;52.300734158
2;1;58;4;2017;3;7;5;3;2;6;0;1;0;0;0;0;0;10.231647405;52.12303481
2;4;59;24;2017;3;10;4;3;5;3;0;1;0;0;1;0;0;8.346717208;52.192680471
2;4;59;19;2017;3;6;4;3;2;6;0;1;0;0;1;0;0;8.061483253;52.235396225
2;2;41;1;2017;3;17;3;3;5;2;0;1;0;0;1;0;0;9.778113911;52.371443951
2;4;59;13;2017;3;13;4;2;4;2;0;1;0;0;0;0;0;8.309627806;52.437314759
2;2;41;17;2017;3;8;3;3;9;1;0;1;0;0;0;0;1;9.688502083;52.244300524
2;2;41;14;2017;3;16;3;3;2;6;0;1;0;0;0;0;0;9.630485217;52.330645493
2;2;41;1;2017;3;11;3;2;5;2;1;0;0;0;1;0;0;9.735842386;52.399371977
2;4;56;5;2017;3;13;4;3;2;6;0;1;0;0;1;0;0;7.070861336;52.55857913
2;4;56;2;2017;3;14;4;2;4;2;0;1;0;0;0;0;0;6.873678967;52.62509552
2;2;57;12;2017;3;12;3;2;5;3;0;1;0;1;0;0;0;9.109111224;52.222629717
2;1;55;7;2017;3;8;3;3;2;6;0;1;0;0;0;0;1;10.091716358;51.688110622
2;1;55;5;2017;3;7;3;3;9;1;0;1;0;0;0;1;1;9.848695967;51.670843437
2;2;57;25;2017;3;6;3;3;5;2;1;1;0;0;0;0;0;9.142027555;52.355568659
2;2;57;2;2017;3;2;3;2;8;1;0;1;0;0;0;2;1;9.314257045;52.286121583
2;2;54;45;2017;3;18;3;3;2;7;0;1;0;0;0;2;0;9.901957317;52.051144669
2;2;54;21;2017;3;7;3;3;3;1;0;1;0;0;1;1;1;9.891050476;52.15944075
2;1;59;16;2017;3;16;3;3;2;6;0;1;0;0;0;0;1;9.879646045;51.525473155
2;4;54;19;2017;3;20;4;1;6;4;0;1;1;0;0;1;0;7.498606816;52.65134326
2;1;59;16;2017;3;9;3;3;2;6;0;1;0;0;0;0;1;9.93143601;51.557258921
2;4;62;19;2017;3;11;4;2;4;2;0;1;0;0;1;0;0;7.79024355;53.643918448
2;1;58;37;2017;3;18;3;3;2;5;0;1;0;0;0;1;0;10.540530124;52.17215242
2;4;52;7;2017;3;0;4;3;0;1;0;1;0;0;0;2;0;7.321126871;53.567969972
2;4;52;25;2017;3;16;4;3;2;6;0;1;0;1;0;0;0;7.686636112;53.38622838
2;4;53;12;2017;3;7;4;3;5;3;0;1;0;0;0;0;0;7.927104021;52.8614645
2;4;53;8;2017;3;18;4;2;5;3;0;1;0;1;0;0;0;7.955739096;52.918149927
2;4;55;7;2017;3;14;4;3;2;6;0;1;0;0;0;0;0;7.937916469;53.56587602
2;3;61;3;2017;3;15;4;3;1;6;0;1;0;1;0;0;0;9.303398083;52.83993334
2;3;61;12;2017;3;17;4;3;8;7;0;1;0;1;0;0;1;9.251917273;52.909029709
2;2;51;47;2017;3;17;4;3;2;6;0;1;0;1;1;0;0;8.877920959;53.009826514
2;2;51;47;2017;3;13;4;3;2;2;0;1;0;0;0;0;0;8.870997498;52.988070095
2;1;2;0;2017;3;15;3;2;3;1;0;1;0;0;0;0;1;10.366715572;52.098242257
2;2;51;37;2017;3;5;4;3;5;3;0;1;0;0;0;2;0;8.726712641;53.03566575
2;1;57;6;2017;3;15;3;3;8;1;0;1;0;0;0;0;0;10.240608414;52.360989201
2;2;51;41;2017;3;17;4;2;6;4;0;1;1;0;0;0;0;8.803643563;52.908058984
2;1;53;12;2017;3;15;3;2;2;6;0;1;0;0;0;0;0;10.154229966;51.883561296
2;4;61;7;2017;3;18;4;3;2;6;0;1;0;1;0;0;0;8.445877619;53.436153677
2;4;59;24;2017;3;22;2;2;5;3;1;1;0;0;0;2;1;8.371901746;52.185575924
2;4;54;51;2017;3;5;2;3;5;3;0;1;0;0;1;2;0;7.492568596;53.007607741
2;4;54;12;2017;3;19;2;3;4;1;1;1;0;1;0;2;0;7.532621952;52.46796095
2;4;61;8;2017;3;16;4;3;2;2;0;1;0;0;1;0;0;8.301567629;53.253517118
2;4;60;4;2017;3;12;2;3;5;3;0;1;0;0;0;0;0;8.400733803;52.797518399
2;4;61;2;2017;3;10;4;3;2;6;0;1;0;0;0;0;0;8.444067847;53.350697758
2;3;61;12;2017;3;18;2;3;2;2;0;1;0;0;0;2;1;9.219401532;52.917846841
2;4;51;2;2017;3;12;2;3;2;6;0;1;0;0;1;0;0;7.986706282;53.192834938
2;3;52;62;2017;3;14;4;3;2;6;0;1;0;0;0;0;0;8.595134591;53.602115663
2;2;51;36;2017;3;17;2;3;8;1;0;1;0;0;0;0;1;8.305041273;52.470867889
2;3;52;62;2017;3;16;4;3;5;3;0;1;0;0;0;0;0;8.753103658;53.61136902
2;4;61;1;2017;3;19;2;3;8;1;0;1;0;0;0;2;1;8.44348222;53.153037307
2;3;53;5;2017;3;16;4;3;2;6;1;1;0;0;0;0;0;9.877373424;53.275333167
2;4;58;9;2017;3;18;2;3;8;1;0;1;0;0;0;1;1;8.244543731;53.047569935
2;3;57;37;2017;3;11;4;2;8;1;0;1;0;0;0;0;0;9.199649106;53.133339489
2;3;52;32;2017;3;15;2;3;5;3;0;1;0;0;0;0;1;8.653281919;53.474032255
2;3;53;19;2017;3;0;4;3;2;6;0;1;0;0;1;2;0;9.707319157;53.357952274
2;3;51;4;2017;3;7;4;3;2;6;0;1;0;0;0;0;0;9.967589624;52.804089433
2;3;51;6;2017;3;18;4;2;5;3;1;1;0;0;0;2;0;10.083358075;52.626309811
2;2;41;1;2017;3;19;4;3;2;6;0;1;0;0;0;2;0;9.623890824;52.42541657
2;2;41;1;2017;3;13;4;3;2;6;0;1;0;0;0;0;0;9.713419309;52.36193252
2;2;41;1;2017;3;12;4;3;2;6;0;1;0;0;0;0;0;9.749452305;52.36924053
2;2;41;15;2017;3;15;4;3;5;3;0;1;0;0;0;0;0;9.515555774;52.411574294
2;2;41;14;2017;3;14;4;3;2;6;0;1;0;0;0;0;0;9.636604666;52.33177951
2;3;52;62;2017;3;16;2;3;0;6;0;1;0;0;1;0;1;8.62397294;53.615182836
2;3;52;11;2017;3;16;2;3;2;6;0;1;0;0;0;0;1;8.668946651;53.826919629
2;3;53;26;2017;3;20;2;3;4;2;0;1;0;0;0;2;0;9.787840051;53.460105005
2;3;59;7;2017;3;10;2;3;5;3;0;1;0;0;0;0;1;9.560958508;53.46486166
2;3;59;2;2017;3;6;2;3;9;1;0;1;0;0;0;0;1;9.423155756;53.435911382
2;3;59;16;2017;3;11;2;2;0;6;0;0;0;0;1;2;1;9.192974273;53.567381344
2;3;59;38;2017;3;15;2;3;2;6;0;1;0;0;0;0;1;9.42358432;53.594630819
2;3;58;7;2017;3;15;2;3;2;6;0;1;0;0;0;0;0;9.689164722;52.686557003
2;2;41;10;2017;3;16;4;3;2;2;0;1;0;0;0;0;0;9.735648977;52.467393968
2;3;57;39;2017;3;14;2;3;2;6;0;1;0;0;0;0;1;9.409389133;53.111400598
2;2;41;10;2017;3;11;4;2;2;6;0;1;0;0;1;0;0;9.783336142;52.525125014
2;2;41;1;2017;3;13;2;3;2;6;0;1;0;0;0;0;0;9.714961585;52.361878248
2;2;41;1;2017;3;1;4;2;0;7;0;0;0;0;1;2;0;9.705104957;52.430243305
2;1;55;11;2017;3;15;4;3;5;3;0;1;0;0;0;0;0;9.966915786;51.665712318
2;2;56;32;2017;3;12;4;3;6;3;0;1;1;0;0;0;0;8.950151039;52.499895678
2;2;41;1;2017;3;20;2;3;2;2;0;1;0;0;0;2;1;9.810745135;52.382633807
2;2;41;1;2017;3;18;2;3;2;6;0;1;0;0;0;1;1;9.775991706;52.371114347
2;2;57;20;2017;3;6;4;3;4;6;0;1;0;0;0;0;0;9.284232873;52.35800822
2;2;57;6;2017;3;16;4;3;0;1;1;0;0;0;0;0;0;9.389389923;52.338522371
2;2;56;28;2017;3;18;4;3;2;6;0;0;0;1;1;0;0;9.185262932;52.736708081
2;2;54;26;2017;3;13;4;3;8;7;0;1;0;0;0;0;0;9.775916995;52.165817046
2;2;52;3;2017;3;8;4;2;8;1;0;1;0;0;0;0;0;9.207845131;51.978997479
2;2;52;6;2017;3;7;4;3;4;6;0;1;0;0;1;0;0;9.37737332;52.104720243
2;1;59;1;2017;3;17;4;3;5;3;0;1;0;0;0;0;0;9.755990663;51.57100406
2;1;59;16;2017;3;7;4;3;5;3;1;0;0;0;1;0;0;9.9338211;51.538314703
2;2;41;1;2017;3;10;2;3;2;2;0;1;0;0;0;0;1;9.856655834;52.388506662
2;1;3;0;2017;3;13;4;3;3;6;0;1;0;0;1;0;0;10.80349521;52.437375807
2;2;41;1;2017;3;11;2;3;5;3;1;1;0;0;0;0;0;9.799412237;52.409542989
2;1;51;5;2017;3;15;4;3;5;3;0;1;0;0;0;0;0;10.93311588;52.598992669
2;2;41;21;2017;3;15;2;3;5;3;0;1;0;0;0;0;0;9.419143375;52.429268443
2;1;51;38;2017;3;15;4;2;5;2;1;1;0;0;0;0;0;10.542821631;52.61230085
2;1;51;9;2017;3;13;4;3;5;2;1;1;0;0;0;0;0;10.511936951;52.554775151
2;4;59;24;2017;3;20;3;3;8;1;0;1;0;0;0;2;0;8.275626251;52.226405395
2;4;59;24;2017;3;6;3;3;5;3;0;1;0;0;0;0;0;8.31651827;52.201754223
2;4;59;13;2017;3;22;3;2;9;1;0;1;0;0;0;2;0;8.25577529;52.354960177
2;4;59;7;2017;3;7;3;3;5;3;1;1;0;0;0;0;0;7.981081725;52.638529424
2;4;4;0;2017;3;12;3;3;2;2;0;1;0;0;0;0;0;8.057058027;52.258719916
2;4;57;14;2017;3;13;3;3;3;2;1;0;0;0;1;0;0;7.462166379;53.286497284
2;2;41;15;2017;3;18;2;3;2;2;0;1;0;0;0;2;1;9.647801666;52.396862401
2;4;54;49;2017;3;14;3;3;2;6;0;1;0;0;0;0;0;7.504318941;52.372720656
2;2;41;5;2017;3;7;2;3;2;2;0;1;0;0;0;0;1;9.609767614;52.431944133
2;4;5;0;2017;3;9;3;3;8;7;0;1;0;0;0;0;0;8.13544557;53.543072913
2;4;5;0;2017;3;5;3;2;5;3;0;1;0;0;0;2;0;8.092378137;53.574625071
2;2;41;1;2017;3;13;2;3;2;7;0;1;0;0;1;0;0;9.722781637;52.337510306
2;2;41;1;2017;3;11;2;2;5;3;0;1;0;0;0;0;0;9.759664886;52.335137022
2;2;41;1;2017;3;7;2;3;2;6;0;1;0;0;0;1;1;9.806706908;52.336458918
2;2;57;33;2017;3;14;2;3;5;3;1;1;0;0;0;0;0;9.273144363;52.382936085
2;2;57;35;2017;3;5;2;3;2;6;0;1;0;0;0;2;1;9.210741448;52.31942389
2;3;61;9;2017;3;11;3;3;2;6;0;1;0;0;1;0;0;9.077352028;53.056657598
2;2;56;15;2017;3;6;2;3;5;3;0;1;0;0;0;2;1;9.099565542;52.838722606
2;2;56;22;2017;3;15;2;3;5;3;1;0;0;0;1;0;0;9.219080146;52.656127894
2;2;51;40;2017;3;14;3;1;5;3;0;1;0;0;0;0;0;8.839333481;52.680695252
2;2;52;3;2017;3;7;2;3;0;7;0;1;0;1;0;0;1;9.29121816;51.982370721
2;2;51;44;2017;3;17;3;3;1;5;0;1;0;0;1;0;0;8.58303205;52.551397347
2;1;59;16;2017;3;17;2;3;2;6;0;1;0;0;0;0;0;9.931216553;51.529601836
2;4;58;7;2017;3;15;3;2;9;6;0;0;0;1;0;0;0;8.253002694;53.010123988
2;1;59;7;2017;3;17;2;3;2;7;0;1;0;1;0;0;0;9.871632575;51.587653073
2;4;1;0;2017;3;9;3;3;3;2;1;1;0;0;0;0;0;8.632972666;53.052720878
2;3;52;62;2017;3;18;3;3;2;6;0;1;0;0;0;1;1;8.594805614;53.608017296
2;3;53;31;2017;3;17;3;3;2;6;0;1;0;0;0;0;0;10.034767855;53.428829285
2;3;53;31;2017;3;17;3;3;2;6;0;1;0;0;1;0;0;10.02785316;53.405198106
2;3;53;29;2017;3;10;3;3;2;6;0;1;0;0;0;0;0;9.922925995;53.402442339
2;1;59;16;2017;3;12;2;3;5;3;0;1;0;0;1;0;1;9.8884532;51.555106314
2;3;53;39;2017;3;11;3;3;0;6;0;1;0;0;0;0;0;9.748798667;53.35003978
2;1;59;7;2017;3;7;2;2;8;1;0;1;0;0;0;0;1;9.882799343;51.567621031
2;1;3;0;2017;3;14;2;3;2;6;0;1;0;0;0;0;1;10.751936369;52.45989537
2;1;58;6;2017;3;10;2;3;2;6;0;1;0;0;0;0;0;10.600523688;52.247025395
2;1;58;32;2017;3;23;2;3;9;1;0;1;0;0;0;2;1;10.732844492;52.138771066
2;1;57;7;2017;3;19;2;3;6;2;0;1;1;0;0;2;1;10.373251746;52.260644122
2;1;57;1;2017;3;7;2;3;2;2;0;1;0;1;0;0;1;10.154488867;52.381256125
2;3;59;28;2017;3;6;3;3;5;3;0;0;0;1;1;0;0;9.757823711;53.533005408
2;3;59;17;2017;3;16;3;3;2;2;0;1;0;0;0;0;0;9.359094616;53.506461478
2;3;58;5;2017;3;6;3;2;2;6;0;1;0;0;1;1;0;9.693783783;52.673109708
2;3;58;21;2017;3;12;3;3;5;3;1;1;0;0;0;0;0;9.835995225;52.991184562
2;3;58;21;2017;3;6;3;3;5;2;1;1;0;0;0;1;0;9.846709334;52.990708399
2;3;57;45;2017;3;15;3;3;2;6;0;1;0;0;0;0;0;9.228026009;53.113531056
2;3;57;18;2017;3;12;3;2;8;6;0;1;0;0;0;0;0;9.301478883;53.204324326
2;1;57;6;2017;3;19;2;2;4;2;0;1;0;1;0;2;1;10.261454282;52.337861064
2;3;60;24;2017;3;11;3;3;2;2;0;1;0;0;0;0;0;10.807774717;52.931366559
2;1;57;6;2017;3;18;2;3;5;2;1;1;0;0;0;2;1;10.205202563;52.304028178
2;3;54;11;2017;3;8;3;3;8;6;0;1;0;0;1;0;0;11.113973743;53.044099461
2;1;1;0;2017;3;16;2;3;2;6;0;1;0;0;0;1;1;10.518489234;52.290011295
2;2;41;1;2017;3;19;3;3;5;2;1;1;0;0;0;2;0;9.771411144;52.334977861
2;4;59;19;2017;3;22;1;3;2;6;0;1;0;0;0;2;1;8.065916522;52.226414434
2;4;56;1;2017;3;20;1;3;0;6;0;1;0;0;0;2;1;7.178013563;52.275692616
2;4;54;39;2017;3;8;1;2;9;1;0;1;0;0;0;0;1;7.174400914;52.881997484
2;4;55;15;2017;3;13;1;3;2;6;0;1;0;0;0;0;0;8.038826614;53.524007318
2;2;41;12;2017;3;8;3;3;6;4;0;1;1;0;0;0;0;9.430884209;52.571069484
2;3;56;9;2017;3;3;1;2;9;7;0;1;0;0;0;2;0;8.633717796;53.20623329
2;3;53;6;2017;3;17;1;3;3;6;0;1;0;0;0;1;0;9.706466331;53.333216473
2;2;41;8;2017;3;7;3;3;6;4;0;1;1;0;0;0;0;9.797404023;52.476146745
2;3;53;5;2017;3;0;1;2;7;7;1;0;0;0;0;2;0;9.878761154;53.271734356
2;2;41;18;2017;3;14;3;3;3;2;0;1;0;1;0;0;0;10.094900871;52.485459225
2;2;41;1;2017;3;16;3;3;8;7;0;0;0;0;1;0;0;9.702542156;52.430441662
2;3;59;14;2017;3;5;1;3;2;6;0;1;0;0;0;2;1;9.343521462;53.587688084
2;2;52;1;2017;3;7;3;2;8;1;0;1;0;0;0;0;0;9.181881785;52.066641022
2;3;58;4;2017;3;20;1;3;8;7;0;1;0;0;0;2;1;9.605061712;52.888114728
2;2;52;6;2017;3;8;3;3;5;3;1;1;0;0;0;0;0;9.351654912;52.120688508
2;1;59;17;2017;3;16;3;3;2;2;0;1;0;0;1;0;0;9.645098318;51.426482493
2;1;59;16;2017;3;22;3;3;5;3;1;1;0;0;0;2;0;9.931269273;51.54755701
2;1;59;29;2017;3;10;3;2;2;6;0;0;0;0;1;0;0;9.878348327;51.506664976
2;1;58;8;2017;3;8;3;3;8;1;0;1;0;0;0;0;0;10.579818907;52.137789256
2;3;57;43;2017;3;15;1;3;6;4;0;1;1;0;0;0;0;9.214056388;53.373256398
2;1;51;12;2017;3;10;3;2;9;1;0;1;0;0;0;0;0;10.419589934;52.41003838
2;3;57;8;2017;3;11;1;3;7;7;0;1;0;0;0;0;0;9.186434768;53.499338753
2;4;59;22;2017;3;13;2;2;4;2;0;1;0;1;0;0;0;8.149686907;52.164216807
2;2;41;1;2017;3;17;1;3;5;2;0;1;0;0;0;0;0;9.743289999;52.368193609
2;3;58;19;2017;3;12;3;3;9;1;0;1;0;0;0;0;0;9.859884213;53.080327298
2;3;57;13;2017;3;0;3;3;8;7;0;1;0;0;0;2;0;9.33819276;53.278576765
2;3;57;8;2017;3;15;3;3;1;5;0;1;0;0;0;0;0;9.16020283;53.479064004
2;3;57;13;2017;3;17;3;2;2;6;0;1;0;0;1;0;0;9.352945106;53.234669051
2;3;60;29;2017;3;15;3;3;2;6;0;1;0;0;0;0;0;10.310960981;53.035832981
2;2;41;1;2017;3;16;3;3;3;2;1;1;0;0;0;0;0;9.787011459;52.372163662
2;2;41;17;2017;3;7;3;3;2;6;0;1;0;0;0;0;0;9.660585532;52.171303542
2;2;41;6;2017;3;9;3;3;6;2;0;1;1;0;0;0;0;9.607125944;52.307862044
2;2;41;14;2017;3;18;3;3;2;6;0;1;0;0;0;0;0;9.669163657;52.346140008
2;2;41;12;2017;3;16;3;3;5;3;0;1;0;0;0;0;0;9.584818028;52.584657222
2;2;41;12;2017;3;7;3;3;4;6;0;1;0;0;0;0;0;9.473409548;52.505319482
2;2;41;2;2017;3;19;3;3;5;3;0;1;0;0;0;0;0;9.431535995;52.319094955
2;2;41;2;2017;3;15;3;3;2;6;0;1;0;0;0;0;0;9.409265751;52.334080552
2;2;41;5;2017;3;14;3;3;3;6;0;1;0;0;1;0;0;9.58567343;52.440715042
2;2;41;4;2017;3;8;3;3;5;3;0;1;0;0;0;0;0;9.857452422;52.49788597
2;2;41;3;2017;3;17;3;2;4;2;0;0;0;1;1;0;0;10.024160698;52.432962362
2;2;41;1;2017;3;16;3;3;2;6;0;1;0;0;0;0;0;9.719195455;52.34816629
2;3;54;18;2017;4;5;2;2;9;1;0;1;0;0;0;2;0;11.152344583;53.013136231
2;2;41;10;2017;3;13;3;3;5;2;0;1;0;0;0;0;0;9.670741967;52.441325853
2;2;41;15;2017;3;10;3;3;2;6;0;1;0;0;1;0;0;9.504953784;52.406452213
2;1;59;39;2017;3;19;3;3;5;3;1;1;0;0;0;0;0;10.18642714;51.662221945
2;3;51;12;2017;4;6;2;3;2;6;0;1;0;0;0;1;0;9.92950542;52.592598045
2;2;55;8;2017;3;15;3;3;1;5;0;1;0;0;0;0;0;9.781747109;51.942492524
2;2;52;1;2017;3;17;3;2;8;1;0;1;0;0;0;0;0;9.208344182;52.09806278
2;2;41;16;2017;4;20;2;3;5;3;1;1;0;0;0;2;0;9.944574244;52.333794475
2;2;52;6;2017;3;15;3;3;4;6;0;1;0;0;0;0;0;9.386527965;52.080435226
2;2;52;5;2017;3;16;3;3;0;6;0;1;0;1;0;0;0;9.502157984;52.046431595
2;2;52;6;2017;3;16;3;3;2;6;0;1;0;0;0;0;0;9.355901113;52.107236126
2;1;59;16;2017;3;20;3;3;3;6;0;1;0;0;0;2;0;9.938654734;51.556419802
2;1;54;10;2017;3;14;3;2;5;3;1;1;0;0;0;0;0;10.994563067;52.248678238
2;1;57;1;2017;3;7;3;3;2;6;0;1;0;0;0;0;0;10.340652574;52.400297642