ULAND;UJAHR;UMONAT;USTUNDE;UWOCHENTAG;UKATEGORIE;UART;UTYP1;ULICHTVERH;IstRad;IstPKW;IstFuss;IstKrad;IstGkfz;IstSonstig;STRZUSTAND;XGCSWGS84;YGCSWGS84
2;1;2;0;2017;3;23;3;3;8;1;0;1;0;0;0;2;0;10.323411453;52.13529365
2;1;51;27;2017;3;11;3;3;2;6;0;0;0;0;1;0;0;10.418909703;52.335267471
2;1;51;27;2017;3;7;3;2;2;6;0;0;0;0;1;1;0;10.478268005;52.323735722
2;2;41;11;2017;4;9;2;3;2;6;0;1;0;0;0;0;1;9.907640633;52.357111956
2;1;1;0;2017;3;8;3;2;0;7;1;0;0;0;0;0;0;10.463010451;52.306534498
2;2;41;8;2017;4;22;2;3;2;6;0;1;0;0;1;2;0;9.859503632;52.45965262
2;4;59;19;2017;3;21;2;2;5;3;1;1;0;0;0;2;0;8.070245639;52.194932693
2;2;41;1;2017;4;8;2;3;2;6;0;1;0;0;0;0;0;9.730984807;52.382498864
2;2;54;21;2017;4;16;2;3;2;6;0;1;0;1;0;0;0;9.931645426;52.170460119
2;2;55;8;2017;4;6;2;2;5;3;0;1;0;1;0;2;0;9.746733562;51.979653466
2;2;52;7;2017;4;9;2;3;8;1;0;1;0;0;0;0;0;9.250793571;52.186369709
2;4;59;14;2017;3;18;2;3;8;1;0;0;0;1;0;0;0;8.082105913;52.383108244
2;2;52;6;2017;4;6;2;3;5;2;0;1;0;0;0;2;0;9.335371443;52.07975162
2;1;59;11;2017;4;18;2;3;9;1;0;1;0;0;0;0;0;10.091446769;51.579218717
2;4;2;0;2017;3;11;2;3;2;6;0;1;0;0;0;0;0;7.225701575;53.341676025
2;1;59;10;2017;4;9;2;3;1;5;0;1;0;0;0;0;0;10.248362641;51.515976737
2;1;58;6;2017;4;11;2;3;5;3;1;1;0;0;0;0;0;10.62103808;52.270412641
2;4;56;1;2017;3;17;2;2;4;6;1;0;0;0;0;0;0;7.040700657;52.306372474
2;1;2;0;2017;4;15;2;3;5;3;0;1;0;0;0;0;0;10.350939134;52.152234873
2;4;56;14;2017;3;14;2;3;4;6;0;1;0;0;1;0;0;6.979929065;52.510160675
2;1;51;9;2017;4;0;2;3;8;1;0;1;0;0;0;2;0;10.568266594;52.493214518
2;4;56;14;2017;3;8;2;3;2;6;0;1;0;0;0;0;0;6.972917123;52.505342769
2;4;54;18;2017;3;10;2;2;6;2;0;1;1;0;0;0;0;7.230158473;52.793334446
2;4;52;1;2017;3;16;2;3;2;6;0;1;0;0;0;0;0;7.507445759;53.499048668
2;4;52;1;2017;3;12;2;3;3;6;0;1;0;0;1;0;0;7.495898604;53.4904322
2;4;53;2;2017;3;10;2;2;4;2;0;1;0;1;0;0;0;7.996809482;52.997677217
2;4;59;14;2017;4;15;1;2;4;6;0;1;0;1;0;0;0;7.890390723;52.445272481
2;4;55;27;2017;3;10;2;2;5;3;1;1;0;0;0;0;0;7.97368604;53.418171469
2;4;59;10;2017;4;14;1;2;8;6;0;1;0;0;0;0;0;7.993213359;52.540686389
2;4;55;26;2017;3;16;2;3;3;2;0;1;1;0;0;0;0;8.138064814;53.394205137
2;4;57;20;2017;4;18;1;3;4;2;0;1;0;0;0;0;0;7.730899722;53.285559424
2;4;57;8;2017;4;11;1;2;2;6;0;1;0;0;1;0;0;7.607809993;53.254806014
2;4;56;14;2017;4;3;1;3;8;1;0;1;0;0;0;2;1;6.965880156;52.505988324
2;4;56;15;2017;4;12;1;3;2;6;1;0;0;0;0;0;0;7.025739133;52.462493707
2;4;54;32;2017;4;10;1;3;0;1;0;0;0;1;0;0;0;7.31169581;52.530251344
2;4;55;20;2017;3;7;2;3;8;7;0;1;0;0;0;0;0;7.864764101;53.678011318
2;4;55;20;2017;3;7;2;3;8;1;0;1;0;0;0;2;1;7.940234164;53.610835394
2;3;56;5;2017;3;10;2;2;5;3;0;1;0;0;1;0;0;8.821222002;53.193764197
2;3;61;9;2017;3;12;2;1;5;2;0;1;0;0;1;0;0;9.11072828;53.081976482
2;3;61;1;2017;3;17;2;3;2;6;0;1;0;0;0;0;0;9.031539959;53.022526753
2;4;54;32;2017;4;12;1;3;2;6;0;1;0;0;0;0;0;7.331964979;52.494971655
2;4;51;8;2017;3;23;2;2;8;7;0;1;0;0;0;2;0;8.078365692;53.289405873
2;4;54;32;2017;4;13;1;3;5;2;1;1;0;0;0;0;0;7.340034483;52.519566128
2;2;51;37;2017;3;11;2;2;2;2;0;1;0;0;1;0;0;8.72537687;52.994403623
2;4;62;4;2017;4;11;1;3;5;3;0;1;0;0;1;0;0;7.428387861;53.561593635
2;4;60;7;2017;4;17;1;2;4;6;1;0;0;1;0;0;0;8.071334122;52.515910883
2;4;53;5;2017;4;20;1;2;4;2;0;1;0;1;0;2;0;8.211994556;52.812220621
2;4;55;15;2017;4;14;1;3;5;3;1;1;0;0;0;0;0;7.980878951;53.532395276
2;4;55;15;2017;4;21;1;3;1;6;0;1;0;0;0;2;0;7.939511036;53.562249324
2;3;61;12;2017;4;19;1;2;5;3;1;1;0;0;0;0;0;9.232675803;52.943173872
2;4;51;7;2017;4;14;1;3;4;7;0;1;0;0;0;0;0;7.939863155;53.235623103
2;2;51;7;2017;3;15;2;3;2;6;0;1;0;0;1;0;0;8.712237733;52.928440345
2;2;51;7;2017;4;16;1;3;5;2;0;1;0;1;0;0;0;8.719792736;52.843853017
2;2;51;15;2017;3;6;2;1;8;6;0;1;0;0;0;1;0;8.715816831;52.764850047
2;2;51;44;2017;3;4;2;3;7;7;0;1;0;0;1;2;0;8.611141298;52.523708818
2;4;58;14;2017;3;14;2;3;2;6;0;1;0;0;1;0;0;8.415959435;52.901987286
2;3;52;32;2017;3;16;2;3;9;1;0;0;0;0;1;0;0;8.610100972;53.471522996
2;3;52;22;2017;3;10;2;3;3;6;0;1;0;0;0;0;0;9.144013072;53.712542472
2;3;52;61;2017;3;14;2;3;1;7;0;1;0;0;0;0;0;8.666534587;53.746406305
2;2;41;12;2017;3;19;2;2;6;4;0;1;1;0;0;0;0;9.449261974;52.504767513
2;3;53;2;2017;3;8;2;3;4;2;0;1;0;0;0;0;0;9.979467004;53.267949341
2;3;59;11;2017;3;22;2;3;4;2;0;1;0;0;0;2;0;9.471542246;53.531926027
2;4;58;9;2017;4;13;1;2;8;6;0;1;0;0;0;0;0;8.262163872;53.091578452
2;3;58;19;2017;3;16;2;3;2;2;0;1;0;0;1;0;0;9.842115788;53.162759834
2;3;53;29;2017;4;16;1;3;1;5;0;1;0;0;0;0;0;9.928856498;53.367243003
2;3;58;21;2017;3;16;2;3;4;6;0;1;0;0;0;0;0;9.867517277;52.987194724
2;3;59;23;2017;4;16;1;3;5;3;0;0;0;1;1;0;0;9.501991551;53.458886728
2;3;59;10;2017;4;17;1;3;5;2;0;1;0;0;0;0;0;9.732122829;53.454282144
2;3;59;38;2017;4;1;1;3;8;1;0;1;0;0;0;2;0;9.448586577;53.590209901
2;3;59;17;2017;4;3;1;2;9;1;0;1;0;0;0;2;0;9.348271289;53.549905037
2;3;58;22;2017;4;14;1;3;2;6;0;1;0;0;0;0;0;9.675440488;52.796514566
2;3;57;57;2017;3;8;2;3;5;3;1;1;0;0;0;0;0;9.28403985;53.284431375
2;3;58;5;2017;4;11;1;3;3;7;0;1;0;0;0;0;0;9.70225652;52.656717613
2;3;60;30;2017;3;6;2;2;9;7;0;1;0;0;0;0;0;10.626904123;52.923340791
2;3;58;4;2017;4;16;1;2;4;2;0;1;0;1;0;0;0;9.633053168;52.904246894
2;3;57;8;2017;4;2;1;2;9;6;0;1;0;0;0;2;0;9.137880995;53.449223441
2;2;41;1;2017;3;9;2;3;2;6;0;1;0;0;0;0;0;9.693097028;52.381754182
2;3;57;8;2017;4;4;1;3;8;1;0;1;0;0;0;2;0;9.198986109;53.4620732
2;2;41;1;2017;3;7;2;3;2;6;0;1;0;0;0;0;0;9.684291154;52.347503331
2;2;41;1;2017;3;17;2;3;5;2;1;1;0;0;0;0;0;9.811866952;52.409468948
2;3;57;39;2017;4;14;1;3;0;3;1;1;0;0;0;0;0;9.379888287;53.098665078
2;2;41;13;2017;3;16;2;3;2;2;0;1;0;0;0;0;0;9.796315177;52.275105823
2;2;41;14;2017;3;16;2;3;2;6;0;1;0;0;0;0;0;9.637017182;52.331912494
2;3;60;2;2017;4;12;1;3;5;3;0;1;0;0;0;0;0;10.582817762;53.076568401
2;3;54;4;2017;4;10;1;3;5;3;1;1;0;0;0;0;0;11.093133322;53.094098264
2;2;41;12;2017;4;12;1;3;5;3;0;0;0;0;1;0;0;9.457232412;52.503380016
2;2;41;1;2017;4;4;1;3;3;1;0;1;0;0;0;2;1;9.891597353;52.364768531
2;1;59;2;2017;4;14;1;2;9;1;0;0;0;1;0;0;0;10.24238381;51.815720597
2;1;55;3;2017;4;5;1;3;9;1;0;1;0;0;0;2;1;9.765301526;51.782042993
2;2;56;16;2017;4;19;1;1;9;1;0;1;0;0;0;0;0;9.248054976;52.546757607
2;2;54;2;2017;4;4;1;3;8;7;0;1;0;0;0;2;1;9.860809547;51.955343267
2;2;54;22;2017;4;14;1;3;9;1;0;1;0;0;0;0;0;10.143808416;52.104003026
2;2;41;19;2017;3;10;2;3;5;3;0;1;0;0;0;0;0;9.629432417;52.549364146
2;2;54;22;2017;4;14;1;3;2;6;0;1;0;0;0;0;0;10.144323353;52.103896858
2;2;41;8;2017;3;14;2;3;5;2;0;1;0;0;0;0;0;9.846572561;52.43079583
2;2;41;18;2017;3;9;2;3;4;2;1;1;0;0;0;0;0;10.097108546;52.482854322
2;2;41;8;2017;3;16;2;2;6;4;0;0;1;0;1;0;0;9.847104462;52.434129539
2;2;52;3;2017;4;17;1;3;9;6;0;1;0;1;0;0;0;9.213360603;51.996005651
2;2;41;1;2017;3;16;2;2;6;4;0;0;1;0;1;0;0;9.80840493;52.408785863
2;1;59;17;2017;4;14;1;2;8;1;1;0;0;0;0;0;0;9.770203196;51.41583965
2;1;59;19;2017;3;14;2;3;2;6;0;1;0;0;0;0;0;10.333312302;51.660477848
2;1;57;9;2017;4;17;1;2;5;3;1;1;0;0;0;0;0;10.220740714;52.262005124
2;1;57;8;2017;4;8;1;3;3;6;0;1;0;0;0;0;1;10.363193305;52.33961131
2;4;59;22;2017;4;13;7;2;4;6;0;1;0;1;0;0;0;8.167310024;52.163947605
2;4;59;4;2017;4;12;7;3;6;7;0;1;1;0;0;0;0;8.049145601;52.160985558
2;4;57;14;2017;4;12;7;3;3;6;0;1;0;1;0;0;0;7.50405687;53.355141253
2;4;57;21;2017;4;9;7;3;2;6;0;1;0;0;0;0;0;7.311753877;53.174458216
2;4;57;13;2017;4;2;7;3;8;1;0;1;0;0;0;2;0;7.512308759;53.275299815
2;1;55;11;2017;3;6;2;2;5;3;1;1;0;0;0;1;0;9.960621082;51.703591285
2;4;54;41;2017;4;18;7;3;2;6;0;1;0;0;0;0;1;7.431721052;53.080118874
2;2;56;4;2017;3;8;2;3;2;2;0;1;0;0;1;0;0;8.725043245;52.497424884
2;4;54;32;2017;4;9;7;3;5;7;0;1;0;0;0;0;0;7.331681278;52.521959074
2;2;57;3;2017;3;5;2;3;5;2;0;1;0;0;0;2;0;9.188529027;52.223358272
2;2;57;2;2017;3;17;2;3;3;6;0;1;0;1;0;0;0;9.320342587;52.285221419
2;2;57;2;2017;3;17;2;2;4;2;0;1;0;1;0;0;0;9.313457622;52.285989772
2;4;54;34;2017;4;19;7;3;8;1;0;0;0;0;1;1;0;7.432898031;52.410247653
2;2;56;7;2017;3;16;2;3;5;3;0;1;0;1;0;0;0;9.21287035;52.77922716
2;2;54;29;2017;3;9;2;3;8;7;0;1;0;0;0;0;0;10.115526091;52.194802193
2;2;54;2;2017;3;18;2;3;2;6;0;1;0;0;1;0;0;9.792054254;52.009706111
2;2;52;8;2017;3;8;2;3;3;6;0;0;0;0;1;0;0;9.563194805;52.077973799
2;2;52;6;2017;3;15;2;3;2;6;0;1;0;0;0;0;0;9.34387826;52.115059696
2;4;62;3;2017;4;8;7;3;8;7;0;0;0;1;0;0;0;7.614099073;53.626658978
2;4;52;1;2017;4;12;7;3;0;2;0;1;0;0;0;0;1;7.633070061;53.5192432
2;2;52;6;2017;3;15;2;3;2;6;0;1;0;0;0;0;0;9.392175162;52.107687537
2;4;53;8;2017;4;16;7;3;2;6;0;1;0;0;0;0;0;8.035540271;52.9640532
2;1;59;16;2017;3;22;2;3;8;1;0;1;0;0;0;2;0;9.869622234;51.522049885
2;4;51;5;2017;4;11;7;3;5;3;0;1;0;0;0;0;0;8.185732693;53.24610251
2;2;51;47;2017;4;19;7;3;5;3;0;1;0;0;0;1;0;8.850314577;52.975218619
2;2;51;34;2017;4;15;7;3;8;1;0;0;0;1;0;0;0;8.960181362;52.708663767
2;4;1;0;2017;4;14;7;3;2;6;0;1;0;0;0;0;0;8.595454034;53.044682817
2;3;53;9;2017;4;13;7;3;8;7;0;1;0;0;0;0;0;10.08254879;53.182916161
2;3;53;31;2017;4;22;7;3;5;3;0;1;0;0;0;2;1;10.045704186;53.390345681
2;1;59;16;2017;3;18;2;3;2;6;0;1;0;0;1;0;0;9.93959728;51.513364536
2;3;53;10;2017;4;15;7;2;0;7;0;0;0;1;0;0;0;10.154886407;53.198942105
2;1;54;10;2017;3;16;2;3;9;7;0;1;0;0;0;0;0;10.954806637;52.27483085
2;1;3;0;2017;3;21;2;3;5;2;0;1;0;0;0;2;0;10.731493256;52.42276249
2;1;3;0;2017;3;16;2;3;2;6;0;1;0;0;0;0;0;10.847161546;52.418975105
2;1;58;37;2017;3;18;2;3;9;1;0;1;0;0;0;0;0;10.581754732;52.189104563
2;3;59;28;2017;4;14;7;1;5;3;0;1;0;1;1;0;0;9.662851586;53.505513422
2;1;1;0;2017;3;7;2;3;3;6;0;1;0;0;1;0;0;10.509928234;52.242631428
2;3;59;26;2017;4;15;7;2;5;3;0;1;0;1;0;0;0;9.54095573;53.597968702
2;4;59;24;2017;3;10;1;3;8;1;1;0;0;0;0;0;0;8.372389048;52.21477681
2;3;59;10;2017;4;13;7;3;5;2;0;1;0;0;0;0;0;9.715634827;53.473626094
2;3;58;2;2017;4;14;7;3;5;3;1;1;0;0;0;0;0;9.99773639;53.0831602
2;3;58;19;2017;4;12;7;3;2;1;0;1;0;0;0;0;0;9.930522536;52.999752205
2;3;57;47;2017;4;9;7;1;8;7;0;1;0;0;0;0;0;9.035518527;53.205303658
2;3;60;6;2017;4;16;7;3;4;1;0;1;0;1;0;0;0;10.416929181;53.03093452
2;4;53;10;2017;3;11;1;3;5;3;0;1;0;0;0;0;0;7.762398046;52.836905994
2;4;55;14;2017;3;18;1;3;5;3;0;1;0;0;0;0;0;8.024494185;53.497344958
2;3;56;7;2017;3;6;1;3;9;1;0;1;0;0;0;0;0;8.775104157;53.25129002
2;3;61;12;2017;3;0;1;3;9;1;0;1;0;0;0;2;0;9.265431126;52.948345999
2;4;51;5;2017;3;19;1;2;3;6;0;0;0;1;0;0;0;8.163748246;53.283441184
2;3;60;29;2017;4;20;7;3;8;7;0;1;0;0;0;2;1;10.285033043;53.024376669
2;2;51;42;2017;3;20;1;2;2;6;0;1;0;0;1;1;0;8.563532987;52.758789268
2;3;51;4;2017;4;7;7;3;9;7;0;0;0;0;1;0;0;9.978913174;52.77379977
2;2;41;1;2017;4;20;7;3;5;2;0;1;0;0;0;1;1;9.69884272;52.347750226
2;2;41;1;2017;4;19;7;3;2;6;0;1;0;0;0;0;0;9.696813325;52.380038001
2;2;41;2;2017;4;15;7;3;2;2;0;1;0;0;0;0;0;9.441270135;52.31149705
2;2;41;1;2017;4;18;7;3;6;4;0;1;1;0;0;0;0;9.734297532;52.387344932
2;2;41;9;2017;4;15;7;3;8;1;0;0;0;1;0;0;0;9.816797722;52.284711702
2;2;51;37;2017;3;17;1;3;3;6;0;1;0;0;0;0;0;8.718529815;53.007926293
2;2;41;8;2017;4;16;7;3;3;6;0;1;0;0;0;0;0;9.89192526;52.429437794
2;3;52;62;2017;3;11;1;2;8;1;0;1;0;0;0;0;0;8.717880276;53.568522743
2;2;41;8;2017;4;13;7;2;0;2;1;0;0;1;0;0;0;9.787879887;52.454738389
2;3;52;29;2017;3;20;1;3;5;3;0;1;0;0;0;2;0;9.09612981;53.636347829
2;3;52;8;2017;3;6;1;3;5;3;0;1;0;0;0;0;0;8.981537149;53.771460688
2;3;53;20;2017;3;16;1;3;4;2;1;1;0;0;0;0;0;9.962299834;53.310877433
2;3;57;55;2017;3;17;1;3;8;1;0;0;0;1;0;0;0;9.09357238;53.189196583
2;3;55;22;2017;3;15;1;3;5;3;0;1;0;0;0;0;0;10.37156721;53.193093742
2;3;51;23;2017;3;1;1;3;9;1;0;1;0;0;0;2;0;9.767146965;52.659198984
2;3;51;4;2017;3;16;1;3;4;2;0;1;0;1;0;0;0;9.961576504;52.810733522
2;2;41;1;2017;3;13;1;3;2;6;0;1;0;1;0;0;0;9.827059314;52.354031151
2;2;41;19;2017;4;12;7;3;2;6;0;1;0;0;0;0;0;9.750418265;52.595852519
2;2;41;11;2017;4;10;7;3;2;6;0;1;0;0;1;0;0;9.971020834;52.389638742
2;2;41;11;2017;4;9;7;3;0;6;0;1;0;0;0;0;0;9.968002601;52.389894962
2;2;41;1;2017;4;8;7;3;3;6;0;1;0;0;0;0;0;9.890295539;52.363029824
2;2;41;4;2017;4;1;7;3;8;7;0;1;0;0;0;2;0;9.825299754;52.504765561
2;1;55;12;2017;4;18;7;3;2;2;0;1;0;1;0;0;0;9.636723523;51.672022721
2;1;59;3;2017;4;13;7;2;2;6;0;1;0;0;0;0;0;10.476815176;51.605917274
2;2;57;3;2017;4;15;7;1;4;6;0;1;0;0;0;0;0;9.255230828;52.232482863
2;2;57;26;2017;4;17;7;2;5;3;0;1;0;1;0;0;0;9.175541433;52.286257689
2;2;57;14;2017;4;14;7;3;5;3;1;1;0;0;0;0;0;9.104709573;52.318729643
2;2;56;22;2017;4;15;7;3;0;2;0;1;0;1;0;0;0;9.219109468;52.641568759
2;2;41;10;2017;3;20;1;3;2;2;0;1;0;0;0;2;0;9.678254417;52.435692069
2;2;54;26;2017;4;14;7;2;5;3;0;1;0;1;0;0;0;9.791978765;52.15156915
2;2;41;21;2017;3;13;1;3;2;6;0;1;0;0;0;0;0;9.424307859;52.350188587
2;2;54;21;2017;4;10;7;3;2;6;0;1;0;0;0;0;0;9.972525818;52.113076752
2;2;41;15;2017;3;13;1;2;5;3;0;1;0;1;0;0;0;9.627758612;52.394402328
2;2;52;4;2017;4;12;7;2;5;3;0;1;0;1;0;0;0;9.524290729;52.061410465
2;1;59;19;2017;3;18;1;3;1;2;0;1;0;0;0;0;0;10.332465554;51.649618008
2;2;54;2;2017;3;16;1;2;5;3;0;1;0;0;0;0;0;9.860622547;52.000040762
2;1;59;17;2017;4;14;7;3;9;1;0;1;0;0;0;0;0;9.711627664;51.40366967
2;2;52;3;2017;3;15;1;3;9;7;0;0;0;1;0;0;0;9.281120583;51.977887699
2;1;59;10;2017;3;14;1;3;8;1;0;0;0;1;0;0;1;10.365709251;51.557858416
2;1;59;16;2017;4;14;7;3;3;6;0;1;0;1;0;0;0;9.969468032;51.551525654
2;1;53;16;2017;3;19;1;3;5;2;0;1;0;0;1;1;0;10.667429986;51.664358899
2;1;53;17;2017;3;19;1;3;2;6;0;1;0;0;0;0;0;10.413564969;51.921705878
2;4;59;14;2017;3;3;7;3;9;1;0;1;0;0;0;2;0;7.960968112;52.44037176
2;1;54;13;2017;4;11;7;3;5;3;0;1;0;1;0;0;0;10.852450374;52.231443937
2;1;54;10;2017;4;18;7;2;5;3;1;1;0;0;0;0;0;11.001280679;52.215846052
2;4;4;0;2017;3;16;7;3;5;3;1;0;0;0;1;0;0;8.037078363;52.271770492
2;1;58;37;2017;4;17;7;3;2;2;0;1;0;0;0;0;0;10.520663711;52.165616855
2;4;4;0;2017;3;17;7;3;2;6;0;1;0;0;0;0;0;8.030911804;52.271130582
2;1;57;7;2017;4;11;7;2;5;3;0;1;0;0;0;0;0;10.290082916;52.240803738
2;1;57;6;2017;4;19;7;2;0;7;0;1;0;1;0;0;0;10.243029844;52.305965946
2;4;60;7;2017;3;17;6;3;2;6;0;1;0;0;0;0;0;8.075855276;52.49455564
2;4;59;24;2017;3;14;6;3;5;3;1;1;0;0;0;0;0;8.279857609;52.235716732
2;4;4;0;2017;3;18;6;3;1;5;1;1;0;0;0;0;0;8.056919617;52.259118189
2;4;4;0;2017;3;14;6;2;3;6;0;1;0;0;1;0;0;8.057467653;52.257708034
2;4;4;0;2017;3;7;6;3;3;6;1;1;0;0;0;0;0;8.037712807;52.275714232
2;4;57;16;2017;3;21;6;3;8;7;0;0;0;1;0;2;0;7.582906318;53.247637654
2;4;4;0;2017;3;10;7;3;2;6;0;1;0;0;0;0;0;8.032689961;52.241873761
2;4;57;18;2017;3;15;7;3;2;6;0;1;0;0;0;0;0;7.56760093;53.140227544
2;4;57;21;2017;3;16;6;3;3;2;1;1;0;0;0;0;0;7.295976012;53.172844402
2;4;54;11;2017;3;12;6;3;2;2;0;1;0;0;0;0;0;7.631775296;52.994570363
2;4;56;1;2017;3;17;6;2;5;3;0;1;0;0;0;0;0;7.085878213;52.297771403
2;4;56;1;2017;3;15;7;3;5;3;0;1;0;0;0;0;0;7.181251267;52.285734528
2;4;52;6;2017;3;6;6;3;2;6;0;1;0;0;1;1;0;7.57880123;53.387131025
2;4;56;15;2017;3;13;7;2;2;2;0;1;0;0;1;0;0;7.073119627;52.391567739
2;4;52;1;2017;3;17;6;2;7;7;1;0;0;0;1;0;0;7.536987375;53.484313905
2;4;52;8;2017;3;16;7;3;2;6;0;1;0;0;0;0;0;7.285678149;53.598124723
2;4;52;25;2017;3;11;7;3;2;6;0;1;0;0;0;0;0;7.741808978;53.418619397
2;4;52;1;2017;3;17;7;2;2;6;0;1;0;1;0;0;0;7.564211201;53.517532288
2;4;53;10;2017;3;10;7;3;5;3;1;0;0;0;1;0;0;7.785030073;52.844970035
2;4;53;5;2017;3;16;7;3;2;6;0;1;0;0;0;0;0;8.150395699;52.851607795
2;3;61;8;2017;3;20;7;3;4;6;0;1;0;0;0;2;0;9.146278985;53.138882275
2;3;61;8;2017;3;9;7;3;5;3;0;1;0;0;0;0;0;9.054016306;53.115654085
2;3;61;1;2017;3;20;7;3;3;6;0;1;0;0;1;1;0;8.997394146;53.034051282
2;3;61;5;2017;3;8;7;2;8;1;0;1;0;0;0;0;0;9.32373738;52.948933321
2;4;61;9;2017;3;15;7;3;0;1;0;0;0;1;0;0;0;8.332799185;53.47583211
2;3;52;32;2017;3;17;7;3;5;2;0;1;0;0;0;0;0;8.582071789;53.441303656
2;4;53;7;2017;3;15;6;3;2;2;0;1;0;0;0;0;0;7.942240195;52.96285404
2;3;56;9;2017;3;16;7;3;0;1;0;1;0;0;0;0;0;8.636468192;53.245109787
2;4;60;9;2017;3;11;6;3;2;6;0;1;0;0;0;0;0;8.258810086;52.785803645
2;3;52;42;2017;3;16;7;2;9;1;0;0;0;1;0;0;0;9.183884678;53.778835913
2;4;53;6;2017;3;5;6;3;5;3;1;0;0;0;1;2;0;7.93338666;52.694449636
2;4;53;4;2017;3;18;6;2;2;6;0;1;0;0;0;0;0;7.994985339;52.823083157
2;4;55;15;2017;3;14;6;3;0;6;0;0;0;1;1;0;0;7.984308111;53.584316192
2;4;5;0;2017;3;15;6;2;2;6;0;1;0;0;0;0;0;8.070907967;53.527024257
2;3;56;5;2017;3;18;6;3;2;6;0;1;0;0;0;0;0;8.909386523;53.149031461
2;3;53;37;2017;3;18;7;2;8;1;0;1;0;0;0;1;0;10.206471377;53.285003412
2;4;51;5;2017;3;18;6;2;2;2;0;1;0;0;1;0;0;8.158814389;53.333246148
2;3;53;16;2017;3;13;7;3;5;3;0;1;0;0;0;0;0;10.012449478;53.258655912
2;4;51;5;2017;3;17;6;2;0;6;0;1;0;0;0;0;0;8.267068793;53.230173318
2;3;60;9;2017;3;19;7;3;7;7;0;1;0;0;0;1;0;10.407069118;52.957048247
2;3;55;20;2017;3;18;7;3;8;1;0;0;0;1;0;0;0;10.270413924;53.230537329
2;3;55;18;2017;3;11;7;3;4;7;0;1;0;0;0;0;0;10.576192813;53.345354216
2;2;51;37;2017;3;16;6;3;5;3;1;1;0;0;0;0;0;8.729186563;53.034457278
2;3;55;11;2017;3;10;7;3;2;6;0;1;0;0;0;0;0;10.456521054;53.342574896
2;2;41;16;2017;3;16;7;3;6;4;1;0;1;0;0;0;0;9.945299275;52.333439639
2;2;41;11;2017;3;12;7;3;9;7;0;1;0;0;0;0;0;10.056000144;52.392761067
2;2;41;11;2017;3;9;7;3;4;5;0;1;0;0;0;0;0;9.971271256;52.369077197
2;2;41;1;2017;3;23;7;3;2;6;0;1;0;0;0;2;0;9.697642125;52.37723334
2;2;41;1;2017;3;5;7;3;9;1;0;1;0;0;0;1;0;9.878577891;52.399806473
2;1;55;13;2017;3;14;7;3;9;6;0;1;0;1;0;0;0;9.856998156;51.856858328
2;2;51;41;2017;3;16;6;3;5;3;1;1;0;0;0;0;0;8.82496156;52.907978793
2;4;60;3;2017;3;16;6;2;2;6;0;1;0;0;1;0;0;8.121395072;52.6083223
2;4;61;9;2017;3;16;6;2;5;3;0;1;0;0;0;0;0;8.418791839;53.40339444
2;4;61;7;2017;3;22;6;3;5;3;0;1;0;0;0;2;0;8.483483939;53.512127862
2;4;58;5;2017;3;16;6;2;5;2;0;1;0;1;0;0;0;8.621413048;53.077994226
2;2;56;21;2017;3;23;7;2;9;6;0;1;0;0;0;2;0;9.146182293;52.653569578
2;2;54;21;2017;3;15;7;2;6;4;0;1;1;0;0;0;0;9.935341865;52.171170169
2;2;54;28;2017;3;11;7;2;2;1;0;1;0;0;0;0;0;9.923884653;52.248345104
2;2;55;34;2017;3;16;7;3;5;2;0;1;0;1;0;0;0;9.633840693;51.882256402
2;4;58;5;2017;3;16;6;3;8;7;1;0;0;0;0;0;0;8.530737945;53.099836838
2;2;55;23;2017;3;15;7;3;5;3;1;1;0;0;0;0;0;9.449859484;51.826251813
2;4;58;5;2017;3;8;6;3;5;3;0;1;0;0;0;0;0;8.54457975;53.082005607
2;4;58;3;2017;3;15;6;3;3;6;1;0;0;0;0;0;0;8.438286366;52.91094821
2;3;52;32;2017;3;22;6;2;2;6;0;1;0;0;0;2;0;8.581794045;53.437435943
2;3;53;26;2017;3;20;6;2;5;2;0;1;0;1;0;2;0;9.800365203;53.46430714
2;2;52;3;2017;3;14;7;3;2;2;0;1;0;0;0;0;0;9.249565904;51.981012408
2;3;53;29;2017;3;12;6;3;1;5;0;1;0;0;0;0;0;9.919366369;53.368238804
2;2;52;6;2017;3;17;7;3;2;6;0;1;0;0;0;0;0;9.37938834;52.105162729
2;3;59;13;2017;3;17;6;3;5;3;1;1;0;0;0;0;0;9.41164033;53.699340975
2;2;52;6;2017;3;12;7;3;0;1;0;1;0;0;0;0;0;9.361108127;52.103187676
2;1;59;34;2017;3;16;7;3;9;1;0;1;0;1;0;0;0;9.669027102;51.333433587
2;1;59;11;2017;3;15;7;2;8;1;0;0;0;1;0;0;0;10.062797543;51.583319698
2;1;59;11;2017;3;14;7;2;8;1;0;0;0;1;0;0;0;10.063232285;51.583170685
2;1;2;0;2017;3;12;7;2;6;4;0;1;1;0;0;0;0;10.360974597;52.10269617
2;1;57;9;2017;3;0;7;3;5;3;1;1;0;0;0;2;0;10.2412213;52.256692535