ULAND;UJAHR;UMONAT;USTUNDE;UWOCHENTAG;UKATEGORIE;UART;UTYP1;ULICHTVERH;IstRad;IstPKW;IstFuss;IstKrad;IstGkfz;IstSonstig;STRZUSTAND;XGCSWGS84;YGCSWGS84
2;1;53;12;2017;3;12;7;1;4;6;0;1;0;0;1;0;0;10.156301656;51.898081826
2;1;51;11;2017;3;12;7;3;2;2;0;1;0;1;0;0;0;10.598275528;52.724544357
2;4;59;24;2017;3;17;6;2;4;6;0;1;0;1;0;0;0;8.391960297;52.183736981
2;3;58;8;2017;3;14;6;3;2;6;0;1;0;0;0;0;0;9.692961548;52.84905073
2;3;58;22;2017;3;9;6;3;3;6;0;1;0;0;0;0;0;9.586228383;52.861286483
2;3;57;18;2017;3;7;6;3;5;3;0;1;0;0;0;0;0;9.25498476;53.204984901
2;3;57;13;2017;3;14;6;3;3;6;0;1;0;0;1;0;0;9.341033531;53.231386397
2;3;60;25;2017;3;16;6;2;8;7;0;1;0;0;0;0;0;10.632310127;52.98601927
2;3;51;21;2017;3;14;6;3;2;6;0;1;0;0;0;0;0;10.123914995;52.543389602
2;2;41;2;2017;3;13;6;3;9;7;0;1;0;0;0;0;0;9.537865716;52.340098319
2;2;41;4;2017;3;15;6;3;4;2;0;1;0;1;0;0;0;9.91512552;52.51252762
2;2;41;1;2017;3;15;6;3;2;6;0;1;0;0;0;0;0;9.796814552;52.347553801
2;1;59;19;2017;3;10;6;3;5;2;0;1;0;0;0;0;0;10.335920061;51.652933384
2;2;57;31;2017;3;13;6;3;5;3;1;1;0;0;0;0;0;9.082240378;52.148257971
2;2;57;32;2017;3;8;6;3;4;6;0;1;0;0;1;0;0;9.347201448;52.321501767
2;2;56;5;2017;3;15;6;3;2;6;0;1;0;1;0;0;0;9.210343897;52.697312953
2;4;59;20;2017;3;15;6;2;4;6;0;1;0;1;0;0;0;7.99041455;52.184344627
2;2;56;36;2017;3;12;6;2;5;3;0;1;0;0;1;0;0;9.073028686;52.710097434
2;2;54;44;2017;3;17;6;3;5;2;1;1;0;0;0;0;0;10.006453281;51.957138139
2;2;54;5;2017;3;11;6;3;2;6;0;1;0;0;0;0;0;10.028570586;52.101038528
2;2;54;21;2017;3;16;6;2;2;6;0;1;0;0;0;0;0;9.967062742;52.1835789
2;2;52;4;2017;3;9;6;3;5;2;0;1;0;0;1;0;0;9.506393427;52.080378833
2;1;58;6;2017;3;13;6;2;9;6;0;1;0;1;0;0;0;10.601073968;52.246616389
2;1;2;0;2017;3;16;6;3;2;6;0;1;0;0;0;0;0;10.366798697;52.098606478
2;1;57;6;2017;3;14;6;2;8;1;0;0;0;1;0;0;0;10.344334236;52.308624486
2;1;51;29;2017;3;6;6;2;8;1;0;1;0;0;0;0;0;10.405157981;52.699917235
2;4;59;13;2017;3;7;6;3;5;3;1;1;0;0;0;0;0;8.315175553;52.370796109
2;1;51;40;2017;3;16;6;3;0;1;0;0;0;1;1;0;1;10.757705624;52.687807234
2;4;59;7;2017;3;15;6;3;2;2;0;1;0;0;0;0;0;7.981808426;52.642725118
2;1;58;6;2017;3;16;6;3;2;6;0;1;0;0;1;0;0;10.722790834;52.300248846
2;4;4;0;2017;3;14;6;3;5;3;0;1;0;0;0;0;0;8.047076045;52.267609723
2;1;54;14;2017;3;16;6;2;2;6;0;1;0;0;0;0;0;10.717086815;52.308068447
2;4;57;20;2017;3;14;6;3;2;6;0;1;0;0;0;0;0;7.80853318;53.318174628
2;4;57;13;2017;3;7;6;3;5;2;1;1;0;0;0;0;0;7.525093198;53.250183189
2;4;56;25;2017;3;7;6;3;5;3;0;1;0;1;0;0;0;7.212728125;52.522115025
2;4;52;12;2017;3;17;6;3;2;6;0;1;0;0;0;0;0;7.348268716;53.36859936
2;4;52;1;2017;3;16;6;3;5;3;1;1;0;0;0;0;0;7.467476326;53.471255275
2;4;60;3;2017;3;7;6;3;5;3;1;1;0;0;0;0;0;8.119504936;52.664447351
2;1;54;13;2017;3;15;6;3;2;6;0;1;0;0;0;0;0;10.796139948;52.312655993
2;1;1;0;2017;3;8;6;2;5;3;1;1;0;0;0;0;0;10.521716854;52.23124786
2;4;59;13;2017;3;15;5;3;0;1;1;0;0;0;0;0;0;8.272388836;52.439652116
2;4;57;14;2017;3;20;5;3;5;3;1;1;0;0;0;0;0;7.490960162;53.336994982
2;4;2;0;2017;3;10;5;3;2;6;0;1;0;0;0;0;0;7.212106307;53.387417505
2;4;54;11;2017;3;12;5;2;5;3;1;1;0;0;0;0;0;7.628221513;52.995762937
2;4;56;17;2017;3;14;5;3;2;2;0;1;0;0;0;0;0;7.045180816;52.547195645
2;4;54;35;2017;3;1;5;2;9;1;0;1;0;0;0;2;0;7.228659357;52.672365446
2;4;54;20;2017;3;12;5;3;0;6;0;1;0;0;1;0;0;7.247146373;53.022383356
2;4;52;9;2017;3;15;5;3;5;3;0;1;0;0;1;0;0;7.295403435;53.619405948
2;4;53;4;2017;3;13;6;3;5;3;1;1;0;0;0;0;0;8.046134883;52.835123303
2;4;52;1;2017;3;21;5;3;4;2;1;1;0;0;0;2;0;7.496200439;53.468396171
2;4;55;26;2017;3;12;6;3;5;3;1;1;0;0;0;0;0;8.092458086;53.376883829
2;4;3;0;2017;3;13;6;3;2;6;0;1;0;0;0;0;0;8.193700589;53.150677575
2;2;51;47;2017;3;14;6;3;2;6;0;1;0;0;0;0;0;8.87512853;53.012421057
2;4;61;6;2017;3;17;6;3;4;6;0;1;0;0;0;0;0;8.635951886;53.122707245
2;3;55;4;2017;3;15;6;2;8;6;0;1;0;0;0;0;0;10.367818621;53.292290068
2;3;53;23;2017;3;11;6;3;2;6;0;1;0;0;0;0;0;10.370680763;53.41634338
2;3;58;3;2017;3;14;6;3;2;6;0;1;0;0;0;0;0;9.677974168;52.727057734
2;3;58;7;2017;3;14;6;3;2;6;0;1;0;0;0;0;0;9.677869232;52.727275442
2;4;55;26;2017;3;13;5;3;1;7;1;1;0;0;0;0;0;8.169849729;53.374977705
2;3;58;8;2017;3;13;6;2;6;4;0;1;1;0;0;0;0;9.69495043;52.866173411
2;3;57;43;2017;3;20;6;3;5;3;0;1;0;0;0;2;0;9.205157815;53.369055158
2;3;57;41;2017;3;12;6;3;5;3;0;1;0;0;1;0;0;9.477974281;53.164951503
2;3;57;45;2017;3;13;6;3;2;6;0;1;0;1;0;0;0;9.198217685;53.109174588
2;3;57;39;2017;3;17;6;3;2;6;0;1;0;0;0;0;0;9.41230227;53.1095745
2;3;56;5;2017;3;12;5;3;3;2;1;1;0;0;0;0;0;8.908123525;53.142504178
2;3;61;1;2017;3;18;5;3;2;6;0;1;0;0;0;0;0;9.039551044;53.009916403
2;3;61;9;2017;3;9;5;3;8;7;0;1;0;0;0;0;1;9.062813142;53.054993849
2;4;51;1;2017;3;14;5;3;5;3;0;1;0;0;0;0;0;7.808688181;53.219890107
2;4;51;7;2017;3;7;5;3;0;2;0;1;0;1;0;0;1;7.957564915;53.22792044
2;4;51;8;2017;3;12;5;3;4;1;0;0;0;0;1;0;0;8.086574185;53.233686851
2;2;51;26;2017;3;9;5;3;8;1;0;1;0;0;0;0;1;9.041385414;52.869374157
2;4;61;9;2017;3;16;5;3;2;6;0;1;0;0;1;0;0;8.365779346;53.400206294
2;4;61;3;2017;3;16;5;3;4;6;0;1;0;0;0;0;0;8.445505317;53.541223
2;4;58;13;2017;3;18;5;3;2;6;0;1;0;0;0;0;0;8.190257363;53.093771303
2;3;52;62;2017;3;14;5;3;2;6;0;1;0;0;0;0;0;8.659779234;53.677911828
2;3;60;3;2017;3;13;6;3;2;6;0;1;0;0;0;0;0;10.538161561;53.047765257
2;3;54;1;2017;3;21;6;1;4;6;0;1;0;0;1;2;0;10.986465631;52.884152054
2;3;53;35;2017;3;11;5;3;1;7;0;1;0;0;0;0;0;9.714595387;53.285472004
2;3;51;6;2017;3;15;6;3;0;3;1;1;0;0;0;0;0;10.082626306;52.628932726
2;2;41;1;2017;3;15;6;3;5;3;0;1;0;1;0;0;0;9.699462936;52.347362229
2;2;41;1;2017;3;23;6;3;5;7;0;1;0;0;0;2;0;9.708406376;52.36596912
2;2;41;9;2017;3;8;6;3;5;2;0;1;0;0;1;0;0;9.820421411;52.293604456
2;2;41;13;2017;3;13;6;3;2;6;0;1;0;0;0;0;0;9.777094414;52.269467625
2;2;41;6;2017;3;8;6;3;2;2;0;1;0;0;0;0;0;9.619979202;52.354978343
2;2;41;5;2017;3;16;6;3;5;2;0;1;0;0;1;0;0;9.525353431;52.461058812
2;2;41;10;2017;3;19;6;3;5;2;1;1;0;0;0;2;0;9.715835257;52.458610421
2;2;41;10;2017;3;15;6;3;5;2;1;1;0;0;0;0;0;9.710398221;52.431751432
2;3;53;35;2017;3;11;5;3;2;2;0;1;0;0;0;0;0;9.715646255;53.282988168
2;3;59;27;2017;3;16;5;3;9;1;0;1;0;0;1;0;0;9.608194941;53.511675222
2;3;57;9;2017;3;6;5;3;2;6;0;1;0;0;0;1;1;9.505001715;53.106376705
2;2;41;1;2017;3;23;6;2;0;7;0;1;0;0;1;2;0;9.843953098;52.360721865
2;1;55;13;2017;3;23;6;3;9;7;0;1;0;0;0;2;0;9.921283267;51.86369746
2;3;60;1;2017;3;5;5;2;9;7;0;1;0;0;0;2;1;10.612580389;53.140437457
2;3;55;2;2017;3;10;5;3;5;3;0;1;0;0;0;0;1;10.193882288;53.124929252
2;3;51;4;2017;3;18;5;2;5;3;0;1;0;1;0;0;0;10.01548911;52.794413526
2;3;51;4;2017;3;13;5;3;5;2;0;1;0;0;0;0;0;9.922481937;52.835319403
2;3;51;16;2017;3;8;5;3;6;7;0;1;1;0;0;0;1;10.23135904;52.630162237
2;2;54;21;2017;3;16;6;3;2;6;0;1;0;0;0;0;0;10.020154807;52.135190561
2;2;41;9;2017;3;9;5;2;0;1;1;0;0;0;0;0;1;9.811976652;52.305686685
2;2;54;28;2017;3;2;6;2;2;6;0;1;0;0;1;2;0;9.914976204;52.268001972
2;2;52;3;2017;3;7;6;3;2;6;0;1;0;0;0;0;0;9.213671184;52.015288471
2;2;52;6;2017;3;13;6;3;0;1;0;0;0;1;0;0;0;9.36160493;52.104157205
2;1;59;16;2017;3;13;6;3;2;6;0;1;0;0;0;0;0;9.889516643;51.549803833
2;1;54;7;2017;3;23;6;1;8;1;0;1;0;0;0;2;0;10.9276837;52.460911634
2;1;2;0;2017;3;9;6;3;5;3;1;1;0;0;0;0;0;10.354069044;52.111232129
2;1;57;6;2017;3;16;6;3;5;3;0;1;0;0;0;0;0;10.315059724;52.308895474
2;4;60;7;2017;3;6;5;3;2;6;0;1;0;0;1;1;0;8.07120915;52.489870997
2;4;57;20;2017;3;20;5;3;4;2;0;1;0;1;0;2;0;7.744148814;53.304428649
2;4;57;10;2017;3;15;5;3;0;1;0;0;0;1;0;0;0;7.593794594;53.304526105
2;2;41;20;2017;3;9;5;3;2;6;0;1;0;0;1;0;1;9.626478204;52.268568524
2;2;41;2;2017;3;16;5;3;5;2;0;1;0;1;0;0;0;9.510149271;52.290241984
2;2;41;11;2017;3;13;5;3;5;2;1;1;0;0;0;0;0;10.113208799;52.352995051
2;2;41;11;2017;3;15;5;3;0;1;1;0;0;0;0;0;0;9.977123522;52.372063292
2;2;41;8;2017;3;18;5;3;2;5;0;1;0;0;0;0;0;9.797822506;52.455050144
2;2;41;3;2017;3;16;5;3;5;3;0;1;0;0;0;0;0;9.988836989;52.462139898
2;2;41;1;2017;3;19;5;3;2;6;0;1;0;0;0;2;0;9.701232415;52.379972138
2;2;41;1;2017;3;23;5;2;5;2;0;1;0;0;0;2;0;9.696348981;52.379841687
2;2;41;1;2017;3;16;5;3;4;2;0;1;0;0;0;0;0;9.764832687;52.342737794
2;4;54;41;2017;3;10;5;2;5;3;0;1;0;1;0;0;0;7.419302393;53.081358565
2;2;41;10;2017;3;14;5;2;6;4;1;0;1;0;0;0;0;9.731425324;52.433314743
2;2;41;1;2017;3;12;5;3;1;5;0;1;0;0;0;0;0;9.8605516;52.384580471
2;4;56;2;2017;3;7;5;3;8;6;0;1;0;0;0;0;0;6.81811074;52.612271525
2;4;54;18;2017;3;18;5;3;8;1;0;1;0;0;0;2;0;7.252916809;52.750016892
2;4;54;18;2017;3;18;5;3;0;1;0;0;0;0;1;0;0;7.230805389;52.759599573
2;4;54;45;2017;3;13;5;3;5;3;1;1;0;0;0;0;0;7.36556611;52.316271878
2;4;53;3;2017;3;16;5;3;2;2;0;1;0;0;0;0;0;8.069119383;52.760068948
2;3;56;7;2017;3;7;5;2;0;1;0;0;0;1;0;0;0;8.78293998;53.22911031
2;2;41;1;2017;3;12;5;3;2;6;0;1;0;0;1;0;0;9.732400693;52.383512399
2;2;57;35;2017;3;15;5;3;2;6;0;1;0;0;0;0;0;9.211205276;52.327170529
2;2;57;18;2017;3;9;5;2;5;3;0;1;0;0;0;0;0;9.370088611;52.266659998
2;3;61;5;2017;3;12;5;2;2;6;0;1;0;0;1;0;0;9.357405291;52.917934736
2;2;56;36;2017;3;16;5;2;5;3;0;1;0;0;0;0;0;9.060103477;52.685465567
2;3;61;12;2017;3;15;5;3;3;5;0;1;0;0;0;0;0;9.231454076;52.922542255
2;3;61;12;2017;3;8;5;3;4;5;0;1;0;1;0;0;0;9.279533569;52.90414747
2;3;52;46;2017;3;16;5;3;8;1;0;0;0;0;1;0;0;8.928274187;53.817093493
2;3;53;23;2017;3;7;5;2;4;6;0;1;0;0;1;0;0;10.374163567;53.41539954
2;3;59;10;2017;3;15;5;3;5;3;1;1;0;0;0;0;0;9.701165745;53.478422083
2;3;59;10;2017;3;9;5;3;5;3;0;1;0;0;0;0;0;9.709623415;53.47660332
2;3;58;19;2017;3;13;5;3;5;3;0;1;0;0;0;0;0;9.812614464;53.1721513
2;3;60;13;2017;3;8;5;2;8;7;0;1;0;0;0;0;0;10.715318901;52.792579332
2;3;60;25;2017;3;8;5;3;4;6;0;1;0;0;0;0;0;10.587385426;52.949537562
2;2;54;21;2017;3;6;5;3;5;1;0;1;0;1;0;1;1;9.960619799;52.120604304
2;2;52;3;2017;3;7;5;3;5;2;1;1;0;0;0;0;0;9.259859977;51.981053842
2;2;52;6;2017;3;7;5;2;6;4;0;1;1;0;0;1;0;9.400259811;52.100563391
2;1;54;14;2017;3;8;5;3;2;6;0;1;0;0;0;0;0;10.714678626;52.366110748
2;1;54;4;2017;3;7;5;2;1;5;0;1;0;0;0;0;0;10.910695378;52.4249513
2;1;2;0;2017;3;19;5;3;5;3;1;1;0;0;0;0;0;10.294426805;52.144147811
2;1;53;7;2017;3;17;5;2;9;1;0;1;0;0;0;0;0;10.337912392;51.942132837
2;1;51;10;2017;3;13;5;3;9;1;0;1;0;0;0;0;0;10.491279486;52.634260935
2;4;59;29;2017;3;7;4;3;8;1;0;1;0;0;0;0;0;8.168113048;52.368038564
2;2;41;12;2017;3;15;5;3;5;3;0;1;0;0;0;0;0;9.456990488;52.500924002
2;4;59;29;2017;3;8;4;3;5;2;1;1;0;0;0;0;0;8.224997282;52.343693832
2;2;41;18;2017;3;17;5;3;2;2;0;1;0;0;0;0;0;10.184064906;52.465407997
2;4;59;14;2017;3;15;4;3;2;6;0;1;0;0;0;0;0;8.057371928;52.394545349
2;2;57;6;2017;3;14;5;3;2;6;0;1;0;0;0;0;0;9.426364819;52.352418475
2;4;4;0;2017;3;11;4;2;5;3;0;1;0;0;0;0;0;8.056394283;52.275893304
2;4;57;18;2017;3;21;4;3;0;4;0;1;1;0;0;2;0;7.574982197;53.135714984
2;4;57;21;2017;3;17;4;3;9;1;0;1;0;0;0;0;1;7.305160888;53.118779985
2;4;57;13;2017;3;12;4;3;2;6;0;1;0;0;0;0;0;7.483223835;53.236028115
2;2;41;1;2017;3;8;5;2;6;4;0;1;1;0;0;0;0;9.763322028;52.336780082
2;2;41;21;2017;3;8;5;3;2;6;0;1;0;0;0;0;0;9.451956908;52.3728545
2;2;54;14;2017;3;6;5;3;5;3;0;1;0;0;0;0;0;9.722538566;52.12124036
2;2;54;5;2017;3;7;5;3;4;2;1;1;0;0;0;0;0;10.033175746;52.083182703
2;1;59;16;2017;3;15;5;3;2;6;0;1;0;0;0;0;0;9.88717654;51.527619804
2;1;3;0;2017;3;22;5;3;5;3;0;1;0;0;0;2;0;10.772460526;52.476581004
2;1;3;0;2017;3;13;5;3;5;3;1;1;0;0;0;0;0;10.736203628;52.393867678
2;1;58;6;2017;3;16;5;3;2;6;0;1;0;0;0;0;0;10.650375635;52.29074591
2;4;54;33;2017;3;13;4;2;4;7;0;0;0;0;1;0;1;7.634254693;52.935838283
2;1;57;7;2017;3;14;5;3;8;1;0;1;0;0;0;0;0;10.330719895;52.304470572
2;1;1;0;2017;3;19;5;2;2;6;0;1;0;0;1;2;0;10.494781788;52.25338144
2;1;54;13;2017;3;8;5;3;2;6;0;1;0;0;0;0;0;10.726664543;52.30821222
2;4;54;35;2017;3;15;4;3;4;1;0;1;0;0;0;0;0;7.400051131;52.745109978
2;4;52;19;2017;3;17;4;3;5;3;1;1;0;0;0;0;1;7.207870374;53.596213032
2;4;52;16;2017;3;12;4;2;6;4;0;1;1;0;0;0;1;7.240450265;53.598947601
2;4;52;6;2017;3;13;4;3;6;4;0;1;1;0;1;0;1;7.565732537;53.396991337
2;1;54;13;2017;3;6;5;3;9;6;0;1;0;0;0;0;1;10.81572894;52.31129145
2;4;52;1;2017;3;17;4;3;2;6;0;1;0;0;0;0;1;7.490721093;53.461949512
2;3;56;9;2017;3;18;4;2;1;5;0;1;0;0;0;0;1;8.527601016;53.237700393
2;1;1;0;2017;3;5;5;3;8;1;0;0;0;0;1;2;0;10.491607456;52.270530097
2;3;56;7;2017;3;11;4;3;5;2;0;1;0;0;0;0;1;8.807701423;53.22337541
2;3;56;2;2017;3;4;4;3;9;1;0;1;0;0;0;2;1;9.021695712;53.128268584
2;4;51;2;2017;3;17;4;3;5;3;1;1;0;0;0;0;0;8.066637271;53.166870775
2;4;59;12;2017;3;19;4;3;9;1;0;1;0;0;0;2;0;8.187184152;52.246448302
2;4;3;0;2017;3;13;4;3;5;3;0;1;0;0;0;0;1;8.171880196;53.126750578
2;4;59;24;2017;3;13;4;3;5;3;0;1;0;1;0;0;0;8.280023481;52.236043135
2;2;51;42;2017;3;16;4;3;5;3;1;1;0;0;0;0;1;8.628944643;52.790471388
2;4;59;3;2017;3;15;4;2;0;1;1;0;0;0;0;0;0;8.433261591;52.306822505
2;4;59;30;2017;3;21;4;3;5;3;1;1;0;0;0;2;0;7.968438656;52.678262351
2;4;4;0;2017;3;7;4;3;3;6;1;0;0;0;1;1;0;8.038085459;52.279237636
2;4;57;18;2017;3;7;4;3;5;2;1;0;0;0;1;0;0;7.574812074;53.135738363
2;2;51;13;2017;3;7;4;3;5;3;1;1;0;0;0;0;0;8.401564781;52.652721778
2;4;57;3;2017;3;17;4;3;2;1;0;1;0;0;0;0;0;7.549171527;53.262270036
2;3;52;62;2017;3;16;4;3;4;1;0;1;0;0;0;0;1;8.739163407;53.617595596
2;3;52;8;2017;3;18;4;3;8;1;0;1;0;0;0;0;1;8.968669591;53.720948959
2;3;53;31;2017;3;11;4;3;2;6;0;0;0;0;1;0;1;10.054434214;53.323532814
2;4;57;13;2017;3;7;4;3;2;6;0;1;0;0;0;0;0;7.433343199;53.230271374
2;4;54;47;2017;3;16;4;3;5;3;0;1;0;0;0;0;0;7.514454106;52.832994245
2;3;55;22;2017;3;11;4;3;9;1;0;1;0;0;0;0;1;10.398429334;53.278381257
2;3;53;31;2017;3;6;4;3;4;2;0;1;0;0;0;2;0;10.043554365;53.342535793
2;3;59;36;2017;3;9;4;3;6;7;0;1;1;0;0;0;0;9.251631691;53.590593582
2;3;58;22;2017;3;11;4;3;5;3;1;1;0;0;0;0;1;9.592510259;52.860353688
2;3;58;19;2017;3;9;4;1;8;1;0;1;0;0;0;0;1;9.854891822;53.178921339
2;3;57;48;2017;3;8;4;3;8;1;0;1;0;0;0;0;1;9.544863215;53.287011708
2;3;57;41;2017;3;14;4;3;5;3;0;1;0;0;0;0;1;9.481626765;53.168029667
2;2;41;2;2017;3;18;4;3;2;2;0;1;0;0;0;0;0;9.435992811;52.330841187
2;4;56;25;2017;3;7;4;3;2;6;0;1;0;0;0;0;0;7.119704589;52.516181667
2;2;41;4;2017;3;16;4;3;2;5;0;1;0;0;0;0;0;9.915298598;52.478126758
2;4;54;40;2017;3;17;4;3;2;6;0;1;0;0;0;0;0;7.221323805;52.866669798
2;2;41;4;2017;3;15;4;3;5;3;0;1;0;1;0;0;1;9.879867281;52.508839457
2;4;54;2;2017;3;15;4;3;2;2;0;1;0;1;0;0;0;7.407451274;52.588780386
2;4;60;4;2017;3;15;4;3;8;1;0;1;0;0;0;0;0;8.413472972;52.807265522
2;3;56;7;2017;3;12;4;3;2;6;0;1;0;0;0;0;0;8.770184432;53.211166574
2;4;51;7;2017;3;20;4;3;9;6;0;1;0;0;0;2;0;7.921706105;53.255565496
2;4;51;2;2017;3;8;4;3;5;7;0;1;0;0;0;0;0;8.082558142;53.184592864
2;2;51;37;2017;3;7;4;3;2;7;0;1;0;0;1;0;0;8.757491201;53.014159406
2;4;58;13;2017;3;16;4;3;3;1;0;1;0;1;0;0;0;8.161047212;53.034077349
2;4;58;5;2017;3;11;4;3;5;2;0;1;0;0;0;0;0;8.585284548;53.062669137
2;4;58;13;2017;3;7;4;3;5;3;1;1;0;0;0;0;0;8.191658872;53.068857135
2;2;41;1;2017;3;18;4;3;5;3;1;1;0;0;0;0;0;9.724018336;52.377633129
2;3;53;26;2017;3;17;4;3;5;3;1;1;0;0;0;0;0;9.779266612;53.492351387
2;2;57;22;2017;3;11;4;3;2;6;0;1;0;0;0;0;0;9.061828154;52.220688287
2;3;53;26;2017;3;8;4;3;4;2;0;1;0;0;1;0;0;9.782213221;53.45819226
2;1;55;5;2017;3;13;4;3;2;6;0;1;0;0;0;0;0;9.859916488;51.644678491
2;3;53;31;2017;3;7;4;3;5;3;0;1;0;0;1;0;0;10.037442003;53.34317593
2;2;57;35;2017;3;7;4;2;5;3;0;1;0;0;1;1;0;9.199778704;52.314128247
2;2;57;9;2017;3;11;4;3;5;2;0;1;0;1;0;0;0;9.059048337;52.286248276
2;2;57;6;2017;3;17;4;2;2;6;0;1;0;0;0;0;0;9.365988199;52.326888381
2;3;59;10;2017;3;19;4;3;3;2;1;1;0;0;0;2;0;9.716445362;53.471863674
2;2;56;31;2017;3;16;4;2;8;7;0;1;0;0;0;0;1;9.282582383;52.641076885
2;3;59;10;2017;3;16;4;3;2;6;0;1;0;0;0;0;0;9.697561932;53.480398857
2;2;54;5;2017;3;9;4;3;5;3;0;1;0;0;1;0;0;10.111114521;52.107081365
2;2;54;21;2017;3;14;4;3;2;6;0;1;0;0;0;0;0;9.972613759;52.153836913
2;3;58;8;2017;3;13;4;3;1;5;1;1;0;0;0;0;0;9.694990623;52.866229471
2;2;52;8;2017;3;13;4;2;9;1;0;1;0;0;0;0;0;9.550811583;52.068030954
2;3;53;9;2017;3;15;4;2;2;6;0;1;0;0;0;0;0;10.056595119;53.157537247
2;1;3;0;2017;3;13;4;3;5;2;0;1;0;0;1;0;1;10.738556033;52.36893423
2;3;58;3;2017;3;14;4;3;0;1;0;0;0;1;0;0;0;9.548170657;52.872738636
2;1;58;2;2017;3;22;4;2;5;2;0;1;0;0;0;2;0;10.186945781;52.104960959
2;3;58;19;2017;3;14;4;3;5;3;0;1;0;0;0;0;0;9.792919099;53.177521749
2;1;57;5;2017;3;15;4;3;9;1;0;1;0;0;0;0;0;10.359714957;52.187499747
2;3;54;11;2017;3;12;4;3;8;6;0;0;0;1;1;0;0;11.078481018;53.039900783
2;3;51;7;2017;3;16;4;3;4;2;0;1;0;1;0;0;0;10.179268278;52.552199798
2;2;41;6;2017;3;12;4;3;5;3;0;1;0;0;0;0;0;9.608030791;52.289988198
2;2;57;6;2017;3;8;4;3;2;6;0;1;0;0;1;0;0;9.42874078;52.354768235
2;2;57;6;2017;3;10;4;3;2;6;0;1;0;0;0;0;0;9.420296279;52.344137687
2;2;57;6;2017;3;10;4;3;2;6;0;1;0;0;0;0;0;9.419695124;52.343147036
2;1;55;7;2017;3;17;4;3;2;6;0;1;0;0;0;0;0;10.099522645;51.682654065
2;2;57;10;2017;3;8;4;2;5;3;0;1;0;1;0;0;0;9.355857975;52.436284521
2;1;2;0;2017;3;18;4;3;5;3;1;1;0;0;0;0;0;10.33441767;52.140363974
2;1;1;0;2017;3;15;4;2;5;3;1;1;0;0;0;0;1;10.529607211;52.248469139
2;4;59;14;2017;3;14;3;3;2;6;0;0;0;0;1;0;0;8.040830882;52.450962832
2;4;59;21;2017;3;8;3;3;2;6;0;1;0;0;0;0;0;7.9614423;52.269650031
2;4;59;8;2017;3;16;3;3;4;7;0;1;0;0;1;0;0;8.117551345;52.302108356
2;4;59;3;2017;3;16;3;3;2;6;0;1;0;0;0;0;0;8.367081983;52.322947695
2;4;59;3;2017;3;12;3;3;2;6;0;1;0;0;0;0;0;8.308952586;52.333026938
2;4;59;9;2017;3;6;3;2;8;7;0;1;0;0;0;0;0;7.795227419;52.634278159
2;2;57;31;2017;3;19;4;3;0;1;0;1;0;0;0;2;0;9.108240283;52.194613494
2;4;4;0;2017;3;15;3;3;3;2;1;1;0;0;0;0;0;8.071051775;52.262024711
2;2;54;42;2017;3;7;4;2;5;3;0;1;0;0;0;0;0;9.974550355;51.917920343
2;4;57;17;2017;3;18;3;3;2;5;1;1;0;0;0;0;0;7.617511477;53.13979524
2;1;3;0;2017;3;13;4;3;2;6;0;1;0;0;0;0;0;10.807638097;52.438735601
2;1;58;39;2017;3;7;4;2;4;2;0;1;0;0;1;0;0;10.50089164;52.021000281
2;1;2;0;2017;3;16;4;3;6;4;0;1;1;0;0;0;0;10.342753011;52.152881818
2;4;57;22;2017;3;16;3;2;4;6;1;0;0;0;0;0;0;7.461453366;53.121742371
2;4;57;17;2017;3;13;3;3;3;2;0;1;0;1;0;0;0;7.613809897;53.113142279
2;1;54;13;2017;3;9;4;3;0;6;0;1;0;0;0;0;0;10.780904902;52.31390971
2;4;59;29;2017;3;10;3;3;9;6;0;0;0;0;1;0;1;8.161430271;52.384567919
2;4;57;14;2017;3;17;3;2;6;4;0;0;1;0;1;0;0;7.510796094;53.33108415
2;4;56;20;2017;3;14;3;3;5;3;0;1;0;0;0;0;0;7.248240011;52.305510685
2;4;52;25;2017;3;11;3;2;2;6;0;1;0;0;1;0;0;7.743580859;53.419715961
2;4;52;1;2017;3;15;3;3;8;1;0;1;0;0;0;0;0;7.649448732;53.488495833
2;4;52;1;2017;3;8;3;3;3;2;1;0;0;0;1;0;1;7.521320016;53.467703514
2;4;53;6;2017;3;16;3;3;4;6;0;0;0;0;1;0;0;8.020191295;52.727526699
2;4;57;13;2017;3;17;3;3;2;6;0;1;0;0;0;1;0;7.47921072;53.227597034
2;3;61;6;2017;3;12;3;3;3;6;0;1;0;0;1;0;0;9.226813934;52.974131578
2;4;54;41;2017;3;18;3;3;5;3;0;0;0;1;1;0;0;7.404406732;53.088722494
2;3;61;12;2017;3;15;3;3;2;6;0;1;0;0;0;0;0;9.217107416;52.903798188
2;4;54;19;2017;3;18;3;3;5;3;1;1;0;0;0;0;0;7.491384466;52.674877523
2;4;51;7;2017;3;16;3;3;2;2;0;1;0;0;0;0;0;7.884745023;53.29120832
2;4;51;1;2017;3;7;3;3;2;6;0;1;0;0;0;0;0;7.823446338;53.175525594