ULAND;UJAHR;UMONAT;USTUNDE;UWOCHENTAG;UKATEGORIE;UART;UTYP1;ULICHTVERH;IstRad;IstPKW;IstFuss;IstKrad;IstGkfz;IstSonstig;STRZUSTAND;XGCSWGS84;YGCSWGS84
2;4;54;20;2017;4;11;6;3;2;6;0;1;0;0;0;0;0;7.303477256;52.979722596
2;2;56;13;2017;4;13;1;2;8;7;0;1;0;0;0;0;0;9.13375354;52.846955106
2;2;55;3;2017;4;17;5;3;8;1;0;0;0;1;0;0;0;9.515390693;51.915378487
2;4;56;1;2017;4;2;6;3;9;1;0;1;0;0;0;2;0;7.187178001;52.274612627
2;3;61;8;2017;4;7;6;1;8;7;0;1;0;0;1;0;0;9.156448776;53.080540462
2;4;58;10;2017;4;19;1;3;5;2;0;1;0;0;0;0;0;8.321812143;53.124932714
2;3;61;3;2017;4;6;6;2;9;7;0;1;0;0;0;1;0;9.322541333;52.783795275
2;1;58;37;2017;4;7;2;3;5;3;1;1;0;0;0;0;0;10.55699677;52.177736046
2;3;61;1;2017;4;3;6;2;8;7;0;1;0;0;0;2;0;8.979518848;53.044077608
2;3;61;12;2017;4;3;6;3;9;7;0;1;0;0;0;2;0;9.278767088;52.934274226
2;2;52;7;2017;4;11;5;3;5;3;0;1;0;0;1;0;0;9.252465533;52.166825455
2;1;59;31;2017;4;16;5;3;8;1;1;1;0;0;0;0;0;9.714605282;51.457211107
2;1;55;6;2017;4;13;5;2;8;1;0;1;0;0;0;0;0;10.115319596;51.831793556
2;1;54;13;2017;4;8;5;3;5;3;0;1;0;0;0;0;0;10.816670576;52.312435168
2;1;58;30;2017;4;7;5;3;9;1;0;1;0;0;0;0;1;10.623707529;52.203118248
2;1;58;37;2017;4;14;5;3;2;1;1;0;0;0;0;0;0;10.541813413;52.169116557
2;1;2;0;2017;4;16;5;3;0;6;0;1;0;1;0;0;0;10.336487384;52.139856125
2;1;2;0;2017;4;10;5;3;4;2;0;1;0;0;0;0;0;10.352811074;52.15568824
2;4;54;45;2017;4;16;5;2;5;3;0;1;0;1;0;0;0;7.329367032;52.325752898
2;4;59;27;2017;4;5;4;3;8;1;0;1;0;0;0;2;0;7.818019301;52.380597696
2;4;54;32;2017;4;8;5;3;5;3;0;1;0;0;0;0;0;7.262566793;52.544897914
2;4;57;18;2017;4;12;4;3;2;6;0;1;0;0;0;0;0;7.565633103;53.144224229
2;4;54;41;2017;4;21;4;3;8;1;0;0;0;1;0;2;0;7.356265302;53.093716349
2;4;51;5;2017;4;12;6;3;5;3;0;1;0;1;0;0;0;8.201868864;53.235597073
2;2;51;47;2017;4;16;6;3;8;7;0;1;0;0;0;0;0;8.899800912;52.999184362
2;4;54;32;2017;4;13;4;3;2;2;0;1;0;0;0;0;0;7.303334413;52.533531574
2;2;51;41;2017;4;21;6;3;5;3;0;1;0;0;0;2;0;8.824020449;52.94577891
2;4;61;3;2017;4;11;6;3;4;6;0;1;0;0;1;0;0;8.436845796;53.54387164
2;3;52;60;2017;4;4;6;3;9;1;0;1;0;0;0;2;0;8.53126965;53.40193364
2;3;59;10;2017;4;18;6;3;5;3;1;1;0;0;0;0;1;9.697831395;53.480215197
2;3;58;5;2017;4;13;6;3;2;6;0;1;0;0;0;0;0;9.694220118;52.672107527
2;3;53;18;2017;4;10;6;3;2;6;0;1;0;0;0;0;0;9.586349953;53.322368853
2;3;60;25;2017;4;15;6;3;0;1;0;1;0;0;0;0;0;10.516135971;52.906403348
2;3;55;22;2017;4;11;6;2;9;7;0;1;0;0;0;0;0;10.35889131;53.22020624
2;3;51;4;2017;4;12;6;3;5;2;0;1;0;1;0;0;0;9.96894835;52.800002148
2;4;52;23;2017;4;5;4;3;2;1;0;1;0;0;0;2;1;7.368013302;53.477831359
2;4;53;7;2017;4;7;4;3;5;3;0;1;0;1;0;0;0;7.745709623;52.978900295
2;4;53;10;2017;4;7;4;3;5;3;0;1;0;0;0;1;1;7.795235056;52.832272638
2;4;52;6;2017;4;14;5;3;1;1;0;1;0;0;1;0;0;7.573096383;53.392467068
2;2;41;21;2017;4;12;6;3;2;7;0;1;0;0;1;0;0;9.460485128;52.377774769
2;4;52;1;2017;4;11;5;3;2;6;0;1;0;0;0;0;0;7.507118514;53.445637452
2;2;41;19;2017;4;9;6;3;2;6;0;1;0;0;0;0;0;9.76021212;52.58746912
2;4;53;8;2017;4;16;4;3;5;3;1;1;0;0;0;0;0;8.002266342;52.88987647
2;4;55;27;2017;4;10;4;2;5;3;1;1;0;0;0;0;0;7.974194225;53.40993532
2;3;56;7;2017;4;15;4;3;2;6;0;1;0;0;0;0;0;8.730037806;53.230843019
2;3;61;2;2017;4;13;4;3;2;6;0;1;0;0;0;0;0;9.132938191;52.925161285
2;3;61;12;2017;4;15;4;3;4;6;1;0;0;0;0;0;0;9.246302163;52.924702849
2;1;55;3;2017;4;14;6;2;4;6;0;1;0;1;0;0;0;9.749177616;51.811750788
2;4;55;26;2017;4;10;4;3;2;6;0;1;0;0;0;0;0;8.102204171;53.398859473
2;2;56;22;2017;4;9;6;2;5;3;0;1;0;0;0;0;0;9.273728968;52.661575374
2;2;54;45;2017;4;21;6;3;4;6;0;1;0;0;0;2;1;9.963069783;52.031514524
2;1;54;10;2017;4;14;6;3;5;3;1;1;0;0;0;0;0;11.042609789;52.215875946
2;1;2;0;2017;4;18;6;3;2;6;0;1;0;0;0;0;0;10.354781342;52.034452609
2;1;2;0;2017;4;13;6;3;2;2;0;1;0;0;0;0;0;10.478703288;52.173885827
2;2;41;1;2017;4;2;7;3;9;1;0;1;0;0;0;2;1;9.696164098;52.380009319
2;1;53;17;2017;4;1;6;3;8;1;0;1;0;0;0;2;0;10.47260627;51.926588731
2;4;59;14;2017;4;16;5;3;2;6;0;1;0;0;0;0;0;8.035067951;52.401732085
2;4;4;0;2017;4;6;7;3;1;7;1;1;0;0;1;0;1;8.080486413;52.275618045
2;4;59;14;2017;4;12;5;2;3;6;0;1;0;0;1;0;0;8.03431795;52.437785529
2;3;55;9;2017;4;2;1;2;8;1;0;0;0;1;0;2;1;10.752938038;53.283614126
2;4;59;20;2017;4;11;5;3;5;3;0;1;0;0;0;0;0;7.982625203;52.197133148
2;4;59;29;2017;4;15;5;3;2;2;0;1;0;0;1;0;0;8.218427126;52.339887018
2;4;51;7;2017;4;18;4;3;5;3;1;1;0;0;0;0;0;7.885522185;53.202668141
2;4;51;2;2017;4;17;4;3;2;6;0;1;0;0;0;0;0;7.985776538;53.192360277
2;4;3;0;2017;4;17;4;3;2;2;0;1;0;0;1;0;0;8.140931541;53.126189715
2;4;3;0;2017;4;15;4;3;5;3;1;1;0;0;0;0;0;8.163307624;53.141620273
2;4;61;9;2017;4;8;4;2;5;3;0;1;0;0;1;0;0;8.356344889;53.399385511
2;4;58;7;2017;4;16;4;3;5;3;0;1;0;0;0;0;0;8.210494076;52.905547926
2;1;58;37;2017;4;11;3;3;5;3;0;1;0;1;0;0;1;10.591762325;52.151466553
2;3;52;32;2017;4;14;4;3;9;1;0;1;0;0;0;0;0;8.638093549;53.409887448
2;3;52;60;2017;4;9;4;3;5;3;0;1;0;0;0;0;0;8.663043164;53.381749317
2;3;52;62;2017;4;16;4;3;5;3;0;1;0;0;0;0;0;8.596867532;53.595736162
2;4;59;26;2017;4;7;5;3;5;3;0;1;0;0;1;0;1;7.828991636;52.475504731
2;4;53;8;2017;4;8;5;1;5;3;1;1;0;0;0;0;0;8.020875161;52.955216748
2;3;52;46;2017;4;14;4;1;5;3;1;1;0;0;0;0;0;8.874979366;53.804181717
2;3;58;8;2017;4;6;4;3;6;4;0;1;1;0;0;0;0;9.693905973;52.865830881
2;4;4;0;2017;4;21;5;3;3;6;0;1;0;0;0;2;1;8.097182813;52.25417411
2;4;4;0;2017;4;16;5;3;0;7;0;1;0;0;0;0;0;8.056001729;52.265603942
2;4;4;0;2017;4;14;5;3;2;6;0;1;0;0;1;0;0;8.028098518;52.289014621
2;4;55;26;2017;4;14;5;3;0;7;1;0;0;0;0;0;0;8.041887532;53.388659518
2;4;4;0;2017;4;12;5;3;5;3;1;1;0;0;0;0;0;8.023301409;52.29131561
2;4;57;18;2017;4;10;5;3;0;7;0;1;0;0;1;0;0;7.57258564;53.078780207
2;4;5;0;2017;4;6;5;2;5;3;1;1;0;0;0;0;0;8.086751272;53.529031524
2;4;51;2;2017;4;15;5;2;5;2;0;1;0;0;0;0;0;8.082010806;53.15985202
2;4;57;18;2017;4;9;5;2;5;3;1;1;0;0;0;0;0;7.575355447;53.135734425
2;3;58;22;2017;4;14;4;3;5;3;1;1;0;0;0;0;0;9.592540347;52.86035337
2;3;57;44;2017;4;9;4;2;3;2;1;0;0;0;1;0;0;9.505027014;53.27883943
2;3;57;51;2017;4;17;4;3;4;6;0;0;0;0;1;0;0;9.584886373;52.986301615
2;4;54;32;2017;4;13;5;3;5;2;1;1;0;0;0;0;0;7.339794241;52.519568281
2;3;54;7;2017;4;14;4;3;8;1;0;0;0;1;0;0;0;11.356095721;53.04718938
2;3;56;7;2017;4;18;5;3;5;3;0;1;0;1;0;0;1;8.784929821;53.231357766
2;4;51;5;2017;4;9;5;3;2;6;0;1;0;0;0;0;1;8.15537436;53.279564961
2;4;51;1;2017;4;17;5;3;2;6;0;1;0;1;0;0;0;7.809106702;53.220676011
2;4;3;0;2017;4;14;5;3;5;3;1;0;0;0;0;0;0;8.231612156;53.136442757
2;2;51;47;2017;4;8;5;3;5;3;0;1;0;0;0;0;0;8.871310187;52.989099318
2;4;61;9;2017;4;14;5;2;2;6;0;1;0;0;1;0;0;8.36999046;53.400294134
2;4;61;8;2017;4;18;5;3;5;2;0;1;0;0;0;0;0;8.42690128;53.317047437
2;3;52;46;2017;4;3;7;3;8;1;0;0;0;0;1;2;1;8.849290616;53.799619395
2;4;61;4;2017;4;8;5;3;8;1;0;1;0;0;0;0;1;8.389193907;53.196037352
2;4;58;10;2017;4;10;5;2;4;6;0;1;0;0;0;0;0;8.471421419;53.10652612
2;3;55;1;2017;4;11;4;3;5;2;1;1;0;0;0;0;0;10.427453394;53.297911593
2;2;41;5;2017;4;18;4;3;2;6;0;1;0;0;0;0;1;9.614386932;52.438369929
2;2;56;32;2017;4;7;4;2;2;2;0;1;0;0;0;0;0;9.076184685;52.514110334
2;2;56;22;2017;4;16;4;3;5;2;1;0;0;0;1;0;0;9.21755668;52.630205651
2;2;54;14;2017;4;16;4;3;5;3;0;1;0;0;1;0;0;9.727084611;52.115703662
2;2;54;32;2017;4;12;4;2;5;3;0;1;0;1;0;0;0;10.225714466;52.18892106
2;4;60;9;2017;4;7;2;3;2;6;0;1;0;0;0;0;0;8.270168003;52.762223276
2;2;54;21;2017;4;7;4;3;2;6;0;1;0;0;0;0;0;9.978358713;52.149491776
2;1;59;16;2017;4;6;4;3;5;3;0;1;0;0;0;0;0;9.953651658;51.51672583
2;1;1;0;2017;4;9;3;3;2;6;0;1;0;0;0;0;1;10.54001509;52.268035469
2;1;51;40;2017;4;17;4;3;0;6;1;1;0;0;0;0;0;10.797514519;52.700630101
2;3;53;5;2017;4;17;5;3;2;6;0;1;0;0;0;0;0;9.828481662;53.371964854
2;1;51;6;2017;4;17;4;3;2;2;0;1;0;1;0;0;0;10.645178403;52.394647918
2;3;53;26;2017;4;8;5;3;2;6;0;1;0;0;1;0;0;9.789527207;53.424372605
2;1;57;6;2017;4;7;4;3;2;6;0;1;0;0;1;0;0;10.178055313;52.358400291
2;3;59;13;2017;4;4;5;2;9;1;0;1;0;0;0;2;1;9.282227579;53.720390815
2;4;59;14;2017;4;19;3;2;3;6;0;1;0;0;1;0;0;7.959936913;52.433879953
2;4;51;4;2017;4;13;5;3;5;2;0;1;0;0;0;0;0;8.068048621;53.090127953
2;2;51;7;2017;4;16;5;3;4;2;0;1;0;0;0;0;0;8.731716166;52.837772841
2;4;59;27;2017;4;7;3;3;2;2;0;1;0;0;0;0;0;7.839776161;52.419865919
2;4;61;4;2017;4;16;5;1;8;1;0;1;0;0;0;0;0;8.443608309;53.207224356
2;4;4;0;2017;4;16;3;3;3;6;1;0;0;0;1;0;0;8.036789465;52.28063745
2;4;4;0;2017;4;12;3;3;2;6;0;1;0;0;0;0;0;8.036017624;52.296462687
2;3;59;38;2017;4;11;5;2;5;2;0;1;1;0;0;0;1;9.432311008;53.595087941
2;3;58;21;2017;4;10;5;3;5;3;0;1;0;0;1;0;0;9.827610729;53.031408514
2;3;52;32;2017;4;17;5;3;2;6;0;1;0;0;0;0;0;8.613560085;53.446736417
2;3;57;57;2017;4;10;5;3;4;2;0;1;0;0;1;0;0;9.275727414;53.298951812
2;3;57;31;2017;4;14;5;1;8;1;0;1;0;0;0;0;0;9.440575875;53.008841746
2;3;57;39;2017;4;9;5;3;5;3;0;1;0;0;0;0;0;9.287942463;53.178817587
2;3;54;4;2017;4;17;5;2;4;2;0;1;0;0;0;0;0;11.130152398;53.10350631
2;2;41;1;2017;4;21;5;3;2;6;0;1;0;1;0;2;1;9.813418171;52.36543975
2;2;41;1;2017;4;17;5;3;2;2;0;1;1;0;0;0;0;9.768807568;52.338081361
2;4;4;0;2017;4;17;3;3;2;2;0;1;0;0;0;0;0;8.024541216;52.290756255
2;2;57;3;2017;4;22;5;3;3;6;0;1;0;0;0;2;0;9.30204695;52.25439068
2;2;41;11;2017;4;22;5;3;2;6;0;1;0;0;0;2;0;9.947432996;52.391499309
2;2;41;1;2017;4;21;5;3;2;6;0;1;0;0;0;2;0;9.818555568;52.427632872
2;4;57;10;2017;4;15;3;3;3;2;0;1;0;1;0;0;0;7.603351649;53.331317875
2;4;57;10;2017;4;22;3;3;0;7;0;1;0;0;0;2;0;7.642447755;53.306958122
2;4;56;18;2017;4;15;3;3;5;3;1;1;0;0;0;0;0;7.196557955;52.342908124
2;4;56;15;2017;4;11;3;2;4;6;1;0;0;0;0;0;0;7.083861245;52.440355405
2;2;41;10;2017;4;15;5;3;5;2;0;1;0;1;0;0;0;9.720560206;52.458669903
2;4;56;25;2017;4;7;3;3;4;1;0;1;0;0;0;0;0;7.163341179;52.541648305
2;4;54;17;2017;4;18;3;2;5;3;0;1;0;1;0;0;0;7.611630282;52.563493439
2;2;41;1;2017;4;16;5;3;0;1;1;0;0;0;0;0;0;9.755442447;52.370113842
2;2;54;32;2017;4;7;2;3;5;3;0;1;0;0;1;0;0;10.179001513;52.208673631
2;4;53;9;2017;4;12;3;3;5;3;1;0;0;0;1;0;0;7.952014333;52.807234636
2;4;53;11;2017;4;9;3;3;5;2;1;1;0;0;0;0;0;7.751173932;52.735262546
2;4;61;4;2017;4;16;2;3;2;6;0;1;0;0;0;0;1;8.458858365;53.240631295
2;4;53;5;2017;4;20;3;3;5;3;0;1;0;1;0;0;0;8.186047033;52.82803723
2;2;41;1;2017;4;13;5;3;2;6;1;0;0;0;0;0;0;9.732241725;52.36910841
2;4;4;0;2017;4;13;2;3;2;6;0;1;0;0;1;0;0;8.049515253;52.267194373
2;4;53;4;2017;4;15;3;3;2;6;0;1;0;0;0;0;0;7.992088925;52.820485927
2;2;41;1;2017;4;11;5;3;5;2;1;1;0;0;0;0;0;9.731563259;52.369401744
2;1;54;10;2017;4;5;3;3;5;3;0;1;0;0;0;1;1;11.072729223;52.219849053
2;4;53;4;2017;4;10;3;3;2;6;0;1;0;0;1;0;0;7.985682389;52.823360984
2;2;41;1;2017;4;8;5;3;2;6;0;1;0;0;0;0;1;9.631418987;52.420157938
2;1;55;1;2017;4;9;5;3;0;1;0;0;0;1;0;0;1;10.035500475;51.888347596
2;1;55;1;2017;4;16;5;3;5;2;0;1;0;0;0;0;0;10.035078736;51.888548884
2;2;57;33;2017;4;7;5;2;8;1;0;0;0;0;1;0;1;9.267615087;52.394695242
2;4;55;25;2017;4;8;3;2;5;3;0;1;0;1;0;0;0;8.026725397;53.388277023
2;2;52;2;2017;4;15;5;3;2;6;0;1;0;0;0;0;1;9.470791879;52.203730801
2;4;5;0;2017;4;11;3;3;5;3;0;1;0;0;0;0;0;8.11307477;53.528267862
2;3;52;62;2017;4;18;5;3;2;1;0;0;0;1;1;0;0;8.879232296;53.603692603
2;3;56;9;2017;4;16;3;2;8;1;0;1;0;0;0;0;0;8.593722188;53.274666813
2;3;52;60;2017;4;7;5;3;2;6;0;1;0;0;0;0;0;8.575357041;53.373711016
2;4;3;0;2017;4;14;3;3;2;6;0;1;0;0;0;0;0;8.194320844;53.154062137
2;2;52;8;2017;4;14;5;2;9;1;0;1;0;0;0;0;1;9.553204043;52.07288994
2;1;59;16;2017;4;7;5;3;4;2;0;1;0;0;0;0;0;9.915446208;51.535328013
2;4;51;1;2017;4;17;3;3;4;6;0;1;0;0;0;0;0;7.767859847;53.241728188
2;4;51;2;2017;4;9;3;3;2;6;0;1;0;0;1;0;0;8.053406797;53.181215675
2;4;3;0;2017;4;14;3;3;2;6;0;1;0;0;0;0;0;8.222482104;53.131701531
2;2;51;37;2017;4;17;3;2;5;2;0;0;0;1;1;0;0;8.78570534;52.998971901
2;2;51;42;2017;4;16;3;2;5;2;0;0;0;1;1;0;0;8.659726496;52.810657503
2;4;1;0;2017;4;17;3;3;5;3;1;1;0;0;0;0;0;8.624642287;53.03508331
2;3;53;40;2017;4;17;3;2;1;7;0;1;0;1;0;0;0;10.18955728;53.395041679
2;1;59;16;2017;4;9;3;3;2;2;0;1;0;0;0;0;1;9.926126974;51.533366012
2;3;53;5;2017;4;6;3;3;4;3;0;1;0;0;1;0;0;9.793797973;53.292614785
2;1;59;16;2017;4;2;5;3;2;6;0;1;0;0;1;2;1;9.91541541;51.659248733
2;3;58;22;2017;4;8;3;3;5;3;0;1;0;0;0;0;0;9.461096069;52.897474292
2;1;3;0;2017;4;14;5;3;2;6;0;1;0;0;0;0;0;10.817678487;52.413451809
2;3;58;22;2017;4;9;3;3;8;1;0;1;0;0;0;0;0;9.476212414;52.815355301
2;1;58;39;2017;4;20;5;3;9;1;0;0;0;1;0;0;0;10.511527328;52.052216475
2;1;57;1;2017;4;23;5;3;0;7;0;1;0;0;0;2;0;10.301379848;52.399341526
2;1;57;7;2017;4;14;5;3;2;6;0;1;0;0;0;0;1;10.384339383;52.214640816
2;3;56;9;2017;4;17;5;3;2;6;0;1;0;0;0;0;0;8.644763116;53.227897017
2;4;60;7;2017;4;16;4;3;2;6;0;1;0;0;1;0;1;8.075550811;52.494433756
2;4;59;24;2017;4;15;4;2;3;6;0;1;0;0;1;0;1;8.340316029;52.193381949
2;3;59;38;2017;4;15;5;2;5;3;0;1;1;0;0;0;0;9.421512029;53.590127866
2;4;59;12;2017;4;16;4;3;5;3;0;1;0;1;0;0;1;8.167970045;52.235531751
2;4;59;12;2017;4;4;4;2;8;1;0;1;0;0;0;2;0;8.17624996;52.264779942
2;4;59;34;2017;4;20;4;3;2;6;0;1;0;0;0;1;0;8.009915515;52.08373851
2;4;59;27;2017;4;12;4;2;6;4;1;0;1;0;0;0;0;7.837383159;52.418898144
2;3;55;11;2017;4;16;3;3;2;6;0;1;0;0;0;0;0;10.440964628;53.324414735
2;4;59;10;2017;4;20;4;3;5;3;0;1;0;0;1;1;1;7.932965207;52.556435931
2;3;51;12;2017;4;15;3;2;9;1;0;1;0;0;0;0;0;9.928855836;52.604746977
2;4;4;0;2017;4;15;4;3;2;6;0;1;0;0;0;0;1;7.996625715;52.266873673
2;3;51;6;2017;4;15;3;3;0;7;1;0;0;0;1;0;0;10.074468779;52.623906208
2;4;57;24;2017;4;10;4;2;8;1;0;1;0;0;0;0;0;7.277494001;53.244625001
2;2;41;1;2017;4;16;3;3;3;6;1;0;0;0;0;0;0;9.751679013;52.358605123
2;2;41;1;2017;4;6;3;3;4;2;1;1;0;0;0;1;0;9.862030333;52.381067388
2;2;41;1;2017;4;16;3;3;5;3;1;1;0;0;0;0;0;9.717768807;52.395616944
2;4;54;5;2017;4;16;4;3;5;3;0;1;0;0;1;0;1;7.53959507;52.913150696
2;2;41;13;2017;4;11;3;3;2;6;0;1;0;0;0;0;0;9.724600098;52.242950369
2;4;54;59;2017;4;6;4;2;9;1;0;1;0;0;0;0;0;7.586359395;52.587510456
2;3;57;8;2017;4;22;1;3;8;1;0;1;0;0;0;2;0;9.161623359;53.522832235
2;2;41;6;2017;4;19;3;3;5;2;0;1;0;0;0;0;0;9.604548681;52.335064233
2;2;41;11;2017;4;8;3;3;2;6;0;1;0;0;0;0;0;9.908354539;52.357325287
2;4;54;49;2017;4;16;4;2;5;3;0;1;0;0;0;0;1;7.492481429;52.36038574
2;1;53;2;2017;4;15;2;3;2;6;0;1;0;0;0;0;0;10.56100277;51.884960223
2;2;41;8;2017;4;16;3;3;6;4;0;1;1;0;0;0;0;9.797247338;52.475921213
2;4;62;19;2017;4;15;4;3;2;6;0;1;0;0;0;0;1;7.784009899;53.585219978
2;2;41;1;2017;4;9;2;3;2;2;0;1;0;0;0;0;0;9.731531895;52.369590197
2;2;41;8;2017;4;15;3;3;2;6;0;1;0;0;0;0;0;9.841261622;52.423349673
2;4;62;19;2017;4;13;4;3;2;6;0;1;0;0;0;0;1;7.694388919;53.552955888
2;2;41;1;2017;4;10;3;2;8;1;1;0;0;0;0;0;0;9.719749962;52.367642847
2;4;53;13;2017;4;20;4;3;8;6;0;1;0;0;0;2;1;7.706824921;53.110580006
2;2;41;1;2017;4;10;3;3;5;2;1;1;0;0;0;0;0;9.761931928;52.370515217
2;4;60;2;2017;4;7;4;3;5;3;0;1;0;0;0;0;0;8.275962151;52.531245014
2;4;5;0;2017;4;15;4;3;2;6;0;1;0;0;0;0;1;8.06030006;53.540482334
2;3;56;7;2017;4;22;4;3;5;3;0;1;0;0;0;2;1;8.802557976;53.220817341
2;3;61;8;2017;4;15;4;3;4;2;0;1;0;0;0;0;1;9.14121718;53.11372256
2;4;61;3;2017;4;15;4;3;4;6;0;1;0;0;1;0;1;8.315267684;53.548383359
2;4;61;7;2017;4;13;4;3;5;3;0;1;0;0;1;0;1;8.495024066;53.507047224
2;3;52;50;2017;4;18;4;3;5;2;0;1;0;0;1;0;1;8.709318048;53.515873216
2;3;52;56;2017;4;15;4;3;5;3;0;1;0;0;0;0;1;9.102053757;53.732309676
2;1;59;19;2017;4;12;3;3;8;1;0;0;0;1;0;0;0;10.461383996;51.696570195
2;2;54;45;2017;4;7;3;3;5;3;0;1;0;0;0;0;0;9.900593526;52.064997871
2;2;54;21;2017;4;13;3;3;1;7;0;1;0;0;0;0;0;9.974664709;52.165484617
2;2;55;13;2017;4;14;3;3;4;2;0;1;0;1;0;0;0;9.634405748;51.929373153
2;2;52;4;2017;4;17;3;3;2;6;0;1;0;0;1;0;0;9.515266249;52.122833203
2;1;59;17;2017;4;6;3;3;4;2;0;1;0;1;0;1;0;9.701656687;51.42239985
2;1;59;11;2017;4;17;3;3;8;1;0;0;0;1;0;0;0;10.06709666;51.583016413
2;4;56;14;2017;4;8;2;3;4;2;0;1;0;0;1;0;0;6.947826856;52.516353737
2;1;2;0;2017;4;7;3;3;2;6;0;1;0;0;0;0;0;10.365738462;52.093668167
2;3;59;12;2017;4;16;4;3;5;3;0;1;0;1;0;0;1;9.56874611;53.544545155
2;1;57;6;2017;4;7;3;3;5;3;0;1;0;0;0;0;1;10.235915985;52.331739968
2;4;4;0;2017;4;9;2;3;0;1;0;0;0;1;0;0;1;8.060604735;52.243278504
2;3;59;13;2017;4;18;4;2;2;6;0;1;0;1;0;1;1;9.461700815;53.683584083
2;4;59;12;2017;4;13;2;2;8;7;0;1;0;0;0;0;0;8.264754738;52.249327623
2;3;58;11;2017;4;19;4;3;5;3;0;0;0;1;1;0;1;9.565758577;52.736709066
2;3;57;8;2017;4;17;4;3;2;2;0;1;0;0;0;0;1;9.158812798;53.482009466
2;3;55;19;2017;4;12;4;3;5;2;0;1;0;0;0;0;0;10.554064346;53.363518644
2;4;59;24;2017;4;12;2;3;5;3;1;0;0;1;0;0;0;8.279857609;52.235716732
2;3;58;8;2017;4;20;5;3;2;6;0;1;0;0;0;0;0;9.734490903;52.866824309
2;4;59;19;2017;4;14;2;2;4;3;1;1;0;0;0;0;0;8.129694081;52.180809701
2;2;41;14;2017;4;4;4;3;5;3;0;1;0;0;0;2;0;9.668118038;52.343764563
2;2;41;5;2017;4;12;4;3;5;3;1;1;0;0;0;0;0;9.574043089;52.421720447
2;2;41;11;2017;4;15;4;3;2;6;0;1;0;0;0;0;0;9.907989552;52.357082475
2;2;41;8;2017;4;11;4;3;5;3;1;1;0;0;0;0;0;9.801390647;52.480415655
2;2;41;19;2017;4;14;5;3;2;7;0;1;0;0;1;0;0;9.731158941;52.618907601
2;2;41;18;2017;4;6;4;3;8;1;0;1;0;0;0;1;1;10.077578301;52.478249556
2;1;59;19;2017;4;13;4;3;5;3;0;1;0;0;0;0;0;10.347987824;51.653788912
2;3;58;8;2017;4;6;5;3;5;3;0;1;0;0;0;0;0;9.692807675;52.856534491
2;2;54;42;2017;4;22;4;3;8;1;0;1;0;0;0;2;1;9.972726222;51.936706969
2;2;52;1;2017;4;16;4;2;0;1;0;0;0;1;0;0;1;9.304589823;52.06668774
2;4;59;29;2017;4;11;2;3;4;2;0;1;0;0;0;0;0;8.226077226;52.345537269
2;2;52;2;2017;4;18;4;3;8;1;0;0;0;0;1;0;1;9.420553235;52.225242351
2;4;59;14;2017;4;18;2;3;5;3;0;1;0;0;0;0;0;8.020850634;52.398130613
2;2;52;6;2017;4;20;4;3;0;3;0;1;0;1;0;2;1;9.36771442;52.104076692
2;4;57;20;2017;4;22;2;3;5;3;0;1;0;0;0;2;0;7.750059563;53.305208528
2;2;52;5;2017;4;18;4;3;8;1;0;1;0;0;0;0;1;9.338297475;51.998422171
2;2;52;6;2017;4;14;4;3;2;6;0;1;0;0;0;0;0;9.387832534;52.102839443
2;1;59;23;2017;4;12;4;2;4;6;0;1;0;0;0;0;0;10.096410043;51.550939542
2;3;57;39;2017;4;22;5;2;5;3;0;1;0;1;0;2;0;9.41230227;53.1095745
2;1;53;17;2017;4;7;4;3;4;1;0;1;0;0;0;0;0;10.493853198;51.988226693
2;1;51;9;2017;4;13;4;3;2;6;0;1;0;0;0;0;0;10.570750526;52.496534339
2;1;51;9;2017;4;6;4;3;5;3;0;1;0;0;0;1;0;10.57050403;52.496520649
2;4;59;29;2017;4;18;3;3;5;3;0;1;0;0;0;0;0;8.230039048;52.324161949
2;4;59;13;2017;4;23;3;3;8;1;0;1;0;0;0;2;0;8.313605765;52.368216957
2;4;54;27;2017;4;18;2;3;5;3;0;1;0;0;0;0;0;7.615869988;52.816191439
2;4;59;3;2017;4;14;3;3;5;3;0;1;0;0;0;0;0;8.430072473;52.363135488
2;4;54;41;2017;4;11;2;2;2;6;0;1;0;0;0;0;0;7.352857946;53.101906412
2;4;59;3;2017;4;12;3;3;5;3;0;1;0;0;1;0;0;8.356870625;52.324187277
2;4;4;0;2017;4;10;3;3;0;6;0;1;0;0;1;0;0;8.033154083;52.271347009
2;4;54;60;2017;4;7;2;3;5;3;0;1;0;0;1;0;0;7.404675716;52.935965768
2;4;56;25;2017;4;8;2;3;2;6;0;1;0;0;0;0;0;7.181977069;52.549298654
2;4;54;35;2017;4;13;2;2;5;2;1;0;0;0;0;0;0;7.307082436;52.684886021
2;4;54;32;2017;4;10;2;3;2;6;0;1;0;0;0;0;0;7.369622591;52.568646397
2;4;53;4;2017;4;17;2;3;2;6;0;1;0;0;0;0;0;8.056843986;52.840115468
2;4;54;8;2017;4;10;3;3;5;3;0;1;0;0;0;0;0;7.427162357;52.98918685