ULAND;UJAHR;UMONAT;USTUNDE;UWOCHENTAG;UKATEGORIE;UART;UTYP1;ULICHTVERH;IstRad;IstPKW;IstFuss;IstKrad;IstGkfz;IstSonstig;STRZUSTAND;XGCSWGS84;YGCSWGS84
2;4;53;8;2017;4;17;2;2;5;3;0;1;0;1;0;0;0;8.058295687;52.95148937
2;4;55;14;2017;4;17;2;2;5;3;1;1;0;0;0;0;0;8.014124331;53.506281074
2;4;56;20;2017;4;15;3;3;4;2;0;1;0;0;0;0;0;7.23976371;52.299290643
2;2;57;10;2017;4;17;2;2;5;3;1;1;0;0;0;0;0;9.329586975;52.435367934
2;3;56;9;2017;4;12;2;3;5;3;1;1;0;0;0;0;0;8.594166143;53.22589462
2;4;56;15;2017;4;18;3;3;2;6;0;1;0;0;0;0;0;7.113855219;52.389991263
2;2;51;37;2017;4;10;2;3;2;6;0;1;0;0;0;0;0;8.802026349;53.022044242
2;3;61;12;2017;4;15;2;3;0;7;0;1;0;0;0;0;0;9.245569927;52.958864677
2;4;56;15;2017;4;8;3;3;5;3;1;1;0;0;0;0;0;7.098803308;52.421472484
2;4;4;0;2017;4;16;2;2;3;6;1;1;0;0;0;0;0;8.054853099;52.276985163
2;3;61;12;2017;4;13;2;3;5;3;0;1;0;0;0;0;0;9.238041054;52.912984433
2;4;62;19;2017;4;16;3;3;4;6;1;0;0;0;0;0;0;7.767879538;53.586159848
2;2;52;6;2017;4;14;3;3;0;6;0;1;0;0;0;0;0;9.3610541;52.105133136
2;4;52;7;2017;4;22;3;3;9;1;0;1;0;0;0;2;1;7.334204856;53.594023761
2;4;52;14;2017;4;12;3;3;5;3;0;1;0;0;1;0;0;7.103307981;53.430702225
2;4;60;5;2017;4;5;3;2;9;7;0;0;0;0;1;0;0;8.098615053;52.597978536
2;3;56;5;2017;4;19;3;3;5;2;1;1;0;0;0;0;1;8.946943836;53.158830494
2;4;5;0;2017;4;11;2;3;2;6;0;1;0;0;0;0;0;8.113867579;53.575154943
2;3;61;13;2017;4;7;3;3;5;3;0;1;0;0;0;0;0;9.007252781;52.951687797
2;4;51;1;2017;4;17;2;3;5;3;0;1;0;0;0;0;0;7.791418488;53.227347084
2;3;51;6;2017;4;17;5;3;2;6;0;1;0;0;0;0;0;10.129382387;52.621221205
2;4;3;0;2017;4;14;2;3;2;6;0;1;0;0;0;0;0;8.214830887;53.146559501
2;2;51;37;2017;4;6;2;2;0;6;0;1;0;1;0;0;0;8.738837785;52.995172023
2;2;41;17;2017;4;17;5;3;2;6;0;1;0;0;1;0;0;9.746380391;52.211586443
2;2;51;41;2017;4;11;2;3;2;6;0;1;0;0;0;0;0;8.828143219;52.915418014
2;4;1;0;2017;4;5;2;3;0;7;0;0;0;0;1;1;0;8.600245998;53.034964248
2;4;58;8;2017;4;0;2;3;2;6;0;1;0;0;1;2;0;8.62462992;52.976800264
2;3;61;10;2017;4;9;3;3;9;7;0;1;0;0;0;0;0;8.934982298;52.98325343
2;3;61;12;2017;4;19;3;3;0;7;0;1;0;0;0;1;0;9.230909118;52.935488028
2;2;51;42;2017;4;17;3;3;2;2;0;1;0;0;0;0;0;8.624314987;52.786408438
2;2;51;46;2017;4;18;3;3;2;2;0;1;0;0;0;1;0;8.451387057;52.613646343
2;3;52;46;2017;4;21;3;3;5;3;0;1;0;0;0;2;1;8.892668699;53.795853787
2;3;53;5;2017;4;16;3;3;5;2;1;1;0;0;0;0;0;9.882222394;53.331029152
2;3;57;16;2017;4;6;3;3;4;2;0;1;0;0;0;0;1;8.982401455;53.41593263
2;4;58;7;2017;4;19;2;2;9;1;0;0;0;1;0;0;0;8.278847455;52.990380875
2;3;57;37;2017;4;12;3;3;5;3;0;1;0;0;0;0;1;9.259703582;53.144418291
2;4;1;0;2017;4;15;2;3;5;2;1;1;0;0;0;0;0;8.609184783;53.049242605
2;3;55;27;2017;4;7;3;3;2;6;0;1;0;0;0;0;0;10.243181383;53.174646867
2;3;56;9;2017;4;20;2;3;9;7;0;1;0;0;1;1;0;8.689895337;53.196981502
2;2;41;1;2017;4;18;3;3;2;6;0;1;0;0;0;0;0;9.718384326;52.346040843
2;3;53;26;2017;4;10;2;3;2;2;0;1;0;0;1;0;0;9.799561113;53.382833434
2;3;53;31;2017;4;16;2;3;8;1;0;1;0;0;0;0;1;10.056432504;53.425555856
2;3;53;7;2017;4;17;2;3;4;1;0;1;0;0;0;0;0;10.261078652;53.409889234
2;3;59;10;2017;4;14;2;3;5;3;0;1;0;0;0;0;0;9.678275636;53.462413424
2;2;41;1;2017;4;20;3;3;5;3;0;1;0;1;0;2;0;9.766135674;52.340821216
2;3;59;28;2017;4;6;2;3;7;7;0;0;0;1;0;0;0;9.737401719;53.523046868
2;3;58;16;2017;4;7;2;2;9;1;0;1;0;0;0;0;0;9.992501801;53.04085379
2;2;41;20;2017;4;12;3;3;5;3;1;1;0;0;0;0;0;9.629043018;52.26462798
2;4;58;9;2017;4;13;1;3;2;2;0;0;0;1;0;0;0;8.303690345;53.069603903
2;3;58;21;2017;4;12;2;3;9;1;0;1;0;0;0;0;0;9.817641611;53.03341216
2;2;41;4;2017;4;0;3;3;8;7;0;1;0;0;0;2;0;9.854427956;52.549383092
2;2;41;1;2017;4;19;3;3;5;3;1;1;0;0;0;0;0;9.722959423;52.378929318
2;1;57;5;2017;4;7;2;3;5;3;0;1;0;0;0;0;0;10.340065523;52.186407184
2;3;57;8;2017;4;18;2;3;2;6;0;1;0;0;0;0;0;9.140503012;53.488807071
2;2;41;9;2017;4;11;3;3;2;6;0;1;0;0;0;0;0;9.847192989;52.274422827
2;3;60;23;2017;4;13;2;3;9;7;0;1;0;0;0;0;0;10.505873775;52.887077142
2;3;57;8;2017;4;10;2;3;2;6;0;1;0;0;1;0;0;9.116710229;53.494624585
2;1;55;13;2017;4;10;3;3;9;1;0;0;0;0;1;0;0;9.7934406;51.785765429
2;4;54;8;2017;4;15;2;2;9;7;0;1;0;0;0;0;1;7.342601053;52.954356275
2;1;59;16;2017;4;7;3;3;5;3;0;1;0;1;0;1;0;9.922271619;51.525982017
2;1;57;6;2017;4;18;3;3;5;3;0;1;0;0;0;0;0;10.170979823;52.306594723
2;1;58;8;2017;4;9;3;2;2;2;0;1;0;0;0;0;0;10.602387223;52.14714032
2;1;58;16;2017;4;21;3;2;9;1;0;1;0;0;0;2;0;10.330176257;52.07234819
2;4;59;13;2017;4;7;2;2;8;1;0;0;0;1;0;0;0;8.249848786;52.348211597
2;3;60;1;2017;4;7;2;3;8;1;0;0;0;1;0;0;0;10.600615186;53.129589134
2;4;4;0;2017;4;12;2;3;2;6;0;0;0;1;0;0;0;8.052036365;52.275812626
2;3;54;19;2017;4;9;2;3;3;2;0;1;0;0;0;0;0;10.956463328;53.199168894
2;1;55;12;2017;5;10;1;2;5;3;0;1;0;1;0;0;0;9.650397373;51.654746093
2;3;57;57;2017;5;11;3;3;5;3;1;1;0;0;0;0;0;9.274677265;53.300619499
2;3;58;21;2017;5;12;1;3;2;6;0;1;0;0;0;0;0;9.928491172;53.003981689
2;2;41;4;2017;5;16;5;3;5;3;0;1;0;0;0;0;1;9.855529422;52.491948359
2;3;61;3;2017;5;15;1;3;3;2;0;1;0;0;0;0;0;9.3002235;52.843693936
2;2;41;8;2017;5;18;5;3;8;1;0;1;0;0;0;0;1;9.881462988;52.433677569
2;1;1;0;2017;5;8;2;3;2;6;0;1;0;0;1;0;0;10.511203094;52.315716193
2;3;57;47;2017;5;21;3;3;8;1;0;1;0;0;0;2;1;9.077501922;53.226250232
2;2;41;1;2017;5;17;5;3;5;3;1;1;0;0;0;0;1;9.827115985;52.344092846
2;2;41;3;2017;5;8;2;3;2;6;0;1;0;0;1;0;0;10.029522237;52.429034408
2;3;60;2;2017;5;16;3;3;5;3;1;1;0;0;0;0;0;10.597651696;53.077301976
2;2;41;11;2017;5;15;3;3;2;2;0;1;0;0;0;0;1;9.978465452;52.375164159
2;2;41;16;2017;5;12;3;3;5;3;0;1;0;0;0;0;1;10.043959908;52.307275446
2;3;57;39;2017;5;8;5;3;2;6;0;1;0;0;0;0;1;9.418865585;53.130274093
2;2;41;19;2017;5;20;3;3;7;1;0;0;0;0;1;2;1;9.790358075;52.558679979
2;2;41;1;2017;5;19;3;2;8;1;0;1;0;0;0;0;1;9.68288739;52.373111028
2;2;41;12;2017;5;6;3;1;8;1;0;1;0;0;0;0;0;9.311266251;52.50434265
2;1;55;2;2017;5;15;3;3;8;1;0;1;0;0;0;0;1;9.545756815;51.662021565
2;2;54;32;2017;5;8;3;3;9;1;0;1;0;0;0;0;1;10.24467763;52.196204094
2;2;52;3;2017;5;16;3;3;0;1;0;1;0;0;0;0;1;9.297675538;51.965782165
2;1;59;17;2017;5;14;3;3;8;1;0;1;0;0;0;0;1;9.686492585;51.447554158
2;1;59;23;2017;5;17;3;3;8;1;0;1;0;0;0;0;1;10.093944422;51.545075383
2;1;59;16;2017;5;14;3;3;8;1;0;1;0;0;0;0;1;9.855886472;51.557606143
2;1;55;10;2017;5;14;3;3;8;1;0;1;0;0;0;0;1;9.907600528;51.609117199
2;4;59;17;2017;5;16;3;3;5;3;0;1;0;0;0;0;0;7.724474821;52.486581901
2;1;54;14;2017;5;18;3;3;8;1;0;1;0;0;0;0;1;10.62892168;52.320522136
2;1;58;9;2017;5;17;4;3;2;2;0;1;0;0;1;0;0;10.699435438;52.158709902
2;4;4;0;2017;5;10;6;3;9;1;0;1;1;0;0;0;0;8.073462238;52.282992604
2;2;41;10;2017;5;15;7;2;2;6;0;1;0;0;0;0;0;9.721659528;52.483649205
2;1;54;13;2017;5;17;3;3;8;1;0;1;0;0;0;0;1;10.841313918;52.25075031
2;4;3;0;2017;5;16;7;3;2;6;0;1;0;0;0;0;0;8.201463239;53.160132808
2;1;53;8;2017;5;15;3;3;8;1;0;1;0;0;0;0;1;10.467947234;52.020621974
2;2;57;28;2017;5;9;5;3;5;3;0;0;0;1;1;0;0;9.134563829;52.242209022
2;4;57;8;2017;5;14;7;3;5;2;0;1;0;0;0;0;0;7.599078159;53.239623986
2;1;1;0;2017;5;14;3;3;3;5;0;1;0;1;0;0;1;10.462994824;52.306550264
2;4;59;24;2017;5;4;2;3;2;6;0;1;0;0;0;2;0;8.440257338;52.198853978
2;2;54;21;2017;5;18;5;3;0;6;0;1;0;0;1;0;1;9.970595965;52.150047207
2;1;59;16;2017;5;17;1;2;8;1;0;1;0;0;0;0;0;9.928074235;51.530363655
2;4;62;19;2017;5;12;2;3;1;5;0;1;0;0;0;0;0;7.849884046;53.579051703
2;4;52;6;2017;5;2;2;3;9;1;0;1;0;0;0;2;0;7.641593233;53.413776634
2;2;52;4;2017;5;19;5;3;9;1;0;1;0;0;0;0;1;9.574626205;52.144151792
2;4;60;7;2017;5;20;2;3;4;6;1;1;0;0;0;1;0;8.066773342;52.508118363
2;4;53;4;2017;5;16;2;3;2;6;0;1;0;0;0;0;0;7.997571237;52.825818176
2;2;52;5;2017;5;16;5;3;2;6;0;1;0;0;0;0;1;9.355556602;52.07022021
2;4;55;26;2017;5;15;2;3;3;6;1;1;0;0;0;0;0;8.136374246;53.39628522
2;1;59;16;2017;5;15;5;3;3;2;1;0;0;0;1;0;0;9.915163779;51.535300934
2;3;61;12;2017;5;15;2;3;4;6;0;1;0;0;0;0;0;9.219670517;52.923119927
2;2;51;42;2017;5;17;2;3;2;6;0;1;1;0;0;0;0;8.608791311;52.772730372
2;3;58;8;2017;5;10;6;3;2;2;0;1;0;0;0;0;1;9.684760593;52.861849782
2;2;51;49;2017;5;14;2;3;5;3;0;1;0;1;0;0;0;8.981237229;52.82946764
2;2;51;42;2017;5;4;2;2;9;1;1;0;0;0;0;2;0;8.641706859;52.802660131
2;4;58;9;2017;5;14;2;3;2;6;0;1;0;0;0;0;0;8.353031348;53.061670433
2;4;58;9;2017;5;13;2;3;5;2;0;1;0;1;0;0;0;8.318857929;53.009298559
2;3;52;60;2017;5;6;2;3;8;1;0;1;0;0;0;0;0;8.586568064;53.3046657
2;3;52;62;2017;5;14;2;2;8;1;0;0;0;1;0;0;0;8.83578877;53.632489042
2;3;56;7;2017;5;13;7;3;8;1;0;1;0;0;0;0;0;8.842448195;53.252981537
2;4;57;17;2017;5;13;7;3;5;3;0;1;0;0;0;0;0;7.623255499;53.112176422
2;3;52;22;2017;5;11;2;3;0;7;0;0;0;1;1;0;0;9.074900748;53.688925507
2;1;59;16;2017;5;17;1;3;5;2;0;1;0;0;0;0;0;9.888440813;51.555182898
2;3;52;11;2017;5;17;2;3;0;1;1;0;0;0;0;0;0;8.719015757;53.850147707
2;1;54;10;2017;5;5;5;2;4;6;0;1;0;0;1;1;0;11.004736028;52.185742398
2;2;41;16;2017;5;13;1;2;2;6;0;1;0;1;0;0;0;9.964348523;52.315927728
2;3;53;5;2017;5;18;2;3;5;3;1;1;0;0;0;0;0;9.878864127;53.314269633
2;1;58;6;2017;5;8;5;3;5;3;0;1;0;0;0;0;1;10.723080804;52.296161578
2;3;52;22;2017;5;11;1;3;2;6;0;1;0;0;0;0;0;9.129139839;53.677207803
2;3;59;7;2017;5;18;2;3;5;7;1;1;0;0;0;0;0;9.588760726;53.500241368
2;1;58;37;2017;5;12;5;2;9;1;0;1;0;0;0;0;1;10.540177751;52.156336786
2;4;57;14;2017;5;19;1;3;5;3;0;1;0;0;0;1;0;7.542923774;53.30216875
2;3;58;21;2017;5;16;2;3;2;6;0;1;0;0;0;0;0;9.929003922;52.987877279
2;1;2;0;2017;5;12;5;3;4;2;0;1;0;0;0;0;1;10.294399047;52.143999759
2;3;58;8;2017;5;9;2;3;3;2;1;1;0;0;0;0;0;9.693905973;52.865830881
2;4;59;24;2017;5;17;4;3;2;6;0;1;0;0;0;0;0;8.348348094;52.207341044
2;3;58;22;2017;5;12;2;3;6;6;0;1;1;0;0;0;0;9.582918678;52.895829389
2;3;58;2;2017;5;15;2;2;5;2;0;1;0;1;0;0;0;9.995657942;53.078196439
2;3;57;38;2017;5;14;2;3;8;1;0;0;0;1;0;0;0;9.126866468;53.318670372
2;3;57;37;2017;5;0;2;2;2;6;0;1;0;0;0;2;0;9.211850956;53.12264451
2;3;60;20;2017;5;17;2;2;0;7;0;0;0;1;0;0;0;10.754604838;52.870110843
2;4;57;20;2017;5;3;2;3;9;1;0;1;0;0;0;2;1;7.797879544;53.300655317
2;2;41;1;2017;5;5;2;3;0;1;1;0;0;0;0;1;0;9.718072627;52.367189155
2;2;41;17;2017;5;16;2;3;9;1;0;0;0;1;0;0;0;9.590066908;52.211812651
2;2;41;14;2017;5;12;2;3;5;2;1;1;0;0;0;0;0;9.663417014;52.315877655
2;2;41;16;2017;5;17;2;2;5;3;0;1;0;0;0;0;0;10.051440327;52.306961697
2;2;41;1;2017;5;15;2;3;2;6;0;1;0;0;0;0;0;9.70183732;52.43048024
2;2;54;8;2017;5;15;2;3;3;7;0;1;0;0;0;0;0;10.177279107;52.039556314
2;3;51;6;2017;5;10;3;3;8;1;0;0;0;0;1;0;0;10.174377729;52.626925711
2;2;54;21;2017;5;8;2;3;4;7;0;1;0;0;0;0;0;9.966457808;52.182423428
2;4;3;0;2017;5;17;3;3;2;6;0;1;0;0;1;0;0;8.222431205;53.170034699
2;1;51;16;2017;5;19;4;3;5;3;0;1;0;0;0;0;0;10.527330292;52.33057608
2;4;51;7;2017;5;7;6;3;0;7;1;0;0;0;0;0;0;7.879314274;53.198253516
2;4;54;20;2017;5;19;6;2;9;1;0;1;0;0;0;1;0;7.241625875;53.04113826
2;2;55;15;2017;5;18;2;3;8;1;0;1;0;0;0;0;0;9.559030009;51.89141266
2;1;54;14;2017;5;17;7;2;8;1;0;1;0;0;0;0;0;10.722164002;52.348156049
2;1;54;15;2017;5;16;2;3;5;3;0;1;0;1;0;0;0;10.977962119;52.299365465
2;4;59;24;2017;4;17;1;3;5;3;1;1;0;0;0;0;0;8.40090977;52.237163569
2;4;59;13;2017;4;18;1;3;0;4;0;0;1;0;1;0;0;8.313085745;52.366233133
2;4;4;0;2017;4;15;1;2;2;7;0;1;0;1;0;0;0;7.977522485;52.297408666
2;4;57;10;2017;4;10;1;3;5;3;0;1;0;0;0;0;0;7.592120745;53.299099378
2;2;41;2;2017;5;17;6;3;2;6;0;1;0;0;0;0;0;9.401715578;52.333114115
2;4;57;20;2017;4;19;1;2;5;2;0;1;0;1;0;0;0;7.751037901;53.268334977
2;4;56;2;2017;4;17;1;3;2;2;0;1;0;1;0;0;0;6.854086871;52.605691888
2;4;54;18;2017;4;20;1;3;5;3;0;1;0;0;0;0;0;7.102839516;52.746374833
2;4;53;2;2017;4;23;1;2;5;3;0;1;0;0;0;2;0;7.974471568;53.004066679
2;4;53;8;2017;4;18;1;3;2;2;0;1;0;0;0;0;0;8.097899349;52.911113476
2;4;5;0;2017;4;18;1;3;5;3;0;1;0;0;0;0;0;8.057379435;53.511715823
2;1;59;16;2017;5;10;7;3;2;6;0;1;0;0;0;0;0;9.880827818;51.525719668
2;3;58;7;2017;5;0;7;3;3;6;0;1;0;0;1;2;0;9.686833597;52.697165949
2;4;55;26;2017;4;3;1;3;9;1;0;1;0;0;0;2;0;8.123831447;53.373190634
2;4;56;1;2017;5;14;7;3;2;2;0;0;0;1;1;0;0;7.060792797;52.305623344
2;4;51;7;2017;4;15;1;1;5;3;0;1;0;0;0;0;0;7.93558699;53.239049015
2;4;59;19;2017;5;6;4;3;2;6;0;1;0;0;0;0;1;8.067670184;52.188955884
2;1;1;0;2017;5;15;1;3;0;7;0;0;0;1;1;0;1;10.491748428;52.284456108
2;2;51;41;2017;4;18;1;2;5;3;0;1;0;0;0;0;0;8.828085013;52.919868111
2;4;59;29;2017;5;17;4;3;6;7;0;1;1;0;0;0;0;8.171805762;52.381834729
2;2;41;1;2017;5;12;1;2;5;3;1;1;0;0;0;0;0;9.804416532;52.408039567
2;2;51;7;2017;4;15;1;3;8;1;0;0;0;1;0;0;0;8.679137548;52.891427482
2;4;61;3;2017;4;19;1;2;6;6;0;0;1;0;1;0;0;8.365618868;53.511894207
2;4;59;14;2017;5;10;4;3;5;3;0;1;0;0;0;0;0;7.934168332;52.400754452
2;3;59;38;2017;5;19;1;2;2;6;0;1;0;0;0;0;0;9.471544481;53.583656416
2;4;58;14;2017;4;17;1;3;0;7;0;0;0;1;0;0;0;8.415805121;52.902074104
2;4;4;0;2017;5;6;4;3;2;6;0;1;0;0;0;0;0;8.008677065;52.274300447
2;4;58;10;2017;4;12;1;3;8;1;0;0;0;1;0;0;0;8.399398941;53.112872449
2;4;4;0;2017;5;15;4;3;2;6;0;1;0;0;0;0;0;7.988669084;52.253863515
2;2;51;41;2017;5;11;2;3;2;6;0;1;0;0;1;0;1;8.845096588;52.899122478
2;4;60;1;2017;5;12;2;3;2;6;0;1;0;0;1;0;0;8.220216602;52.722476494
2;1;58;37;2017;5;13;6;3;2;6;0;1;0;0;0;0;0;10.51644831;52.161239088
2;3;53;40;2017;4;18;1;3;9;1;0;0;0;1;0;0;0;10.284744983;53.327868722
2;3;59;28;2017;4;18;1;3;5;3;1;1;0;0;0;0;0;9.691141844;53.540092415
2;3;59;38;2017;4;22;1;3;8;1;0;1;0;0;0;2;0;9.492784155;53.582246414
2;3;58;22;2017;4;13;1;3;2;6;0;1;0;0;0;0;0;9.679631002;52.809230337
2;3;58;22;2017;4;13;1;3;2;6;0;1;0;0;0;0;0;9.668627421;52.745240191
2;3;58;21;2017;4;4;1;3;8;1;0;1;0;0;0;2;1;9.819252951;52.962959388
2;4;59;24;2017;5;6;3;3;2;2;0;1;0;1;0;0;0;8.41563333;52.180966182
2;4;52;6;2017;5;14;6;2;4;2;0;1;0;1;0;0;0;7.666272744;53.352992962
2;1;2;0;2017;5;0;7;3;2;6;0;1;0;0;0;2;0;10.345410386;52.170639785
2;3;57;8;2017;4;10;1;3;5;2;1;1;0;0;0;0;0;9.158789205;53.482916524
2;2;41;21;2017;5;12;7;3;2;6;0;1;0;0;0;0;0;9.470175723;52.383781137
2;3;54;8;2017;4;16;1;2;0;2;0;1;0;1;0;0;0;11.220653175;53.130184457
2;4;4;0;2017;5;14;4;3;3;2;1;1;0;0;0;0;0;8.054692453;52.264398102
2;4;53;5;2017;5;11;7;3;2;6;0;1;0;0;0;0;0;8.216891165;52.810369345
2;3;55;8;2017;4;22;1;3;6;6;0;1;1;0;0;2;0;10.30819182;53.118967323
2;4;56;2;2017;5;15;4;2;0;1;1;0;0;0;0;0;0;6.841873493;52.606331069
2;4;2;0;2017;5;23;7;3;4;2;0;1;0;0;0;2;0;7.225701575;53.341676025
2;2;41;1;2017;4;22;1;3;9;1;0;1;0;0;0;2;0;9.713375457;52.422240199
2;2;41;7;2017;4;15;1;3;0;1;0;0;0;1;0;0;0;9.720717593;52.31674152
2;4;56;15;2017;5;13;4;3;2;2;0;1;0;0;0;0;0;7.047417306;52.453604971
2;2;55;5;2017;5;15;1;3;0;1;0;0;0;1;0;0;0;9.432154007;51.920479473
2;2;41;12;2017;4;17;1;2;8;1;0;0;0;1;0;0;0;9.606139209;52.642562828
2;2;41;9;2017;4;9;1;2;5;2;0;1;0;1;0;0;0;9.824155351;52.285489028
2;4;54;19;2017;5;21;4;3;0;7;1;0;0;0;0;1;0;7.529734994;52.687040389
2;2;41;15;2017;4;6;1;2;9;1;0;1;0;0;0;0;0;9.575692537;52.391886782
2;4;54;20;2017;5;19;4;3;3;6;0;1;0;0;1;0;0;7.2510716;53.001651716
2;2;56;25;2017;4;16;1;1;8;1;0;0;0;1;0;0;0;9.139988995;52.444953377
2;2;56;32;2017;4;18;1;3;0;1;1;0;0;0;0;0;0;9.001958325;52.497448591
2;2;57;25;2017;4;3;1;3;8;1;0;1;0;0;0;2;0;9.174360563;52.356179825
2;2;41;19;2017;5;11;2;3;1;5;0;1;0;0;1;0;1;9.60021886;52.575394095
2;2;56;21;2017;4;11;1;2;0;1;0;0;0;1;0;0;0;9.148403028;52.65010082
2;4;58;3;2017;5;16;2;3;8;1;0;1;0;0;0;0;0;8.367256684;52.937687555
2;3;56;7;2017;5;11;2;3;4;6;0;1;0;0;1;0;1;8.782868082;53.229610533
2;4;5;0;2017;5;18;5;3;5;3;1;1;0;0;0;0;1;8.096563935;53.52867268
2;4;59;19;2017;5;5;5;3;5;3;0;1;0;1;0;0;0;8.055532699;52.205553899
2;2;56;22;2017;4;22;1;3;9;7;0;1;0;0;0;2;0;9.236884049;52.643200857
2;4;62;5;2017;5;17;4;3;2;2;0;1;0;0;0;0;0;7.943275316;53.457527898
2;2;54;8;2017;4;15;1;3;8;1;0;0;0;1;0;0;0;10.115638039;52.053753625
2;4;60;5;2017;5;13;4;3;5;3;1;1;0;0;0;0;0;8.128654135;52.579618266
2;2;54;21;2017;4;18;1;3;4;2;0;1;0;0;0;0;0;9.997252457;52.146733379
2;2;55;13;2017;4;20;1;3;8;1;0;0;0;1;0;0;0;9.638957518;51.966361426
2;2;55;5;2017;4;13;1;2;2;2;0;0;0;1;0;0;0;9.435239358;51.912470846
2;2;52;8;2017;4;10;1;3;0;7;0;1;1;0;0;0;0;9.639751446;52.025989607
2;1;59;9;2017;4;14;1;3;8;6;0;1;0;1;0;0;0;9.715580254;51.520664984
2;4;5;0;2017;5;17;2;2;2;6;0;1;0;0;0;0;0;8.054533057;53.525821438
2;1;59;14;2017;4;17;1;3;2;6;0;1;0;0;0;0;0;10.21740799;51.615482684
2;1;59;10;2017;4;15;1;2;5;3;0;1;0;1;0;0;0;10.298118338;51.54463998
2;1;59;16;2017;4;3;1;2;7;7;0;0;0;1;0;2;0;9.846276636;51.521682577
2;1;3;0;2017;4;19;1;2;9;1;0;1;0;0;0;0;0;10.857371065;52.387511823
2;1;58;7;2017;4;19;1;2;5;3;1;0;0;0;0;0;0;10.849606068;52.140836943
2;1;58;9;2017;4;17;1;3;4;1;0;1;0;0;0;0;0;10.621466643;52.179691704
2;3;57;18;2017;5;12;3;3;0;7;0;1;0;0;1;0;0;9.296596272;53.202204043
2;3;61;5;2017;5;19;3;3;5;3;0;1;0;0;0;0;0;9.274066878;53.011885344
2;3;59;10;2017;5;12;6;3;5;3;0;1;0;0;0;0;1;9.697946574;53.480135424
2;1;57;1;2017;5;7;4;2;2;6;0;0;0;1;1;0;0;10.257871971;52.382866945
2;3;61;5;2017;5;8;6;2;8;1;0;1;0;0;0;0;1;9.300643826;52.992773118
2;1;58;38;2017;4;16;1;3;2;2;0;0;0;1;0;0;0;10.594726793;52.068468428
2;4;54;46;2017;5;23;6;3;8;1;0;1;0;0;0;2;0;7.557352076;52.414850529
2;1;58;37;2017;4;12;1;3;5;3;0;1;0;0;0;0;0;10.517742613;52.16152647
2;2;54;21;2017;5;10;7;3;2;2;0;1;0;0;0;0;0;9.953503117;52.156505207
2;1;57;7;2017;4;12;1;3;2;6;0;1;0;0;0;0;0;10.38265184;52.265446702
2;3;58;22;2017;5;9;7;3;2;6;0;1;0;0;0;0;0;9.670405858;52.781616694
2;1;53;504;2017;4;17;1;3;2;2;0;1;0;0;0;0;0;10.343516904;51.843952745
2;1;51;10;2017;4;23;1;3;7;7;0;1;0;0;0;2;0;10.471109481;52.680527679
2;4;60;6;2017;5;17;4;3;5;3;1;1;0;0;0;0;0;8.249354975;52.668040992
2;4;56;1;2017;5;22;7;3;0;1;1;0;0;0;0;2;0;7.051584653;52.258658357
2;1;51;1;2017;4;12;1;1;2;2;0;1;0;1;0;0;0;10.447929372;52.376867627
2;1;1;0;2017;4;17;1;3;2;6;0;1;0;0;0;0;0;10.553069716;52.313240442
2;4;60;1;2017;5;15;4;3;2;2;0;1;0;0;0;0;0;8.175014157;52.725422101
2;1;57;8;2017;4;9;1;3;2;6;0;1;0;0;0;0;0;10.322888638;52.338067035
2;4;53;4;2017;5;18;4;3;6;4;0;1;1;0;0;0;0;8.036566937;52.845080264
2;1;1;0;2017;4;19;1;3;5;2;0;1;0;0;0;0;0;10.568975833;52.342178835
2;4;60;7;2017;4;15;7;3;8;7;0;1;0;0;0;0;0;8.080692484;52.499283114
2;4;59;3;2017;5;13;1;2;8;1;0;1;0;0;0;0;0;8.293738855;52.31574513
2;2;54;28;2017;5;12;2;1;0;3;0;1;0;1;0;0;0;9.841235977;52.224909776
2;3;57;39;2017;5;8;2;3;5;3;1;1;0;0;0;0;1;9.396749336;53.10817519
2;2;54;8;2017;5;21;7;3;2;6;0;1;0;0;0;2;0;10.157241867;52.002179467
2;4;59;29;2017;4;19;7;2;5;3;0;1;0;0;0;0;0;8.212215066;52.424572649
2;3;53;5;2017;5;14;7;3;2;6;0;1;0;0;0;0;0;9.831471957;53.330954199
2;4;59;2;2017;4;20;7;3;9;1;0;1;0;0;0;1;0;7.913553224;52.514565138
2;3;56;7;2017;5;13;4;3;2;2;0;1;0;1;0;0;0;8.792028747;53.218116925
2;4;57;13;2017;5;15;7;3;2;6;0;1;0;0;0;0;0;7.45815211;53.248520383
2;4;54;41;2017;4;18;7;3;2;2;0;1;0;0;1;0;0;7.437575694;53.087989245
2;3;61;1;2017;5;16;4;3;2;2;0;1;0;0;1;0;0;9.037293756;53.010893163
2;1;58;39;2017;5;12;1;3;5;3;0;0;0;1;0;0;0;10.51567311;52.048962405
2;4;56;5;2017;4;5;7;2;9;1;0;1;0;0;0;2;1;7.037601721;52.567571738
2;4;54;35;2017;4;8;7;3;5;7;0;1;0;0;1;0;0;7.17802542;52.720068012
2;4;51;8;2017;5;17;4;3;5;3;1;1;1;0;0;0;0;8.109973107;53.252722217