ULAND;UJAHR;UMONAT;USTUNDE;UWOCHENTAG;UKATEGORIE;UART;UTYP1;ULICHTVERH;IstRad;IstPKW;IstFuss;IstKrad;IstGkfz;IstSonstig;STRZUSTAND;XGCSWGS84;YGCSWGS84
2;2;41;13;2017;5;12;1;2;4;6;1;1;0;0;0;0;0;9.78108839;52.281120284
2;4;54;32;2017;4;16;7;3;4;6;1;0;0;0;0;0;0;7.297220981;52.50966026
2;4;54;32;2017;4;11;7;3;2;6;0;1;0;0;0;0;0;7.299184501;52.509831037
2;4;3;0;2017;5;5;4;3;5;3;0;1;0;0;1;0;1;8.227466024;53.13540432
2;4;54;10;2017;4;9;7;2;2;2;0;1;0;1;0;0;0;7.31913992;52.344886081
2;2;51;49;2017;5;8;4;3;9;1;0;1;0;0;0;0;1;8.929250028;52.798684949
2;4;55;26;2017;4;15;7;3;2;6;0;1;0;1;0;0;0;8.088950863;53.391893688
2;4;61;5;2017;5;20;4;3;9;1;0;1;0;0;0;0;0;8.221787475;53.339786629
2;3;56;11;2017;4;14;7;2;4;6;0;1;0;0;0;0;0;8.896963882;53.21314272
2;4;3;0;2017;4;20;7;3;3;6;0;1;0;0;0;1;0;8.193395078;53.150155596
2;3;58;22;2017;5;12;2;3;2;6;0;1;0;0;0;0;1;9.594704699;52.858530919
2;4;3;0;2017;4;12;7;3;1;7;0;1;0;1;0;0;0;8.229672221;53.13593075
2;2;51;41;2017;5;18;2;2;5;3;1;1;0;0;0;0;0;8.828322723;52.916094405
2;4;54;32;2017;5;7;2;3;2;6;0;1;0;0;0;0;0;7.345659996;52.517610513
2;4;54;41;2017;5;14;5;2;9;6;0;1;0;0;1;0;1;7.34506721;53.049835392
2;1;58;40;2017;5;14;6;3;3;6;0;1;0;0;0;0;0;10.724500089;52.076826385
2;2;51;37;2017;5;16;7;3;2;2;0;1;0;0;0;0;0;8.733507193;53.010196333
2;3;55;4;2017;4;19;7;2;9;6;0;1;0;0;0;0;0;10.337128041;53.303942416
2;3;53;26;2017;4;12;7;3;2;6;0;1;0;0;1;0;0;9.803719157;53.375921151
2;1;58;37;2017;5;8;3;3;4;7;0;1;0;0;1;0;0;10.479624251;52.148734242
2;2;41;10;2017;5;22;3;3;5;2;0;1;0;0;0;2;0;9.725288437;52.459792918
2;2;51;41;2017;5;17;7;2;5;3;0;1;0;1;0;0;0;8.840492881;52.913784275
2;2;41;17;2017;5;8;6;3;4;2;0;1;0;0;1;0;1;9.745644701;52.209330682
2;4;51;5;2017;5;7;3;3;5;2;1;1;0;0;0;0;0;8.182860712;53.223621888
2;2;51;5;2017;5;18;7;2;5;2;1;1;0;0;0;0;0;8.499628149;52.709237898
2;3;57;1;2017;5;13;6;3;5;2;0;1;0;0;0;0;0;9.275138257;53.064598486
2;2;51;13;2017;5;8;7;3;2;6;0;1;0;0;1;0;1;8.45210845;52.663332318
2;4;59;8;2017;5;12;3;3;2;6;0;1;0;0;0;0;0;8.13162628;52.308812941
2;3;53;31;2017;4;9;7;1;6;2;0;1;1;0;0;0;0;10.02072813;53.417996772
2;2;51;24;2017;5;10;6;3;5;3;0;1;0;0;1;0;1;8.876878418;52.684097939
2;4;61;9;2017;5;17;7;3;2;6;0;1;0;0;0;0;1;8.315838695;53.398057528
2;3;59;28;2017;4;11;7;3;0;3;0;1;0;1;0;0;1;9.682670677;53.532326017
2;4;52;19;2017;5;7;6;3;0;6;1;1;0;0;0;0;1;7.180754339;53.610233275
2;4;1;0;2017;5;5;7;3;5;3;1;1;0;0;0;1;0;8.639698333;53.047529673
2;3;58;8;2017;4;19;7;3;9;1;0;1;0;0;0;0;0;9.730543246;52.936180017
2;1;2;0;2017;5;13;7;3;9;1;0;1;0;0;0;0;0;10.391546702;52.164975561
2;3;54;6;2017;4;16;7;2;8;6;0;0;0;1;1;0;0;10.873093006;53.141360718
2;3;55;35;2017;4;16;7;2;4;2;0;1;0;0;0;0;1;10.345527451;53.193481257
2;2;41;5;2017;5;18;7;3;2;2;0;1;0;0;0;0;0;9.552665005;52.440781072
2;2;41;5;2017;4;13;7;3;2;6;0;1;0;0;0;0;0;9.603113377;52.46274588
2;2;41;1;2017;4;22;7;3;0;6;0;1;0;0;0;2;0;9.728051993;52.336203272
2;4;58;9;2017;5;17;4;2;5;3;0;1;0;1;0;0;0;8.252588769;53.053684115
2;2;41;9;2017;4;12;7;2;2;6;0;1;0;1;0;0;0;9.787815207;52.318675271
2;4;1;0;2017;5;15;4;3;5;2;0;1;0;0;0;0;0;8.623384854;53.034055963
2;2;56;19;2017;4;15;7;3;2;6;0;1;0;0;0;0;0;9.095876142;52.603903545
2;2;54;20;2017;4;15;7;3;0;7;1;0;0;0;0;0;0;10.035905067;52.193640111
2;2;54;43;2017;4;21;7;3;9;6;0;1;0;0;0;1;0;9.744908289;52.073922534
2;2;54;22;2017;4;4;7;2;2;6;0;1;0;0;0;2;0;10.188347684;52.05220045
2;2;55;8;2017;4;11;7;2;8;1;0;0;0;1;0;0;0;9.851252728;51.911323829
2;3;52;32;2017;5;16;7;3;8;7;0;1;0;0;0;0;0;8.703793208;53.477943665
2;2;52;6;2017;4;14;7;3;2;6;0;1;0;0;1;0;0;9.360383944;52.106123841
2;4;51;8;2017;5;9;3;3;5;3;0;1;0;0;0;0;0;8.148471998;53.205678136
2;3;53;31;2017;5;14;7;3;0;3;0;0;1;0;1;0;1;10.0647528;53.389131457
2;1;54;10;2017;4;22;7;3;2;6;0;1;0;0;0;2;0;10.990843116;52.22886066
2;3;58;2;2017;5;9;7;3;2;6;0;1;0;0;0;0;0;9.975874876;53.09877624
2;4;4;0;2017;5;9;3;2;2;6;0;0;0;0;1;0;0;8.009982738;52.260098601
2;3;58;22;2017;5;14;7;2;8;1;0;0;0;1;0;0;0;9.541205908;52.872981973
2;3;58;21;2017;5;15;7;3;5;3;0;1;0;0;0;0;1;9.870520611;53.022412803
2;3;57;50;2017;5;16;7;2;4;6;0;1;0;1;0;0;0;9.487653808;53.308887384
2;4;62;5;2017;5;15;6;3;2;2;0;1;0;0;0;0;1;7.819009154;53.500260402
2;3;55;4;2017;5;10;7;3;2;6;0;1;0;0;0;0;0;10.419358592;53.298554001
2;1;2;0;2017;4;13;7;3;4;7;0;1;0;1;0;0;0;10.439592549;52.141732249
2;1;58;37;2017;5;8;7;3;5;3;0;1;0;0;0;0;0;10.485506518;52.150661415
2;2;41;6;2017;5;16;7;3;5;2;1;1;0;0;0;0;0;9.551394613;52.322740216
2;4;59;22;2017;4;18;6;3;2;6;0;1;0;0;0;0;1;8.146525194;52.138616782
2;3;55;5;2017;5;10;7;3;2;6;0;1;0;0;0;0;0;10.52068312;53.229061665
2;2;41;12;2017;5;8;7;3;2;6;0;1;0;0;0;0;0;9.45724587;52.505078836
2;4;59;34;2017;4;14;6;2;4;2;0;1;0;0;0;0;0;8.003126158;52.092329787
2;3;53;9;2017;5;14;4;3;8;7;0;1;0;0;0;0;0;10.08425313;53.190883824
2;4;54;10;2017;5;23;7;2;8;1;0;1;0;0;0;2;0;7.262516111;52.340691931
2;4;59;14;2017;4;22;6;2;5;3;0;1;0;0;0;2;0;7.995319088;52.418989379
2;4;4;0;2017;4;20;6;3;4;6;0;1;0;0;0;0;1;8.027980887;52.289072219
2;3;53;31;2017;5;17;4;3;1;5;0;1;0;0;1;0;0;10.031266285;53.423812793
2;2;41;8;2017;5;10;7;3;5;2;1;1;0;0;0;0;0;9.86882739;52.434806132
2;4;59;22;2017;5;16;7;3;8;1;0;0;0;1;0;0;0;8.189898834;52.209120027
2;4;57;13;2017;4;9;6;3;2;6;0;1;0;0;0;0;0;7.405674136;53.209457738
2;4;54;30;2017;4;8;6;2;5;2;0;1;0;0;0;0;0;7.35171977;52.989211062
2;3;53;40;2017;5;7;4;3;5;3;1;1;0;0;0;0;0;10.206678362;53.34787339
2;4;54;41;2017;4;12;6;3;8;1;0;1;0;0;0;0;0;7.43400529;53.060410924
2;4;56;25;2017;4;18;6;3;2;6;0;1;0;0;0;0;0;7.205543968;52.480175377
2;3;59;33;2017;5;10;4;3;2;6;0;1;0;0;0;0;0;9.601845368;53.518924365
2;4;54;10;2017;4;14;6;3;0;7;0;0;0;1;1;0;1;7.356820849;52.378115402
2;3;59;38;2017;5;16;4;3;4;2;0;1;0;0;0;0;0;9.519185809;53.578910414
2;4;54;12;2017;4;6;6;2;5;3;0;1;0;0;0;0;0;7.512194609;52.479255036
2;1;2;0;2017;5;15;2;3;3;6;0;1;0;0;1;0;1;10.366378681;52.097281403
2;4;53;1;2017;4;16;6;3;5;3;1;1;0;0;0;0;0;7.748902492;53.164605558
2;2;41;12;2017;5;12;2;3;2;6;0;1;0;0;0;0;0;9.396713107;52.596967837
2;4;58;9;2017;5;7;2;2;5;3;0;1;0;0;1;0;1;8.283799642;53.062926584
2;3;59;10;2017;5;15;5;3;4;1;0;1;0;0;0;0;1;9.728348816;53.482396074
2;2;41;15;2017;5;14;7;3;0;7;0;0;0;0;1;0;0;9.503675049;52.405728783
2;4;5;0;2017;5;16;2;3;2;6;0;1;0;0;0;0;0;8.058207688;53.526079311
2;2;41;20;2017;5;1;7;2;8;1;0;1;0;0;0;2;0;9.626767601;52.270794108
2;4;60;5;2017;5;22;5;2;8;1;0;1;0;0;0;2;1;8.126089859;52.595120152
2;2;56;18;2017;5;14;7;3;2;5;0;1;0;0;0;0;0;9.116735778;52.507630285
2;1;1;0;2017;5;7;6;3;5;3;0;1;0;0;0;0;1;10.516666826;52.274528088
2;2;57;30;2017;5;1;7;2;8;1;0;0;0;1;0;2;0;9.186320987;52.37192046
2;4;59;12;2017;5;16;2;3;2;2;0;1;0;0;1;0;0;8.213404338;52.260459811
2;2;56;24;2017;5;21;3;2;5;3;0;0;0;0;1;0;0;8.939365296;52.437612863
2;2;57;32;2017;5;23;7;3;1;5;0;1;0;0;0;2;0;9.346788688;52.32798548
2;4;60;6;2017;4;7;6;3;5;3;0;1;0;0;1;0;0;8.18040825;52.696986674
2;4;60;9;2017;4;22;6;3;8;1;0;1;0;0;0;2;0;8.315999931;52.689812522
2;4;53;3;2017;4;19;6;3;8;1;0;1;0;0;0;0;1;8.074749764;52.810569037
2;4;55;25;2017;4;20;6;3;5;3;0;1;0;0;0;0;0;8.014810941;53.396475416
2;2;41;1;2017;5;7;3;3;6;2;0;1;1;0;0;0;0;9.691595126;52.332381035
2;2;57;32;2017;5;21;7;3;8;1;0;1;0;0;0;1;0;9.346788688;52.32798548
2;3;61;6;2017;4;10;6;2;2;7;0;1;0;0;0;0;0;9.195962721;52.992451215
2;3;53;3;2017;5;9;3;3;2;6;0;1;0;0;0;0;0;9.983202888;53.334426771
2;2;55;33;2017;5;13;7;3;2;2;0;0;0;1;0;0;0;9.379948163;51.897413925
2;1;2;0;2017;5;15;7;3;3;6;0;1;0;1;0;0;0;10.403600654;52.062386714
2;4;60;8;2017;5;18;3;2;3;2;0;1;0;0;0;0;0;8.220323528;52.607337779
2;1;2;0;2017;5;16;7;3;5;3;0;1;0;1;0;0;0;10.378313178;52.051068113
2;3;53;31;2017;5;15;6;3;3;6;0;1;0;0;1;0;1;10.037665157;53.352659821
2;1;57;7;2017;5;9;7;3;5;2;0;1;0;0;0;0;0;10.401443965;52.279298121
2;1;58;37;2017;5;11;4;3;5;2;0;1;0;0;0;0;0;10.591099624;52.156542789
2;4;51;2;2017;4;10;6;3;9;7;0;1;0;0;1;0;0;8.127929093;53.163252847
2;3;61;1;2017;5;15;6;3;2;6;0;1;0;0;0;0;0;9.031670264;53.031210131
2;1;57;5;2017;5;5;7;2;9;1;0;1;0;0;0;1;1;10.354081597;52.2054725
2;4;51;1;2017;4;8;6;3;2;6;0;1;0;0;0;0;0;7.825683068;53.224013606
2;4;56;23;2017;5;16;6;3;5;3;0;1;0;0;0;0;0;6.892063059;52.499913084
2;1;53;2;2017;5;18;7;2;8;1;0;0;0;1;0;0;0;10.493083351;51.904210146
2;4;51;2;2017;4;12;6;3;5;3;0;1;0;0;0;0;1;8.114442653;53.139279987
2;1;55;13;2017;5;18;7;3;8;1;0;0;0;1;0;0;0;9.930761661;51.880496123
2;2;51;37;2017;4;15;6;3;5;3;1;1;0;0;0;0;1;8.807084878;53.029111501
2;2;51;47;2017;4;14;6;3;2;6;0;1;0;0;0;2;0;8.799327787;52.962730135
2;3;53;9;2017;5;20;7;1;8;1;0;1;0;0;0;1;0;10.00527526;53.196583467
2;2;51;37;2017;4;14;6;2;5;3;0;1;0;0;1;0;0;8.694318285;52.978509897
2;2;51;47;2017;4;7;6;3;2;6;0;1;0;0;0;0;0;8.799326877;52.962731093
2;3;58;22;2017;5;15;4;3;2;6;0;1;0;0;0;0;0;9.666166694;52.770383409
2;2;51;2;2017;4;19;6;2;4;2;0;1;0;0;0;0;1;9.044974684;52.726718062
2;2;51;30;2017;4;16;6;3;2;2;0;1;0;0;0;0;0;8.468380141;52.612246835
2;3;55;4;2017;5;16;4;3;5;3;0;1;0;0;0;0;0;10.392423622;53.295735006
2;4;61;9;2017;4;20;6;3;5;2;0;1;0;0;1;1;0;8.310780148;53.415039921
2;3;51;18;2017;5;7;4;3;2;2;0;1;0;0;0;0;0;10.104016053;52.556365001
2;4;61;4;2017;4;15;6;3;2;6;0;1;0;0;0;0;0;8.364072637;53.182884032
2;1;53;8;2017;5;15;7;1;4;6;0;1;0;0;0;0;0;10.376883149;51.999637696
2;1;1;0;2017;5;16;7;2;0;1;0;0;0;1;0;0;1;10.524329882;52.209207008
2;3;61;12;2017;5;11;1;3;5;3;1;1;0;0;0;0;0;9.201231365;52.921306368
2;4;59;4;2017;5;8;6;3;2;6;0;0;0;0;1;0;1;8.0391351;52.158369133
2;4;59;29;2017;5;15;6;3;2;6;0;1;0;0;0;0;0;8.230319332;52.32247804
2;4;4;0;2017;5;17;1;3;2;6;0;1;0;0;1;0;0;8.107464805;52.297703868
2;4;59;33;2017;5;15;6;3;5;2;0;1;0;0;0;0;0;8.028448274;52.353799604
2;4;59;33;2017;5;16;6;3;9;1;0;1;0;0;0;0;1;8.00279129;52.363633604
2;2;41;1;2017;5;16;2;3;0;3;0;1;0;0;1;0;0;9.811262244;52.333044173
2;4;59;33;2017;5;13;6;3;2;6;0;1;0;0;0;0;1;8.035345031;52.346060513
2;4;59;14;2017;5;22;6;3;2;6;0;1;0;0;0;2;1;8.046457264;52.414444668
2;3;58;2;2017;5;16;2;3;3;6;0;1;0;0;1;0;0;9.962185948;53.079009213
2;4;4;0;2017;5;5;6;3;4;2;0;1;0;0;0;1;1;8.045760867;52.26807474
2;3;60;25;2017;5;18;5;2;5;3;0;1;0;1;0;0;1;10.552615504;52.974352237
2;4;4;0;2017;5;11;6;2;0;1;0;0;0;0;1;0;1;8.043061978;52.283062685
2;2;51;47;2017;5;8;2;3;2;6;0;1;0;0;0;0;1;8.829782648;52.985615683
2;4;3;0;2017;5;15;5;3;2;6;0;1;0;0;0;0;1;8.192928563;53.146703389
2;4;4;0;2017;5;9;6;3;4;2;0;1;0;1;0;0;1;8.054307314;52.276810297
2;4;56;14;2017;5;14;2;2;0;1;0;1;0;0;0;0;0;7.008568043;52.507020977
2;4;54;47;2017;5;7;5;2;8;7;0;1;0;0;0;0;0;7.543324569;52.814769547
2;1;54;13;2017;5;8;6;3;5;3;0;1;0;0;0;0;1;10.786529491;52.257610391
2;4;2;0;2017;5;12;6;3;5;3;1;1;0;0;0;0;1;7.227520954;53.340543396
2;4;57;14;2017;5;13;6;3;5;2;1;1;0;0;0;0;1;7.490924297;53.29803383
2;3;52;62;2017;4;18;6;3;8;6;0;1;0;0;0;0;0;8.657479389;53.675867601
2;4;57;22;2017;5;14;6;3;2;6;0;1;0;0;0;0;1;7.459441533;53.15997707
2;3;59;5;2017;5;18;2;2;5;2;0;1;0;0;0;0;0;9.426079504;53.462070913
2;4;54;47;2017;5;7;6;2;8;1;0;1;0;0;0;0;1;7.567655917;52.833416877
2;4;54;29;2017;5;14;6;3;5;3;0;1;0;0;0;0;1;7.315163603;52.863083704
2;4;51;2;2017;5;9;2;3;5;3;1;1;0;0;0;0;1;8.108094797;53.13940829
2;4;54;18;2017;5;19;6;3;2;6;0;1;0;0;1;0;1;7.171626295;52.793474932
2;3;61;12;2017;5;21;5;2;5;3;0;1;0;0;0;2;1;9.217085844;52.912257438
2;4;54;18;2017;5;15;6;3;8;1;0;1;0;0;0;0;1;7.162909106;52.766318246
2;4;54;41;2017;5;13;2;3;2;2;0;1;0;0;0;0;0;7.410273157;53.059727028
2;4;52;11;2017;5;13;6;3;5;3;1;1;0;0;0;0;0;7.156854507;53.409110188
2;4;4;0;2017;5;16;5;3;2;6;1;1;0;0;0;0;0;8.038278598;52.277543482
2;4;52;1;2017;5;20;6;3;9;1;0;0;0;1;0;0;1;7.525199557;53.533129464
2;2;52;6;2017;5;12;6;3;4;2;0;1;0;0;0;0;0;9.343834065;52.122116616
2;4;52;1;2017;5;11;6;3;2;6;0;1;0;0;1;0;1;7.471548257;53.467595415
2;4;52;1;2017;5;11;6;3;0;4;0;1;1;1;0;0;1;7.482974172;53.472630905
2;3;53;29;2017;4;12;6;3;8;1;0;1;0;0;0;0;1;9.905533785;53.45131436
2;1;59;10;2017;5;16;3;3;4;1;0;1;0;1;0;0;0;10.299274235;51.544171979
2;2;41;21;2017;5;9;3;3;2;2;0;1;0;0;0;0;0;9.433956535;52.422085892
2;4;60;2;2017;5;6;6;3;1;5;0;1;0;0;1;0;1;8.247208603;52.514049436
2;2;41;21;2017;5;9;6;3;8;1;0;1;0;0;0;0;1;9.379013362;52.403665286
2;4;51;7;2017;5;21;3;2;4;2;0;1;0;0;0;1;0;7.885429423;53.208841301
2;3;58;5;2017;4;18;6;3;2;6;0;1;0;0;0;0;1;9.694941518;52.670450503
2;3;58;14;2017;5;10;6;2;6;4;0;0;1;0;1;0;0;9.417774967;52.797763598
2;4;55;20;2017;5;11;6;3;9;7;0;1;0;0;0;0;1;7.999419486;53.645007408
2;1;51;25;2017;5;4;4;3;2;7;0;1;0;0;0;2;0;10.593771604;52.496512137
2;3;58;5;2017;4;14;6;3;2;6;0;1;0;0;0;0;0;9.695020862;52.670268244
2;4;51;8;2017;5;13;6;3;8;1;0;1;0;0;0;0;1;8.153377401;53.210232058
2;3;56;5;2017;5;16;6;3;3;6;1;0;0;0;0;0;0;8.909386523;53.149031461
2;4;62;15;2017;5;15;6;3;5;3;0;1;0;0;0;0;1;7.646202905;53.65809548
2;1;58;27;2017;5;10;7;3;8;7;0;1;0;0;0;0;0;10.75579906;52.158851557
2;3;58;21;2017;4;12;6;3;2;6;0;1;0;0;0;0;0;9.928970248;52.990891788
2;3;58;22;2017;4;14;6;3;2;2;0;1;0;0;0;0;0;9.575443886;52.908586758
2;3;58;22;2017;4;14;6;3;2;6;0;1;0;0;0;0;0;9.599737398;52.8509319
2;3;58;21;2017;4;14;6;3;2;2;0;1;0;0;0;0;0;9.828788101;53.036527187
2;2;41;21;2017;5;7;4;3;2;6;0;1;0;0;0;0;0;9.43453886;52.442861765
2;3;58;21;2017;4;8;6;3;5;3;0;1;0;0;0;0;0;9.828849718;52.991043225
2;2;41;17;2017;5;20;4;3;3;5;0;1;0;0;0;1;0;9.661212738;52.239338119
2;3;57;44;2017;4;11;6;3;5;3;0;1;0;0;1;0;0;9.495573171;53.280311992
2;3;56;8;2017;5;14;6;3;2;6;0;1;0;0;0;0;1;8.733815729;53.182469028
2;3;56;8;2017;5;12;6;3;0;6;0;1;0;0;1;0;0;8.708663353;53.181381053
2;2;41;18;2017;5;13;1;3;9;1;1;0;0;0;0;0;0;10.169289347;52.465398086
2;3;61;1;2017;5;13;6;3;5;3;1;1;0;0;0;0;0;9.017793431;53.015864581
2;3;61;1;2017;5;19;6;3;0;1;0;1;0;0;0;0;0;8.988376136;53.043574318
2;3;52;11;2017;5;12;1;3;9;1;0;1;0;0;1;0;0;8.664462308;53.819971295
2;2;51;47;2017;5;8;6;3;2;6;0;1;0;0;0;0;0;8.872025273;52.98690672
2;4;60;6;2017;5;13;6;3;2;6;0;1;0;0;0;0;1;8.162735696;52.656938912
2;4;52;27;2017;5;0;1;2;9;1;0;1;0;0;0;2;0;7.454516717;53.648435601
2;4;61;3;2017;5;11;6;3;5;3;0;1;0;0;0;0;1;8.3358214;53.507153095
2;2;41;16;2017;5;13;4;3;8;1;0;1;0;0;0;0;0;9.909298719;52.31425504
2;4;61;7;2017;5;14;6;3;2;6;0;1;0;0;0;0;1;8.4507832;53.47120816
2;1;59;16;2017;5;18;2;3;9;1;0;1;0;0;0;0;1;9.882504406;51.556840954
2;4;1;0;2017;5;13;6;3;2;2;0;1;0;0;0;0;1;8.681520274;53.037096288
2;2;41;5;2017;5;14;4;3;2;6;0;1;0;0;0;0;0;9.571751062;52.42278418
2;3;59;28;2017;5;7;6;2;5;3;0;1;0;0;0;0;0;9.670958072;53.518442065
2;2;41;1;2017;5;15;2;3;2;2;0;1;0;0;1;0;1;9.862323552;52.371404461
2;3;57;4;2017;4;10;6;3;4;7;0;1;0;1;0;0;0;9.003379847;53.447179004
2;2;41;21;2017;5;15;5;3;2;6;0;1;0;0;0;0;1;9.434388906;52.421667042
2;3;59;3;2017;5;14;6;3;5;3;1;1;0;0;0;0;0;9.617172859;53.434589043
2;4;58;9;2017;5;13;2;3;2;2;0;1;0;0;0;0;0;8.262590456;53.049564462
2;3;60;18;2017;4;19;6;3;5;3;0;1;0;0;1;0;1;10.756983557;52.971676364
2;4;58;8;2017;5;12;5;3;5;3;0;1;0;0;0;0;1;8.586216401;52.909759852
2;2;41;9;2017;4;8;6;3;2;6;0;1;0;0;0;0;0;9.846742157;52.275385487
2;4;60;7;2017;5;15;5;3;5;2;0;1;0;0;0;0;1;8.094535239;52.481506031
2;2;41;1;2017;4;14;6;3;1;5;0;1;0;1;0;0;0;9.833144986;52.386336897
2;2;41;21;2017;4;12;6;3;2;6;0;1;0;0;1;0;0;9.457619648;52.434878357
2;3;58;2;2017;5;18;7;2;5;3;0;1;0;0;0;0;0;9.973145014;53.071094939
2;2;41;21;2017;4;13;6;3;4;2;0;1;0;0;0;0;0;9.472455906;52.388474372
2;2;41;15;2017;4;14;6;3;5;3;0;1;0;0;0;0;0;9.640181217;52.396837371
2;2;57;3;2017;5;6;4;3;2;6;0;0;0;0;1;0;1;9.264255727;52.234932893
2;4;56;25;2017;5;16;7;2;5;3;0;1;0;0;1;0;0;7.215504597;52.492745764
2;2;41;7;2017;4;9;6;3;2;6;0;1;0;0;0;0;0;9.730031242;52.314617223
2;2;41;20;2017;4;22;6;3;5;3;1;1;0;0;0;2;0;9.574785136;52.282895562
2;2;57;28;2017;5;15;4;3;5;3;0;1;0;1;0;0;0;9.13455239;52.262852842
2;3;58;21;2017;5;16;6;3;2;6;0;1;0;0;0;0;0;9.903324025;52.96549776
2;2;41;16;2017;4;7;6;3;4;2;1;1;0;0;0;0;0;9.930742537;52.345962727
2;1;55;9;2017;4;15;6;3;2;6;0;1;0;0;0;0;0;9.834575136;51.723375757
2;2;54;13;2017;5;6;4;3;9;1;0;1;0;0;0;0;1;9.733522375;52.069398705
2;2;56;33;2017;4;14;6;3;2;2;0;1;0;0;0;0;0;8.88842206;52.525086035
2;2;54;8;2017;5;0;4;3;2;6;0;1;0;0;1;2;1;10.158229119;52.004604053
2;2;54;2;2017;4;17;6;2;8;7;0;1;0;0;0;0;0;9.821274224;51.957015897
2;2;54;8;2017;4;20;6;3;2;6;0;1;0;0;1;2;1;10.176575799;52.038647217
2;3;58;19;2017;5;14;6;3;6;4;1;0;1;0;0;0;0;9.793357389;53.113971425
2;3;58;19;2017;5;7;6;3;5;3;1;1;0;0;0;0;1;9.788665225;53.115385539
2;3;58;19;2017;5;13;6;3;4;6;0;1;0;0;0;0;0;9.692703654;53.143086282
2;2;52;6;2017;5;17;2;3;2;6;0;1;0;0;0;0;0;9.358654505;52.106800271
2;2;41;1;2017;5;10;6;3;0;6;0;1;0;1;0;0;1;9.692873033;52.374398961
2;2;41;21;2017;5;16;6;3;3;6;0;1;0;0;0;0;0;9.449054962;52.42354572
2;3;55;22;2017;5;14;2;3;5;3;0;1;0;0;0;0;0;10.455725986;53.261964336
2;2;41;14;2017;5;15;6;3;5;3;1;1;0;0;0;0;0;9.669549548;52.346455982
2;2;41;1;2017;5;9;5;3;5;2;1;1;0;0;0;0;0;9.728363342;52.374108655
2;2;41;12;2017;5;13;6;3;2;6;0;1;0;0;0;0;0;9.456103965;52.506810603
2;2;51;37;2017;5;8;2;2;2;6;0;1;0;0;1;0;0;8.694150256;53.004447614
2;2;41;16;2017;5;8;6;3;2;2;0;1;0;0;1;0;0;9.945594502;52.333311598
2;4;58;7;2017;5;17;5;3;4;2;0;1;0;0;0;0;1;8.178750751;52.951037752
2;2;41;10;2017;5;10;6;3;2;6;0;1;0;0;1;0;0;9.718949037;52.439566751
2;4;60;6;2017;5;13;2;3;4;6;0;1;0;0;0;0;0;8.24343849;52.639790855
2;4;52;1;2017;5;7;5;3;2;1;0;1;0;0;0;0;1;7.485031265;53.471915876
2;2;41;1;2017;5;18;6;3;8;1;0;1;0;0;0;0;1;9.80121558;52.341865611
2;1;53;17;2017;5;17;6;2;4;6;0;1;0;0;0;0;1;10.508046382;51.941343664
2;1;55;2;2017;5;11;6;2;5;3;0;1;0;1;0;0;0;9.551847703;51.643216137
2;1;54;14;2017;5;8;3;3;2;1;0;1;0;0;0;0;0;10.732248677;52.320474372
2;2;41;1;2017;5;10;3;2;5;3;1;1;0;0;0;0;0;9.673272966;52.358676473
2;1;53;12;2017;4;13;6;2;2;6;0;1;0;1;0;0;0;10.130765196;51.887989205
2;2;41;4;2017;5;10;6;3;5;3;1;1;0;0;0;0;0;9.859213412;52.487226175
2;3;53;31;2017;5;17;3;3;5;3;0;1;0;0;0;0;0;10.020046028;53.4159511
2;2;55;17;2017;4;17;6;2;3;2;0;1;0;1;0;0;0;9.470164029;51.985588638
2;3;55;22;2017;5;11;6;3;2;6;0;1;0;0;0;0;0;10.42880129;53.267371004
2;2;57;35;2017;5;8;6;3;2;6;0;1;0;0;0;0;1;9.160395154;52.318970069
2;2;55;2;2017;4;17;6;3;4;6;0;0;0;1;1;0;0;9.513893854;51.910438618
2;3;53;31;2017;5;17;6;3;3;6;0;1;0;0;0;0;0;10.029016911;53.411132428
2;2;52;7;2017;4;9;6;3;4;2;0;1;0;0;0;0;0;9.302568715;52.133893779
2;2;52;6;2017;4;22;6;2;9;1;0;1;0;0;0;2;1;9.377671463;52.138526033
2;4;55;15;2017;5;16;6;3;5;3;1;1;0;0;0;0;1;7.945362542;53.526121614
2;1;54;14;2017;4;0;6;2;0;1;1;0;0;0;0;2;0;10.680659704;52.342116642
2;1;3;0;2017;4;15;6;3;2;6;0;1;0;1;0;0;0;10.790814258;52.444964368
2;1;58;37;2017;4;13;6;3;4;2;0;1;0;0;1;0;0;10.490481845;52.136181618
2;1;57;5;2017;4;15;6;3;0;3;1;1;0;0;0;0;0;10.320631283;52.194704811
2;1;2;0;2017;4;9;6;3;1;5;0;1;0;0;0;0;0;10.318139681;52.144937452
2;1;53;2;2017;4;7;6;3;2;6;0;1;0;0;0;0;0;10.560520448;51.885851461
2;2;57;4;2017;5;13;6;3;8;1;0;0;0;1;0;0;0;9.282710528;52.39940093
2;2;56;22;2017;5;12;6;3;2;6;0;1;0;0;0;0;1;9.234741263;52.64115236
2;1;58;14;2017;5;8;1;3;8;1;0;1;0;0;0;0;0;10.497587569;52.08287764