ULAND;UJAHR;UMONAT;USTUNDE;UWOCHENTAG;UKATEGORIE;UART;UTYP1;ULICHTVERH;IstRad;IstPKW;IstFuss;IstKrad;IstGkfz;IstSonstig;STRZUSTAND;XGCSWGS84;YGCSWGS84
2;2;54;3;2017;5;23;6;3;8;6;0;1;0;0;0;2;1;9.985867885;52.24319337
2;1;51;22;2017;4;7;6;3;2;6;0;1;0;0;0;0;0;10.537576594;52.437191767
2;1;51;9;2017;5;14;3;3;2;6;0;1;0;0;1;0;0;10.528637287;52.494560365
2;1;1;0;2017;4;19;6;3;5;3;1;1;0;0;0;0;0;10.480911441;52.2988937
2;2;41;1;2017;5;17;3;3;2;6;0;1;0;0;0;0;0;9.786709484;52.389812502
2;2;54;28;2017;5;13;6;3;2;6;0;1;0;0;0;0;0;9.850443123;52.259842444
2;4;58;8;2017;5;10;3;3;0;1;0;1;0;0;1;0;0;8.58553914;52.96121015
2;2;54;26;2017;5;11;6;3;8;7;0;1;0;0;0;0;0;9.862443393;52.159950135
2;3;55;35;2017;5;13;6;3;4;2;0;1;0;0;0;0;1;10.345452947;53.193514148
2;2;54;8;2017;5;15;6;3;2;6;0;1;0;0;1;0;1;10.176418027;52.038444594
2;4;59;19;2017;5;10;3;3;5;3;1;1;0;0;0;0;0;8.067670184;52.188955884
2;2;55;23;2017;5;16;6;3;8;1;0;0;0;1;0;0;0;9.495699178;51.757305087
2;3;52;11;2017;5;7;6;3;4;2;0;1;0;0;0;0;0;8.648205278;53.882693896
2;1;59;17;2017;5;11;6;3;0;1;0;0;0;1;0;0;0;9.718458566;51.403096303
2;1;1;0;2017;4;7;6;3;3;6;1;0;0;0;0;0;0;10.46313414;52.263701262
2;4;52;1;2017;5;5;6;3;5;3;0;0;0;1;1;0;1;7.48931941;53.498216368
2;1;59;16;2017;5;14;6;2;3;7;1;1;0;0;0;0;0;9.904452448;51.532597249
2;4;59;10;2017;4;16;5;3;2;6;0;1;0;0;0;0;0;7.941399938;52.534086558
2;4;59;30;2017;5;15;6;3;2;2;0;1;0;0;0;0;0;7.972468609;52.660815983
2;4;4;0;2017;4;12;5;3;5;3;0;1;0;0;0;0;0;8.034622951;52.302880014
2;4;4;0;2017;4;7;5;3;5;2;1;1;0;0;0;0;0;8.073657825;52.274807513
2;2;41;1;2017;5;15;7;2;0;6;0;1;0;0;0;0;0;9.829059365;52.423776663
2;4;4;0;2017;4;8;5;3;2;6;0;1;0;0;0;0;0;8.085456013;52.272306488
2;4;57;22;2017;4;13;5;3;2;6;0;1;0;0;0;0;0;7.462077003;53.120079554
2;2;52;5;2017;5;20;4;3;8;6;0;1;0;1;0;1;0;9.461667119;52.073262671
2;4;54;41;2017;4;12;5;3;2;6;0;1;0;0;0;0;0;7.402570233;53.088819052
2;4;54;18;2017;4;20;5;2;4;6;0;1;0;1;0;1;0;7.181132971;52.755835861
2;2;52;5;2017;5;5;4;2;9;1;0;1;0;0;0;1;1;9.372420806;52.043823441
2;4;62;3;2017;4;13;5;3;8;1;0;0;0;1;0;0;0;7.665646398;53.664043825
2;2;52;6;2017;5;17;4;3;2;6;0;1;0;0;0;0;0;9.433518043;52.126739331
2;4;52;21;2017;4;12;5;3;1;5;0;1;0;0;1;0;0;7.254587652;53.547243046
2;4;52;1;2017;4;12;5;3;6;6;0;1;1;0;0;0;1;7.543196515;53.488186984
2;1;58;37;2017;5;12;6;3;2;6;0;1;0;1;0;0;0;10.535319879;52.18414817
2;1;2;0;2017;5;21;6;2;6;4;0;1;1;0;0;2;0;10.467518545;52.194656753
2;1;53;17;2017;5;18;6;3;9;1;0;1;0;0;0;0;1;10.490625376;51.975952431
2;3;61;9;2017;5;16;1;3;5;7;0;1;0;0;1;0;0;9.057259942;53.098440187
2;1;53;2;2017;5;12;6;3;6;4;0;1;1;0;0;0;0;10.546976246;51.890757704
2;1;51;23;2017;5;15;6;3;2;6;0;1;0;1;0;0;0;10.531110231;52.413548779
2;1;51;39;2017;5;16;2;3;2;6;0;1;0;0;1;0;0;10.729147703;52.462163503
2;1;51;30;2017;5;13;6;3;2;2;0;1;0;0;0;0;0;10.743535825;52.47394065
2;1;59;34;2017;5;17;4;3;8;1;0;1;0;0;0;0;0;9.613358015;51.350528503
2;1;54;13;2017;5;20;6;3;0;6;0;1;0;0;1;0;0;10.749286328;52.310710194
2;2;41;11;2017;5;18;2;3;5;3;1;1;0;0;0;0;0;9.996710654;52.377263263
2;1;51;27;2017;5;4;6;3;2;1;0;0;0;0;1;2;1;10.437273394;52.332425071
2;4;59;22;2017;5;8;5;3;2;2;0;1;0;0;0;0;0;8.111973596;52.13677325
2;3;53;26;2017;5;16;2;3;2;6;0;1;0;0;0;0;0;9.805025409;53.369647288
2;4;55;26;2017;4;19;5;3;5;3;0;1;0;0;0;0;0;8.10463295;53.376025305
2;3;57;51;2017;5;16;5;3;2;6;0;1;0;1;0;0;1;9.578513252;52.984668044
2;4;59;13;2017;5;11;5;2;8;1;0;0;0;1;0;0;0;8.30576095;52.443118712
2;4;51;2;2017;5;6;2;3;8;7;0;1;0;0;0;0;0;8.06570994;53.210103583
2;3;61;9;2017;5;13;5;3;2;2;0;1;0;0;0;0;1;9.105168032;53.077902111
2;4;59;14;2017;5;18;5;3;8;1;0;0;0;1;0;0;0;8.008405049;52.407511736
2;4;59;11;2017;5;16;5;3;5;3;1;1;0;0;0;0;0;7.742976039;52.580742717
2;2;52;3;2017;5;16;6;2;4;2;0;1;0;0;0;0;0;9.239731803;51.98526589
2;4;4;0;2017;5;11;2;3;3;6;0;1;0;0;1;0;0;8.043134917;52.282061059
2;4;55;26;2017;4;18;5;3;2;5;0;1;0;0;1;0;0;8.078167558;53.35711096
2;2;52;6;2017;5;9;3;3;3;6;0;1;0;0;1;0;0;9.352006701;52.092565582
2;4;51;4;2017;4;21;5;3;7;1;0;1;0;0;0;2;0;7.975970572;53.121288512
2;2;57;31;2017;5;16;6;3;5;3;0;1;0;1;0;0;0;9.08004553;52.189316775
2;4;51;2;2017;4;14;5;3;2;6;0;1;0;0;0;0;0;8.046119721;53.197533382
2;2;41;1;2017;5;8;6;3;2;6;0;1;0;0;0;0;0;9.732381336;52.383485425
2;2;51;20;2017;4;7;5;3;8;1;0;0;0;0;1;0;0;8.403306417;52.510347324
2;4;58;7;2017;4;10;5;3;2;6;0;1;0;0;1;0;0;8.179322434;52.945512113
2;3;57;57;2017;4;7;5;3;5;3;0;1;0;0;0;0;0;9.332814451;53.279848924
2;4;59;3;2017;5;9;2;3;5;3;1;1;0;0;0;0;0;8.358741647;52.318307585
2;2;54;26;2017;5;16;3;3;5;3;1;1;0;0;0;0;0;9.813457637;52.190745725
2;4;59;10;2017;5;18;5;3;2;2;0;1;0;0;0;0;0;7.944920961;52.556297937
2;2;56;18;2017;5;19;6;3;5;3;0;1;0;0;0;1;0;9.115801216;52.505715747
2;3;51;24;2017;5;15;3;3;5;3;1;1;0;0;0;0;0;9.908407804;52.675494923
2;4;4;0;2017;5;17;5;3;2;6;0;1;0;0;0;0;0;8.07892828;52.285340398
2;2;41;1;2017;5;9;6;3;5;3;0;1;0;0;0;0;1;9.732971169;52.420805398
2;4;4;0;2017;5;16;5;3;2;6;0;1;0;0;0;0;0;8.036218732;52.298716669
2;3;61;9;2017;5;17;3;3;2;6;0;1;0;0;0;0;0;9.029824349;53.053721119
2;3;57;45;2017;4;6;5;3;2;6;0;1;0;0;1;0;0;9.205860693;53.11494203
2;3;59;3;2017;5;15;6;3;4;2;0;1;0;0;0;0;1;9.613955391;53.433021688
2;4;4;0;2017;5;12;5;3;5;2;0;1;0;0;1;0;0;8.061829045;52.247004589
2;1;53;17;2017;5;12;4;2;5;3;1;1;0;0;0;0;0;10.568358343;51.956040835
2;3;55;5;2017;4;7;5;3;2;6;0;1;0;0;0;0;0;10.522427934;53.22892752
2;4;51;5;2017;5;11;6;3;9;1;0;0;0;0;1;0;0;8.184945853;53.23168284
2;3;51;21;2017;4;9;5;3;4;2;0;1;0;0;0;0;0;10.159038484;52.539834381
2;2;41;1;2017;4;20;5;3;5;3;1;1;0;0;0;0;0;9.64077065;52.414026711
2;4;54;28;2017;5;9;6;2;9;7;0;1;0;0;0;0;0;7.452622665;52.548276158
2;2;41;1;2017;4;15;5;3;3;6;0;1;0;0;0;0;0;9.732101435;52.369470593
2;2;41;5;2017;4;12;5;3;5;2;1;1;0;0;0;0;0;9.610964763;52.431552185
2;2;57;3;2017;4;16;5;1;2;6;0;1;0;0;1;0;0;9.331209854;52.273413262
2;2;41;19;2017;4;8;5;3;5;3;1;0;0;0;1;0;0;9.736481556;52.557371577
2;1;59;17;2017;5;14;4;3;8;1;0;1;0;0;0;0;0;9.685484824;51.411481555
2;2;41;1;2017;4;9;5;3;2;6;0;1;0;0;0;0;0;9.732255201;52.383083464
2;1;55;12;2017;4;13;5;2;0;7;0;0;0;1;1;0;0;9.653043141;51.656264254
2;4;57;14;2017;5;14;5;2;1;5;0;0;0;1;1;0;0;7.443369857;53.304828984
2;4;57;20;2017;5;7;5;3;2;6;0;1;0;0;1;0;0;7.819836177;53.278051161
2;4;54;41;2017;5;11;5;3;5;3;1;1;0;0;0;0;0;7.339140916;53.053328155
2;2;41;1;2017;5;2;1;3;1;1;0;1;0;0;0;2;0;9.735965428;52.397915583
2;4;54;19;2017;5;16;5;3;2;2;0;1;0;0;1;0;0;7.48625537;52.669738677
2;4;54;32;2017;5;12;5;3;2;6;0;1;0;0;0;0;0;7.320068484;52.52820588
2;3;52;32;2017;5;16;1;3;2;6;0;0;0;1;0;0;0;8.502521049;53.449384894
2;4;62;19;2017;5;6;5;3;9;1;0;1;0;0;0;1;0;7.667056439;53.532336427
2;1;59;10;2017;5;6;4;2;4;6;0;1;0;0;0;0;1;10.205414618;51.510158405
2;4;52;8;2017;5;18;5;2;5;3;1;1;0;0;0;0;0;7.291581817;53.575683497
2;4;59;13;2017;5;13;1;2;2;6;1;0;0;0;0;0;0;8.254642849;52.346766027
2;4;52;25;2017;5;13;5;2;5;3;0;1;0;1;0;0;0;7.72900224;53.410312447
2;1;58;28;2017;5;17;4;2;5;3;0;1;0;1;0;0;0;10.261824081;52.036146777
2;4;52;1;2017;5;13;5;3;9;1;0;0;0;1;0;0;0;7.485207391;53.471827669
2;2;54;45;2017;5;7;2;3;3;6;0;0;0;1;1;1;0;9.956650654;52.001561046
2;1;59;39;2017;4;13;5;3;5;3;0;1;0;0;0;0;0;10.186358036;51.662201234
2;4;53;7;2017;5;16;5;3;2;6;0;1;0;0;0;0;0;7.889296175;53.039785832
2;3;55;16;2017;5;17;2;3;8;6;0;1;0;0;1;0;0;10.301973266;53.161650939
2;1;59;3;2017;4;18;5;3;6;4;0;1;1;0;0;0;0;10.470501886;51.631510092
2;3;51;16;2017;5;15;5;3;2;6;0;1;0;0;0;0;1;10.221937563;52.632364853
2;4;53;7;2017;5;7;5;3;5;3;0;1;0;1;0;0;0;7.898349723;53.043006232
2;4;61;4;2017;5;11;5;3;8;1;0;1;0;0;0;0;0;8.471633579;53.258508051
2;2;56;19;2017;4;6;5;3;1;5;0;1;0;0;1;0;0;9.093547771;52.608506519
2;4;56;15;2017;5;13;5;2;5;3;1;1;0;0;0;0;0;7.101698818;52.469056073
2;4;53;5;2017;5;19;5;3;2;6;0;1;0;1;0;0;0;8.137447107;52.832074162
2;3;51;26;2017;5;8;5;3;5;3;0;1;0;0;0;0;1;10.057920027;52.816042951
2;4;53;12;2017;5;19;5;3;8;1;0;1;0;0;0;0;0;7.982410453;52.882808001
2;2;51;41;2017;5;15;2;3;5;2;1;1;0;0;0;0;0;8.824890204;52.909008304
2;4;61;1;2017;5;17;5;2;2;2;0;1;0;0;0;0;1;8.543353858;53.139330497
2;3;56;5;2017;5;22;5;2;0;3;0;1;0;0;1;2;0;8.821222002;53.193764197
2;4;62;18;2017;5;8;2;3;4;6;0;1;0;0;0;0;1;7.470212348;53.561381549
2;4;54;41;2017;5;15;5;3;2;2;0;1;0;0;1;0;1;7.396324649;53.080820223
2;3;61;4;2017;5;12;5;2;0;1;0;0;0;1;0;0;0;8.974551122;52.91582157
2;1;58;21;2017;5;6;6;2;8;1;0;0;0;1;0;0;1;10.592666129;52.121298121
2;1;53;7;2017;5;7;3;3;2;6;0;1;0;0;1;0;0;10.267503248;51.955166114
2;2;41;9;2017;5;13;3;1;4;6;0;1;0;0;1;0;0;9.82439132;52.299222182
2;2;54;8;2017;4;15;5;3;6;4;0;0;1;1;0;0;0;10.127988914;52.011114732
2;2;41;15;2017;5;17;6;3;6;6;1;0;1;0;0;0;0;9.610581814;52.392097978
2;4;51;4;2017;5;14;3;3;2;2;0;1;0;0;0;0;0;8.087895455;53.124560243
2;2;54;22;2017;4;9;5;3;1;5;0;1;0;0;1;0;0;10.162080099;52.096276462
2;3;55;8;2017;5;19;6;3;8;1;0;1;0;0;0;1;1;10.307687673;53.143695694
2;1;59;16;2017;4;15;5;3;5;3;0;1;0;0;0;0;0;9.897872757;51.530529694
2;1;59;1;2017;4;9;5;2;6;4;0;1;1;0;0;0;0;9.781772074;51.594532369
2;3;52;11;2017;5;15;6;2;2;6;0;1;0;0;0;0;1;8.659531804;53.80569801
2;1;2;0;2017;4;15;5;3;3;6;0;1;0;0;1;0;0;10.371340143;52.148156976
2;1;2;0;2017;4;17;5;2;4;2;1;1;0;0;0;0;0;10.290200782;52.127969841
2;4;59;13;2017;4;16;4;3;5;2;0;1;0;0;0;0;0;8.250166387;52.348133298
2;4;4;0;2017;4;8;4;3;2;6;0;1;0;0;0;0;0;8.025246256;52.270500126
2;3;61;9;2017;5;9;5;3;2;6;0;1;0;0;0;0;0;9.086567398;53.064201392
2;4;4;0;2017;4;22;4;2;6;4;0;1;1;0;0;2;0;8.039835764;52.27950806
2;4;4;0;2017;4;16;4;3;2;6;0;1;0;1;0;0;0;8.020712094;52.273874697
2;4;54;8;2017;4;16;4;3;5;3;0;1;0;0;0;0;0;7.342601053;52.954356275
2;3;61;3;2017;5;16;5;3;5;3;0;1;0;0;0;0;0;9.227397074;52.84700213
2;4;51;2;2017;5;17;5;2;8;7;0;0;0;1;0;0;0;7.999651836;53.2043737
2;4;51;2;2017;5;15;5;3;5;3;0;1;0;0;0;0;0;8.108177328;53.13939479
2;1;58;2;2017;5;9;1;3;2;6;0;1;0;0;0;0;0;10.237545387;52.087311188
2;4;3;0;2017;5;16;5;3;5;3;1;1;0;0;0;0;0;8.273749934;53.169551953
2;4;60;2;2017;4;8;4;3;5;3;1;1;0;0;0;0;0;8.186259592;52.514765965
2;2;51;37;2017;5;17;5;3;2;6;0;1;0;0;1;0;0;8.775912325;53.018972473
2;2;41;1;2017;5;14;1;3;9;1;0;1;0;0;0;0;0;9.812608684;52.329728342
2;2;51;37;2017;5;14;5;2;2;6;0;1;0;0;1;0;0;8.70036261;53.008331914
2;4;53;11;2017;4;13;4;3;5;2;1;1;0;0;0;0;0;7.689469345;52.724734453
2;1;57;7;2017;5;16;4;3;5;3;0;1;0;0;0;0;0;10.33890869;52.257588422
2;3;52;46;2017;5;16;5;2;8;1;0;0;0;1;0;0;0;8.867535057;53.800510601
2;3;59;15;2017;5;13;1;2;8;1;0;0;0;1;0;0;0;9.339919157;53.660626588
2;3;53;7;2017;5;14;5;3;2;6;0;1;0;0;0;0;0;10.331138147;53.420763678
2;1;53;12;2017;5;18;4;2;2;6;0;0;0;1;0;0;0;10.119847896;51.863888026
2;3;58;19;2017;5;10;5;3;2;6;0;1;0;0;0;0;0;9.795746582;53.113248775
2;3;56;8;2017;5;19;1;2;0;7;1;0;0;0;0;0;0;8.754429958;53.180379582
2;4;53;8;2017;4;18;4;3;5;3;1;1;0;0;0;0;0;8.027004159;52.952165003
2;4;59;22;2017;5;18;3;3;2;6;0;1;0;0;1;0;1;8.15600259;52.146657191
2;3;57;8;2017;5;14;5;3;2;6;0;1;0;0;1;0;0;9.15827948;53.483138165
2;1;2;0;2017;5;21;2;3;9;7;0;1;0;0;0;1;0;10.42876776;52.145939213
2;4;55;25;2017;4;8;4;3;2;6;0;1;0;0;1;0;0;8.047709005;53.416348872
2;4;59;15;2017;5;16;3;3;2;6;0;1;0;0;1;0;1;8.200284189;52.107873003
2;3;57;45;2017;5;14;5;3;2;6;0;1;0;0;0;0;0;9.196896174;53.106502126
2;4;5;0;2017;4;8;4;3;2;6;0;1;0;0;0;0;0;8.088466662;53.528335682
2;4;5;0;2017;4;19;4;3;4;6;0;1;0;0;0;0;0;8.119062389;53.570902922
2;4;51;5;2017;4;9;4;3;2;6;0;1;0;0;1;0;0;8.138388055;53.328249348
2;3;58;21;2017;5;15;5;3;8;1;0;1;0;0;0;0;1;9.765864586;52.981489514
2;4;3;0;2017;4;13;4;3;5;3;1;1;0;0;0;0;0;8.151947586;53.141234322
2;3;57;45;2017;5;11;5;3;3;6;0;1;0;0;1;0;0;9.197821274;53.107284662
2;2;51;44;2017;4;7;4;3;5;2;0;1;0;0;0;0;0;8.624836502;52.546069381
2;3;60;2;2017;5;5;5;3;6;4;0;1;1;0;0;0;0;10.588578981;53.082955622
2;3;54;15;2017;5;13;5;3;5;3;0;1;0;0;0;0;0;11.323221768;52.909814516
2;3;55;3;2017;5;16;5;2;6;4;0;0;1;1;0;0;0;10.485887435;53.369926469
2;4;61;7;2017;4;12;4;2;5;2;1;1;0;0;0;0;0;8.48195636;53.493341649
2;4;61;1;2017;4;14;4;2;2;6;0;1;0;0;1;0;0;8.47662958;53.186279958
2;2;41;1;2017;5;12;5;3;2;6;0;1;0;0;0;0;0;9.777973604;52.371240145
2;2;41;21;2017;5;15;5;3;2;6;0;1;0;0;0;0;0;9.405165014;52.407114808
2;3;59;32;2017;5;15;1;2;5;3;1;1;0;0;0;0;0;9.618663668;53.542731589
2;2;41;13;2017;5;2;5;3;9;1;0;1;0;0;0;2;0;9.763864726;52.17825867
2;2;41;12;2017;5;18;5;3;0;1;0;0;0;1;0;0;1;9.463386287;52.535460897
2;4;5;0;2017;5;10;1;3;5;3;0;1;0;0;0;0;0;8.130730107;53.525635131
2;2;41;4;2017;5;15;5;3;2;2;0;1;0;0;0;0;0;9.833847573;52.50034049
2;2;41;4;2017;5;18;5;3;5;3;0;1;0;0;1;0;0;9.801052992;52.557586062
2;1;57;1;2017;5;4;2;3;7;7;0;1;0;0;0;1;0;10.252375427;52.375612236
2;2;41;3;2017;5;11;5;3;2;6;0;1;0;0;0;0;0;10.095667732;52.455706892
2;4;4;0;2017;5;14;3;3;3;6;0;1;0;1;0;0;1;8.040343713;52.273674588
2;2;41;1;2017;5;21;5;3;8;1;0;1;0;0;0;2;1;9.830000688;52.297770503
2;2;41;2;2017;5;11;2;3;1;7;0;1;0;0;0;0;0;9.404978133;52.334008908
2;3;52;22;2017;4;17;4;3;6;4;0;1;1;0;0;0;0;9.122913848;53.705180155
2;2;41;5;2017;5;7;5;3;5;2;1;0;0;0;1;0;0;9.58689965;52.440150816
2;2;41;2;2017;5;18;5;1;4;1;0;1;0;1;0;0;1;9.522245978;52.302902957
2;4;58;8;2017;5;16;2;3;1;5;0;1;0;0;0;0;0;8.600294416;52.910722605
2;3;53;32;2017;4;8;4;3;2;1;0;1;0;0;0;0;0;10.095422954;53.374297578
2;3;58;16;2017;5;18;5;2;2;2;0;1;0;0;0;0;1;10.029995023;53.009506476
2;2;41;13;2017;5;16;5;2;5;3;1;1;0;0;0;0;0;9.806972142;52.277768927
2;4;53;8;2017;5;14;5;3;5;3;1;0;0;0;1;0;1;7.965917841;52.925709203
2;3;53;26;2017;4;1;4;3;6;7;0;1;1;0;0;2;0;9.788846394;53.405702177
2;4;59;24;2017;5;6;5;3;7;7;0;0;0;1;0;1;0;8.42720943;52.198756589
2;4;59;12;2017;5;14;2;3;5;3;1;1;0;0;0;0;1;8.207960344;52.261743485
2;3;59;38;2017;4;7;4;2;2;6;0;1;0;0;0;0;0;9.442236633;53.592380168
2;2;56;19;2017;5;5;3;3;0;7;0;1;0;0;1;1;0;9.103759708;52.611493782
2;3;59;38;2017;4;6;4;3;4;6;0;1;0;0;1;1;0;9.504494163;53.589439111
2;2;41;11;2017;5;16;6;3;3;7;0;0;0;0;1;0;0;9.895457992;52.373327018
2;3;57;41;2017;4;17;4;3;5;3;0;1;0;1;0;0;0;9.542233158;53.151072007
2;3;57;9;2017;4;10;4;3;5;3;0;1;0;1;0;0;0;9.520461886;53.09496863
2;2;41;1;2017;5;15;6;3;6;4;1;0;1;0;0;0;0;9.734917061;52.392928901
2;3;60;25;2017;4;16;4;2;5;3;1;1;0;0;0;0;0;10.562658303;52.974359239
2;3;51;4;2017;4;16;4;3;2;6;0;1;0;0;0;0;0;10.038022273;52.783229048
2;2;41;10;2017;4;19;4;3;5;3;0;1;0;0;0;0;0;9.730661405;52.46851734
2;2;41;10;2017;4;14;4;3;2;6;0;1;0;0;0;0;0;9.711875146;52.44104031
2;2;41;1;2017;5;16;5;3;2;6;0;1;0;0;0;0;0;9.75570117;52.340698121
2;2;41;1;2017;4;19;4;3;2;6;0;1;0;0;0;0;0;9.732710122;52.369369279
2;2;41;19;2017;5;12;5;1;2;6;0;1;0;0;1;0;0;9.748675181;52.597682413
2;2;41;9;2017;4;17;4;3;5;2;0;1;0;0;1;0;0;9.78941389;52.317051308
2;2;41;1;2017;5;9;5;3;2;6;0;1;0;0;0;0;0;9.629498904;52.420008776
2;2;56;22;2017;4;16;4;3;2;6;0;1;0;0;1;0;0;9.224174332;52.668595837
2;2;41;1;2017;5;8;5;3;2;6;0;1;0;0;1;0;0;9.767797084;52.427103256
2;2;41;9;2017;5;7;5;3;5;2;0;1;0;0;1;0;0;9.826297245;52.289611958
2;4;52;23;2017;5;16;7;3;2;6;0;1;0;0;0;0;0;7.385568099;53.481359094
2;2;57;30;2017;5;7;5;3;4;2;0;1;0;1;0;0;0;9.186523404;52.371375938
2;2;54;21;2017;4;18;4;3;2;6;0;1;0;0;0;0;0;9.935554275;52.152825686
2;4;4;0;2017;5;11;7;3;2;6;0;1;0;0;1;0;0;8.06593048;52.26418875
2;2;57;34;2017;5;15;5;3;5;3;1;1;0;0;0;0;0;9.112117941;52.310411565
2;2;54;21;2017;4;14;4;3;6;4;0;1;1;0;0;0;0;9.977395279;52.129366963
2;4;4;0;2017;5;0;3;3;4;6;0;1;0;0;0;2;1;7.946924912;52.293129652
2;2;57;6;2017;5;12;5;3;2;6;0;1;0;0;1;0;0;9.389560408;52.343668479
2;2;54;28;2017;5;15;1;3;4;2;0;1;0;1;0;0;0;9.872873598;52.235948246
2;2;54;42;2017;5;13;5;3;4;6;0;0;0;1;1;0;0;9.886535032;51.928094421
2;2;52;2;2017;4;10;4;1;7;1;0;1;1;0;1;0;0;9.400572951;52.202855553
2;4;54;41;2017;5;16;3;3;5;2;1;1;0;0;0;0;0;7.427257887;53.080544531
2;2;54;21;2017;5;6;5;3;2;6;0;1;0;0;0;1;0;9.955040244;52.157065017
2;3;55;17;2017;5;16;1;2;8;7;0;0;0;1;0;0;0;10.333080425;53.333265715
2;1;59;16;2017;4;13;4;2;1;5;1;1;0;0;0;0;0;9.94012716;51.523510596
2;4;56;15;2017;5;11;3;3;3;6;0;1;0;0;1;0;0;7.053493605;52.447973154
2;2;55;10;2017;5;2;5;2;8;1;0;1;0;0;0;2;0;9.612073718;51.954201369
2;4;1;0;2017;5;1;1;2;9;7;0;0;0;0;1;2;0;8.667118987;53.031106241
2;2;41;11;2017;5;9;6;2;5;3;0;1;0;0;0;0;0;10.123922913;52.372575924
2;3;58;14;2017;5;8;3;3;4;2;0;1;0;0;1;0;0;9.587564643;52.763317849
2;1;58;37;2017;4;7;4;2;4;1;0;1;0;0;0;0;0;10.575221838;52.21033089
2;2;41;1;2017;5;10;6;3;0;1;0;1;0;1;0;0;1;9.850667447;52.322319614
2;1;59;10;2017;5;9;5;3;2;6;0;1;0;0;0;0;0;10.258292288;51.508415659
2;4;60;3;2017;5;17;3;3;2;2;0;1;0;0;0;0;0;8.060322835;52.693284551
2;1;58;37;2017;4;7;4;3;5;3;0;1;0;0;0;0;0;10.51787382;52.161555474
2;3;53;35;2017;5;10;6;3;1;5;0;1;0;0;0;0;0;9.714761313;53.279101921
2;1;59;16;2017;5;1;5;2;5;2;0;1;0;0;1;2;0;9.938071755;51.504844876
2;1;2;0;2017;4;9;4;3;2;6;0;1;0;0;0;0;0;10.323048646;52.161364512
2;3;61;9;2017;5;22;6;3;4;2;0;1;0;0;0;2;0;9.034367066;53.047397572
2;1;2;0;2017;4;15;4;3;4;2;0;1;0;0;0;0;0;10.29438242;52.143908691
2;1;53;8;2017;4;12;4;3;8;1;0;1;0;0;0;0;0;10.493386497;52.02090887
2;4;54;35;2017;5;21;6;3;5;3;0;1;0;0;0;2;0;7.286932101;52.69037272
2;1;51;22;2017;4;7;4;3;2;6;0;1;0;0;0;0;0;10.506587363;52.434134929
2;1;54;14;2017;4;9;4;3;8;1;0;1;0;0;0;0;0;10.73255125;52.340475489
2;1;1;0;2017;4;14;4;3;5;3;0;1;0;0;0;0;0;10.604970313;52.280969008
2;4;59;8;2017;4;11;3;3;2;2;0;1;0;0;0;0;0;8.117070899;52.326373566
2;4;59;20;2017;4;18;3;3;0;5;0;1;0;0;1;0;0;7.940657595;52.199774345
2;1;54;13;2017;5;16;5;3;2;6;0;1;0;0;1;0;0;10.78236573;52.257561718
2;1;54;13;2017;5;18;5;3;8;1;0;0;0;1;0;0;0;10.802140419;52.223958676
2;2;57;12;2017;5;16;1;2;8;6;0;1;0;0;0;0;0;9.068769084;52.237408141
2;1;3;0;2017;5;9;5;3;3;6;0;1;0;0;1;0;0;10.815744288;52.440261882
2;1;2;0;2017;5;12;5;3;2;6;0;1;0;0;0;0;0;10.366691425;52.098136459
2;3;60;9;2017;5;4;1;2;9;7;0;1;0;0;0;2;0;10.474806772;52.957265428
2;1;2;0;2017;5;15;5;3;2;6;0;1;0;0;0;0;0;10.415294242;52.075102263
2;1;57;7;2017;5;13;5;3;5;2;0;1;0;0;1;0;0;10.369228911;52.24549199
2;2;51;2;2017;5;14;1;2;7;7;0;0;0;1;1;0;0;9.038540714;52.781340599
2;1;53;12;2017;5;13;5;3;5;3;0;0;0;1;1;0;0;10.144338738;51.929903174
2;4;54;32;2017;5;15;3;3;2;6;0;1;0;0;0;0;1;7.3084229;52.512502158
2;1;53;504;2017;5;19;5;3;0;1;0;0;0;1;0;1;1;10.524251914;51.763994519
2;4;59;3;2017;5;16;1;3;8;1;0;0;0;1;0;0;0;8.332392093;52.307725026
2;4;59;29;2017;4;16;3;3;4;2;0;1;0;0;0;0;0;8.224990238;52.343688253
2;4;52;16;2017;5;9;3;3;2;6;0;1;0;0;0;0;0;7.237905354;53.599187071
2;1;53;2;2017;5;7;5;3;1;1;0;1;0;1;0;0;0;10.546831158;51.892497488
2;2;41;1;2017;5;2;2;3;2;6;0;1;0;0;1;2;0;9.858812717;52.40731846
2;4;4;0;2017;4;20;3;2;5;3;0;1;0;0;0;1;0;8.152196666;52.265333844
2;1;51;40;2017;5;17;5;3;2;2;0;1;0;0;0;0;0;10.711891566;52.729438296
2;4;4;0;2017;4;16;3;3;2;6;0;1;0;0;0;0;0;7.992711455;52.255807553
2;3;55;22;2017;5;17;5;2;2;6;0;1;0;0;1;0;1;10.500877755;53.232495968
2;4;4;0;2017;4;16;3;3;2;6;0;1;0;0;1;0;1;8.079928957;52.273748697
2;4;51;2;2017;5;7;5;3;2;6;0;1;0;0;0;0;0;7.983892087;53.192008715