ULAND;UJAHR;UMONAT;USTUNDE;UWOCHENTAG;UKATEGORIE;UART;UTYP1;ULICHTVERH;IstRad;IstPKW;IstFuss;IstKrad;IstGkfz;IstSonstig;STRZUSTAND;XGCSWGS84;YGCSWGS84
2;2;54;5;2017;6;7;4;3;5;2;1;1;0;0;0;0;0;10.024242706;52.095060886
2;2;54;2;2017;6;17;4;3;0;6;0;1;0;0;0;0;1;9.796556019;51.983496819
2;2;52;5;2017;6;3;4;3;0;7;0;1;0;0;0;1;0;9.460041205;52.072814936
2;4;59;24;2017;6;6;3;2;9;1;0;1;0;0;0;0;0;8.314147441;52.198011425
2;4;59;12;2017;6;14;3;3;9;1;0;1;0;0;0;0;1;8.141438007;52.251518982
2;4;59;4;2017;6;16;3;3;5;3;1;0;0;0;1;0;0;8.059499572;52.145164323
2;4;4;0;2017;6;14;3;2;5;3;1;1;0;0;0;0;0;8.013558908;52.295549308
2;4;4;0;2017;6;12;3;3;4;2;1;1;0;0;0;0;1;8.040605048;52.271977575
2;4;57;24;2017;6;17;3;3;3;2;0;1;0;1;0;0;0;7.293795995;53.234257468
2;4;57;14;2017;6;16;3;3;5;2;0;1;0;0;0;0;0;7.471254075;53.320790582
2;4;57;22;2017;6;14;3;3;5;3;0;1;0;1;0;0;0;7.466739551;53.12857783
2;4;57;14;2017;6;9;3;3;8;1;0;1;0;0;0;0;0;7.512163516;53.298521711
2;4;57;21;2017;6;8;3;3;2;6;0;1;0;0;1;0;0;7.319120025;53.172719734
2;4;57;14;2017;6;14;3;3;2;6;0;1;0;0;0;0;1;7.427603071;53.338397024
2;4;54;36;2017;6;10;3;3;8;1;0;1;0;0;0;0;0;7.498542829;52.470369027
2;4;54;12;2017;6;14;3;3;4;6;0;1;0;0;0;0;0;7.560459398;52.45292614
2;4;54;49;2017;6;6;3;3;4;2;0;1;0;0;0;0;0;7.43047037;52.389714547
2;4;52;1;2017;6;17;3;3;5;3;0;1;0;0;0;0;0;7.466294952;53.471322182
2;4;52;23;2017;6;16;3;3;5;3;1;1;0;0;0;0;0;7.409953969;53.475469388
2;4;53;13;2017;6;11;3;3;0;7;0;1;0;0;1;0;0;7.712546479;53.092570101
2;4;53;7;2017;6;19;3;2;5;2;0;1;0;1;0;0;0;7.751280707;52.98038257
2;4;60;6;2017;6;18;3;3;4;6;0;1;0;0;0;0;0;8.243470938;52.639842225
2;4;55;15;2017;6;7;3;3;5;3;0;1;0;1;0;0;0;8.021467888;53.524246912
2;3;56;7;2017;6;16;3;3;3;6;0;1;0;1;0;0;0;8.793035064;53.226429028
2;3;61;3;2017;6;18;3;3;2;6;0;1;0;0;0;0;0;9.221259586;52.886419008
2;3;61;1;2017;6;20;3;3;0;7;0;0;0;1;1;0;0;8.992493252;53.036464185
2;3;61;6;2017;6;17;3;2;2;6;0;1;0;0;1;0;0;9.187357903;52.99664613
2;4;51;8;2017;6;6;3;3;2;2;0;1;0;0;0;0;0;8.050029901;53.212199276
2;2;51;37;2017;6;15;3;3;2;6;0;1;0;0;0;0;0;8.802026349;53.022044242
2;4;61;3;2017;6;17;3;2;5;2;0;1;0;0;1;0;0;8.360304264;53.527673589
2;4;1;0;2017;6;15;3;2;5;3;1;1;0;0;0;0;1;8.632152225;53.054578218
2;4;1;0;2017;6;9;3;2;5;3;0;1;0;0;1;0;0;8.620502975;53.048026676
2;4;1;0;2017;6;13;3;3;2;6;0;1;0;0;0;0;0;8.630498221;53.061148851
2;4;1;0;2017;6;9;3;3;5;2;1;1;0;0;0;0;0;8.597918402;53.046875268
2;3;52;61;2017;6;7;3;3;9;6;0;1;0;0;1;0;0;8.657864662;53.67831599
2;3;52;46;2017;6;13;3;3;4;1;0;1;0;0;1;0;0;8.928274187;53.817093493
2;3;53;5;2017;6;15;3;3;2;6;0;1;0;0;0;0;1;9.830217308;53.330632594
2;3;58;7;2017;6;6;3;3;8;7;0;0;0;0;1;0;0;9.689315328;52.685984822
2;3;58;21;2017;6;21;3;2;2;2;0;1;0;1;0;0;0;9.844738722;53.027629836
2;3;58;21;2017;6;15;3;3;2;6;0;1;0;0;0;0;1;9.828396968;52.979706992
2;3;57;41;2017;6;16;3;3;5;3;1;1;0;0;0;0;1;9.494997121;53.176590577
2;3;55;42;2017;6;19;3;3;5;3;0;1;0;0;0;0;1;10.352485384;53.326829041
2;3;51;25;2017;6;18;3;3;8;1;0;0;0;1;0;0;0;10.274616767;52.718801285
2;3;51;18;2017;6;9;3;3;5;3;1;1;0;0;0;0;0;10.091354474;52.560383046
2;2;41;1;2017;6;16;3;3;5;2;0;1;0;0;1;0;0;9.714263744;52.361111652
2;2;41;12;2017;6;17;3;3;5;3;1;1;0;0;0;0;0;9.488215342;52.556381282
2;2;41;16;2017;6;13;3;3;5;3;0;1;0;0;0;0;0;9.968835636;52.331480523
2;2;41;16;2017;6;12;3;3;6;7;0;1;1;0;0;0;0;9.970764643;52.314948275
2;2;41;4;2017;6;13;3;3;5;2;0;1;0;0;0;0;0;9.925952026;52.509342681
2;2;41;1;2017;6;16;3;3;6;4;0;0;1;0;1;0;0;9.735629553;52.403089751
2;2;41;1;2017;6;14;3;3;2;6;0;1;0;0;0;0;0;9.633384392;52.421938125
2;2;56;29;2017;6;21;3;3;4;6;0;1;0;0;0;1;0;9.416191223;52.651953882
2;2;56;5;2017;6;16;3;2;5;3;0;1;0;0;0;0;1;9.214105602;52.687800342
2;2;54;44;2017;6;11;3;3;5;3;0;1;0;0;0;0;0;10.019956164;51.978107058
2;2;52;2;2017;6;20;3;3;3;2;0;1;0;0;0;0;0;9.435433333;52.222533029
2;2;52;2;2017;6;13;3;3;4;6;0;1;0;0;1;0;0;9.443295672;52.251103196
2;2;52;6;2017;6;16;3;2;8;7;0;0;0;0;1;0;0;9.389736434;52.066856733
2;2;52;6;2017;6;12;3;3;3;6;0;1;0;0;0;0;0;9.375105316;52.103651872
2;1;59;15;2017;6;18;3;3;8;7;0;1;0;0;0;0;0;10.132691461;51.450511097
2;2;51;37;2017;6;17;5;3;2;6;0;0;0;0;1;0;0;8.796145205;53.022739547
2;4;58;10;2017;6;8;5;3;2;6;0;1;0;0;1;0;0;8.383850794;53.059607962
2;4;1;0;2017;6;13;5;3;9;6;1;0;0;0;0;0;0;8.61152231;53.049225937
2;3;52;60;2017;6;17;5;3;2;2;0;1;0;0;1;0;0;8.523275635;53.358891144
2;3;52;11;2017;6;12;5;3;5;3;0;1;0;0;0;0;0;8.684463354;53.859539161
2;1;55;11;2017;6;1;3;2;3;1;0;1;0;0;1;2;0;9.92128732;51.642667635
2;1;3;0;2017;6;17;3;3;2;6;0;1;0;0;0;0;0;10.747741017;52.460791803
2;3;59;28;2017;6;13;5;3;6;4;0;1;1;0;0;0;0;9.680271588;53.532903791
2;1;57;6;2017;6;15;3;3;4;6;0;1;0;0;0;0;0;10.27445543;52.291178109
2;1;57;6;2017;6;10;3;3;5;3;0;1;0;0;0;0;0;10.17091712;52.306599295
2;1;2;0;2017;6;5;3;3;2;6;0;1;0;0;0;0;0;10.456785383;52.186656961
2;1;51;22;2017;6;16;3;3;8;1;0;1;0;0;0;0;0;10.520464619;52.428133009
2;1;51;9;2017;6;15;3;3;2;6;0;1;0;0;0;0;0;10.577429826;52.460375232
2;4;59;14;2017;6;14;2;3;0;6;0;1;0;0;1;0;0;8.035033337;52.401452105
2;4;59;24;2017;6;19;2;3;5;2;0;1;0;1;0;0;0;8.365386424;52.134303284
2;4;59;1;2017;6;13;2;3;9;1;0;1;0;0;0;0;0;7.972631277;52.499682939
2;4;4;0;2017;6;22;2;3;0;3;1;1;0;0;0;2;0;8.040261914;52.273005877
2;4;4;0;2017;6;14;2;2;5;2;0;1;0;0;1;0;0;8.08258903;52.286696907
2;4;57;13;2017;6;17;2;1;8;1;0;0;0;1;0;0;0;7.510764685;53.273008306
2;4;54;41;2017;6;14;2;2;5;2;0;1;0;1;0;0;0;7.434417613;53.079850748
2;4;54;41;2017;6;12;2;3;3;2;1;1;0;0;0;0;0;7.350367822;53.053667417
2;4;56;13;2017;6;1;2;3;0;7;0;1;1;0;0;2;0;6.963399085;52.466699324
2;4;54;18;2017;6;10;2;3;5;3;1;0;0;0;0;0;0;7.107917053;52.784497362
2;4;52;14;2017;6;15;2;2;3;6;0;1;0;1;0;0;0;7.052064097;53.410293102
2;4;60;2;2017;6;4;2;3;0;1;1;0;0;0;0;1;0;8.181405641;52.53544741
2;4;53;6;2017;6;11;2;3;8;7;0;1;0;0;0;0;0;8.019780431;52.747327356
2;4;5;0;2017;6;19;2;2;5;3;0;1;0;0;0;0;0;8.104610661;53.556165062
2;3;61;9;2017;6;11;2;3;0;6;0;0;0;1;0;0;0;9.034367066;53.047397572
2;3;61;9;2017;6;18;2;3;0;7;0;1;0;0;0;0;0;9.02109603;53.052107569
2;4;51;1;2017;6;13;2;3;5;2;0;1;0;0;0;0;0;7.756495346;53.21665205
2;2;51;37;2017;6;10;2;3;5;2;0;1;0;1;0;0;0;8.717078741;52.99495057
2;2;51;41;2017;6;12;2;3;2;2;0;1;0;0;0;0;0;8.764227097;52.939679807
2;4;61;8;2017;6;0;2;3;8;1;0;1;0;0;0;2;0;8.398737457;53.291749171
2;4;58;3;2017;6;23;2;3;8;7;0;1;0;0;0;2;0;8.414076266;52.969695857
2;3;52;61;2017;6;18;2;1;9;1;0;0;0;1;0;0;0;8.531883596;53.623550741
2;3;52;63;2017;6;17;2;3;5;3;0;1;0;0;0;0;0;9.057000653;53.771560615
2;3;53;30;2017;6;17;2;2;5;2;0;1;0;1;0;0;0;10.186125003;53.213390655
2;3;59;28;2017;6;13;2;3;2;5;0;1;0;0;0;0;0;9.664673281;53.550929165
2;3;59;10;2017;6;5;2;2;1;5;0;1;0;0;0;0;0;9.706979401;53.461092896
2;3;60;3;2017;6;11;2;2;3;7;0;0;0;1;0;0;0;10.538074903;53.03223769
2;3;55;49;2017;6;18;2;3;8;6;0;1;0;1;0;0;0;10.89660882;53.286961041
2;3;51;22;2017;6;11;2;2;5;3;0;1;0;1;0;0;0;10.185734143;52.579555772
2;2;41;21;2017;6;18;2;3;2;6;0;1;0;0;0;0;0;9.40871956;52.427130807
2;2;41;13;2017;6;12;2;3;8;6;0;0;0;1;1;0;0;9.769945404;52.173724094
2;2;41;5;2017;6;22;2;3;4;6;1;0;0;0;0;2;0;9.579452846;52.443194979
2;1;55;13;2017;6;11;2;2;5;3;0;1;0;1;0;0;0;9.809694882;51.820405534
2;2;56;13;2017;6;20;2;3;5;3;0;1;0;1;0;1;0;9.147035224;52.84624416
2;2;54;17;2017;6;0;2;3;2;6;0;1;0;0;0;2;0;9.890775545;52.223468993
2;2;55;32;2017;6;17;2;3;9;1;0;1;0;0;1;0;0;9.459534012;51.930753061
2;2;55;3;2017;6;13;2;3;2;7;0;1;0;1;0;0;0;9.521244262;51.978147679
2;1;53;9;2017;6;18;2;2;9;1;0;0;0;1;0;0;0;10.249109859;51.997779116
2;1;53;7;2017;6;2;2;3;9;1;0;1;0;0;0;2;0;10.276591823;51.889570632
2;1;51;41;2017;6;8;2;2;8;6;0;0;0;0;1;0;0;10.382108115;52.376260212
2;1;51;2;2017;6;23;2;3;4;1;0;1;0;0;0;2;0;10.771131474;52.511135997
2;4;59;14;2017;6;8;1;2;8;7;0;1;0;0;0;0;0;8.03112269;52.415337715
2;4;59;20;2017;6;19;1;3;0;6;1;0;1;0;0;0;1;7.942071772;52.199019022
2;4;59;29;2017;6;15;1;3;9;1;0;0;0;1;0;0;0;8.225311097;52.351534888
2;4;4;0;2017;6;3;1;3;3;7;0;1;0;0;0;2;1;8.068341979;52.263190679
2;4;57;22;2017;6;19;1;2;4;6;0;1;0;1;0;0;0;7.51339714;53.19203446
2;4;57;22;2017;6;18;1;3;2;2;0;1;0;0;0;0;0;7.460701224;53.108815919
2;4;54;9;2017;6;2;1;2;8;1;0;1;0;0;0;2;0;7.588099305;52.655653245
2;4;56;25;2017;6;13;1;3;2;6;0;1;0;0;0;0;0;7.197917215;52.526638389
2;4;62;19;2017;6;19;1;3;4;6;0;1;0;0;0;0;0;7.808725505;53.576638315
2;4;52;25;2017;6;17;1;3;5;3;0;1;0;1;0;0;0;7.680107345;53.383612252
2;4;53;7;2017;6;22;1;3;8;1;0;1;0;0;0;2;0;7.823613627;52.999269416
2;4;53;10;2017;6;13;1;1;2;6;1;1;0;0;0;0;0;7.777009204;52.831843046
2;4;55;20;2017;6;15;1;3;0;1;1;0;0;0;0;0;0;7.997939933;53.698732523
2;3;61;6;2017;6;1;1;3;1;5;0;1;0;0;0;2;1;9.175833168;52.98116755
2;4;51;7;2017;6;17;1;3;2;2;0;1;0;1;0;0;0;8.032301181;53.28917262
2;4;51;1;2017;6;11;1;3;2;2;0;1;0;0;0;0;0;7.784651278;53.247887577
2;2;51;6;2017;6;10;1;2;2;2;0;1;0;1;0;0;0;8.577451589;52.600936967
2;3;52;61;2017;6;9;1;1;9;1;0;1;0;0;0;0;0;8.559935505;53.644302399
2;3;53;9;2017;6;21;1;3;8;7;0;1;0;0;0;0;0;10.080775095;53.178966784
2;3;53;36;2017;6;15;1;3;5;3;0;1;0;0;0;0;0;9.975763037;53.197337
2;3;59;40;2017;6;13;1;3;2;2;0;1;0;0;0;0;0;9.324283761;53.791728756
2;3;54;13;2017;6;17;1;3;2;6;1;1;0;0;0;0;0;11.058963117;52.951227983
2;2;41;17;2017;6;17;1;3;0;1;0;0;0;1;0;0;0;9.595542032;52.148941675
2;2;41;10;2017;6;18;1;2;3;6;0;1;0;1;0;0;0;9.727352339;52.48949414
2;1;55;12;2017;6;21;1;2;5;3;0;1;0;0;0;1;0;9.639392608;51.65945772
2;2;57;31;2017;6;18;1;3;1;5;0;1;0;0;0;0;0;9.081916922;52.192622418
2;2;56;10;2017;6;10;1;2;9;1;0;1;0;0;0;0;0;9.209069441;52.80015078
2;2;52;3;2017;6;18;1;2;8;1;0;0;0;1;0;0;0;9.217838261;51.984018491
2;2;52;5;2017;6;16;1;2;0;7;1;0;0;0;0;0;0;9.371521231;51.98383734
2;1;59;17;2017;6;2;1;2;9;1;0;1;0;0;0;2;1;9.767161732;51.397025807
2;1;54;14;2017;6;11;1;2;0;3;0;1;0;1;0;0;1;10.633217025;52.322312267
2;1;3;0;2017;6;13;1;3;8;1;0;1;0;0;0;0;0;10.774906965;52.450839618
2;1;57;7;2017;6;13;1;2;8;1;0;1;0;0;0;0;0;10.402535506;52.285093802
2;1;57;6;2017;6;15;1;2;4;2;0;1;0;1;0;0;0;10.232969127;52.306338467
2;1;57;6;2017;6;4;1;2;8;1;0;1;0;0;0;1;1;10.207299215;52.289046152
2;1;53;18;2017;6;11;1;3;0;1;0;0;0;1;0;0;1;10.3038356;51.80237347
2;1;51;16;2017;6;20;1;2;9;1;0;1;0;0;0;0;0;10.504815846;52.374995548
2;1;51;30;2017;6;3;1;3;8;1;0;1;0;0;0;1;1;10.748301704;52.490215135
2;4;59;4;2017;6;23;7;3;2;6;0;1;0;0;0;2;0;8.037349957;52.15083952
2;4;59;15;2017;6;23;7;1;6;6;0;1;1;0;0;2;0;8.202208888;52.135399662
2;4;59;29;2017;6;17;7;3;3;6;1;1;0;0;0;0;0;8.168148676;52.368029912
2;4;4;0;2017;6;14;7;3;4;2;0;1;0;0;0;0;0;8.036376097;52.296937374
2;4;4;0;2017;6;12;7;3;2;6;0;1;0;0;0;0;0;7.994241754;52.296218516
2;4;54;41;2017;6;21;7;3;5;3;1;0;0;0;0;1;0;7.379726113;53.0723188
2;4;54;44;2017;6;14;7;3;5;7;0;1;0;1;0;0;0;7.251890572;53.072110287
2;4;54;32;2017;6;16;7;2;0;1;1;0;0;0;0;0;0;7.349138078;52.523618229
2;4;52;1;2017;6;15;7;3;2;2;0;1;0;0;0;0;0;7.609850637;53.547490002
2;4;53;1;2017;6;11;7;3;4;2;0;1;0;0;0;0;0;7.734330606;53.132668322
2;4;53;5;2017;6;11;7;3;5;2;0;1;0;0;0;0;0;8.117066774;52.829380519
2;4;60;10;2017;6;0;7;2;8;1;0;1;0;0;0;2;0;8.265784856;52.866459977
2;4;3;0;2017;6;13;7;3;2;2;0;1;0;0;0;0;0;8.165136364;53.126176545
2;4;61;7;2017;6;0;7;3;0;1;1;0;0;0;0;2;0;8.504700441;53.513874757
2;4;61;1;2017;6;14;7;1;2;2;0;1;0;0;0;0;0;8.543323998;53.139278145
2;3;53;29;2017;6;16;7;3;2;6;0;1;0;1;0;0;0;9.917607438;53.435640525
2;3;59;10;2017;6;7;5;3;4;7;0;1;1;0;1;0;0;9.67865885;53.465758689
2;3;59;39;2017;6;16;5;3;2;6;0;1;0;1;0;0;0;9.588272823;53.584722389
2;3;58;22;2017;6;12;5;2;2;6;0;1;0;0;0;0;0;9.665508468;52.762653707
2;3;53;16;2017;6;22;7;3;9;1;0;1;0;0;0;2;0;10.027698419;53.265547521
2;3;53;40;2017;6;13;7;3;2;6;0;1;0;0;0;0;0;10.207448448;53.349830016
2;3;53;38;2017;6;6;7;3;5;3;0;1;0;0;0;0;1;9.824853358;53.202552995
2;3;53;5;2017;6;18;7;2;2;6;0;1;0;0;1;0;0;9.87144259;53.28410445
2;3;53;9;2017;6;8;7;2;2;6;0;1;0;0;0;0;0;10.083190923;53.189846041
2;3;58;20;2017;6;13;7;2;4;7;0;1;0;0;0;0;0;9.658416774;52.66998288
2;3;58;22;2017;6;12;7;3;5;3;0;1;0;0;0;0;1;9.593770616;52.824582552
2;3;55;9;2017;6;14;7;2;5;3;1;0;0;0;0;0;1;10.724804918;53.286114197
2;3;51;4;2017;6;12;7;3;0;1;0;0;0;1;0;0;1;10.007719606;52.81818835
2;2;41;19;2017;6;13;7;3;2;6;0;1;0;0;0;0;0;9.772634139;52.520474242
2;2;41;19;2017;6;15;7;3;2;6;0;1;0;0;1;0;0;9.809996308;52.530324566
2;1;59;19;2017;6;2;7;2;8;1;0;1;0;0;0;2;0;10.39859873;51.684604043
2;2;56;22;2017;6;0;7;3;4;6;0;1;0;0;0;2;0;9.186241053;52.609637988
2;2;54;28;2017;6;9;7;1;5;3;1;1;0;0;0;0;0;9.860585356;52.253075347
2;1;53;12;2017;6;19;7;3;8;1;0;1;0;0;0;0;1;10.139182033;51.922329934
2;1;57;8;2017;6;14;7;2;8;1;0;0;0;1;0;0;0;10.416643455;52.371165477
2;1;57;9;2017;6;10;7;3;6;4;0;1;1;0;0;0;0;10.195005123;52.276673481
2;1;2;0;2017;6;9;7;3;8;1;0;0;0;1;0;0;0;10.320414055;52.135530022
2;1;53;18;2017;6;16;7;2;4;6;0;1;0;0;1;0;0;10.355910033;51.80256507
2;1;51;36;2017;6;16;7;3;5;3;0;1;0;0;0;0;0;10.546004648;52.619588059
2;1;51;38;2017;6;17;7;3;5;3;0;1;0;0;0;0;0;10.492199474;52.592414317
2;1;51;16;2017;6;12;7;3;2;6;0;1;0;0;0;0;0;10.538744524;52.366366087
2;1;1;0;2017;6;23;7;3;8;1;0;1;0;0;0;2;1;10.471804027;52.23880432
2;1;1;0;2017;6;11;7;2;6;4;0;0;1;0;1;0;0;10.53409694;52.215954235
2;4;59;24;2017;6;12;6;3;5;3;1;1;0;0;0;0;0;8.399788865;52.241109078
2;4;59;24;2017;6;7;6;2;2;6;1;0;0;0;0;0;0;8.328395257;52.200128829
2;4;59;29;2017;6;16;6;2;2;2;0;1;0;0;0;0;0;8.199491257;52.334773401
2;4;59;13;2017;6;12;6;2;6;4;0;1;1;0;1;0;0;8.33144276;52.371227148
2;4;59;32;2017;6;10;6;2;4;6;0;1;1;0;0;0;0;7.725332146;52.41113059
2;4;59;10;2017;6;19;6;3;3;6;1;0;0;0;0;0;0;7.949545456;52.557160682
2;4;4;0;2017;6;12;6;3;5;3;0;1;0;0;0;0;0;8.07112283;52.262079612
2;4;4;0;2017;6;8;6;2;5;3;0;1;0;0;0;0;0;8.130570948;52.26747103
2;4;57;13;2017;6;15;6;3;5;3;0;1;0;1;0;0;0;7.435094975;53.230222463
2;4;54;45;2017;6;14;6;3;2;6;0;1;0;0;1;0;0;7.417054587;52.331168345
2;4;52;14;2017;6;13;6;3;8;7;0;1;0;0;0;0;0;7.198387699;53.499243875
2;4;62;5;2017;6;13;6;3;4;6;0;1;0;1;0;0;0;7.849556487;53.445779909
2;4;60;7;2017;6;15;6;1;5;3;0;1;0;0;1;0;0;8.078477373;52.549254818
2;4;53;9;2017;6;17;6;3;2;2;0;1;0;1;0;0;0;7.972014448;52.787157724
2;4;53;3;2017;6;15;6;2;5;2;1;1;0;0;0;0;0;8.063051695;52.783063081
2;4;55;27;2017;6;17;6;3;2;2;0;1;0;0;0;0;0;7.95643407;53.419858283
2;4;55;14;2017;6;15;6;3;1;5;1;1;0;0;0;0;0;8.019740556;53.49820572
2;4;55;20;2017;6;10;6;3;5;3;0;1;0;0;0;0;0;7.877755411;53.583439124
2;3;61;1;2017;6;10;6;3;1;3;0;1;0;0;0;0;0;9.055635168;53.002810223
2;3;61;1;2017;6;6;6;3;4;6;0;1;0;0;0;0;0;9.049762328;52.999976395
2;3;61;6;2017;6;10;6;3;2;6;0;1;0;0;1;0;0;9.184982271;52.997552904
2;3;61;6;2017;6;10;6;3;2;6;0;1;0;0;1;0;0;9.186025969;52.997237877
2;3;61;6;2017;6;10;6;2;2;6;0;1;0;0;0;0;0;9.179855202;52.999888486
2;4;3;0;2017;6;10;6;3;2;6;0;1;0;0;1;0;0;8.191895049;53.133340166
2;2;51;2;2017;6;16;6;3;3;2;0;1;0;0;1;0;0;9.034279757;52.732998034
2;2;51;37;2017;6;16;6;3;2;6;0;1;0;0;0;0;0;8.740374933;53.011399529
2;4;58;5;2017;6;17;6;3;5;3;0;1;0;0;1;0;0;8.553459412;53.030543771
2;4;58;10;2017;6;12;6;2;9;1;0;1;0;0;0;0;0;8.483802454;53.086999769
2;3;52;29;2017;6;12;6;3;2;6;0;1;0;0;0;0;0;9.090038022;53.636859096
2;3;52;22;2017;6;15;6;2;5;3;0;1;0;1;0;0;0;9.174367774;53.685759935
2;3;52;11;2017;6;16;6;3;5;3;0;1;0;0;0;0;0;8.753948631;53.800025091
2;2;41;1;2017;6;19;6;3;5;2;0;1;0;0;0;0;1;9.714497703;52.361025442
2;3;53;31;2017;6;11;6;3;2;6;0;1;0;0;0;0;0;10.027081984;53.402075003
2;3;53;29;2017;6;12;6;2;5;2;0;1;0;1;0;0;0;9.894306981;53.378636354
2;3;59;23;2017;6;12;6;3;6;4;0;1;1;0;0;0;0;9.496951903;53.450804702
2;3;58;4;2017;6;13;6;3;5;3;0;1;0;0;0;0;0;9.657983413;52.904735677
2;3;57;45;2017;6;15;5;3;0;6;0;1;0;0;1;0;0;9.181344857;53.092394092
2;2;41;1;2017;6;21;6;3;0;1;1;0;0;0;0;1;0;9.719841631;52.367745952
2;3;58;22;2017;6;13;6;2;6;7;0;1;1;0;0;0;0;9.590850564;52.860531908
2;3;57;6;2017;6;15;6;3;2;2;0;0;0;1;1;0;0;9.501610766;53.075610815
2;2;41;21;2017;6;16;6;3;5;3;0;1;0;0;0;0;1;9.436580459;52.419644707
2;2;41;15;2017;6;7;6;3;5;3;1;1;0;0;0;0;0;9.613572387;52.392191558
2;2;41;5;2017;6;18;6;3;4;1;0;1;0;1;0;0;1;9.584547982;52.460941371
2;2;41;11;2017;6;15;6;3;5;2;1;1;0;0;0;0;1;9.964117355;52.365706365
2;2;41;18;2017;6;18;6;3;4;7;0;1;0;0;0;0;0;10.136239182;52.416636619
2;2;41;2;2017;6;15;6;2;8;1;0;0;0;1;0;0;1;9.412674456;52.333204189
2;3;57;41;2017;6;15;6;3;8;1;0;0;0;1;0;0;0;9.567403397;53.134522807
2;2;41;21;2017;6;16;6;3;2;6;0;1;0;0;1;0;1;9.465014329;52.380388286
2;2;56;30;2017;6;11;6;2;7;7;0;0;0;1;0;0;0;9.050343045;52.576319463
2;3;57;39;2017;6;14;6;2;5;2;0;1;0;1;0;0;0;9.373736806;53.094239159
2;2;57;31;2017;6;19;6;3;2;6;0;1;0;0;1;0;1;9.168519949;52.198385049
2;2;57;31;2017;6;19;6;2;5;3;0;1;0;0;1;0;1;9.112805436;52.208924493
2;3;57;39;2017;6;7;6;3;4;2;1;1;0;0;0;0;0;9.412627131;53.113169237
2;2;54;41;2017;6;12;6;2;9;1;0;0;0;1;0;0;0;9.651820918;51.970045256
2;2;52;3;2017;6;14;6;3;5;3;0;1;0;0;0;0;1;9.277255992;51.976929607
2;2;52;5;2017;6;16;6;1;4;6;0;1;0;0;1;0;1;9.437257278;52.071572645
2;1;59;16;2017;6;18;6;3;3;2;1;1;0;0;0;0;0;9.910744586;51.534386235
2;1;58;39;2017;6;14;6;3;5;3;0;1;0;0;0;0;0;10.501012643;52.021001124
2;1;57;6;2017;6;7;6;3;5;3;0;1;0;0;0;0;0;10.329884432;52.30750646
2;1;51;28;2017;6;15;6;2;5;3;0;1;0;0;0;0;1;10.487575371;52.805906908
2;1;51;7;2017;6;11;6;2;9;1;0;1;0;0;0;0;0;10.566232138;52.665617205
2;1;51;34;2017;6;15;6;3;2;6;0;1;0;0;0;0;0;10.536421676;52.374127544
2;3;60;23;2017;6;16;6;3;2;6;0;1;0;0;0;0;0;10.504923766;52.885685635
2;4;59;8;2017;6;14;5;3;8;1;0;1;0;0;0;0;0;8.124748677;52.321151615
2;4;59;8;2017;6;15;5;3;6;4;0;0;1;0;1;0;0;8.139378684;52.302358932
2;3;60;6;2017;6;11;6;2;5;3;1;1;0;0;0;0;0;10.410819399;53.029079102
2;4;59;24;2017;6;17;5;3;5;3;1;1;0;0;0;0;0;8.272807632;52.209916806
2;3;54;12;2017;6;10;6;1;4;2;0;1;0;1;0;0;0;10.947279033;53.074697055
2;3;54;6;2017;6;10;6;2;4;1;0;1;0;1;0;0;0;10.865358732;53.128395516
2;4;59;6;2017;6;14;5;3;0;3;1;1;0;0;0;0;0;8.180565069;52.112114069
2;3;55;13;2017;6;17;6;2;5;3;0;1;0;1;0;0;0;10.697914614;53.189261495
2;3;55;42;2017;6;15;6;3;2;6;0;1;0;0;0;0;0;10.354166931;53.325185379
2;3;55;33;2017;6;12;6;3;5;3;0;1;0;0;0;0;0;10.493790231;53.29175578
2;3;51;12;2017;6;17;6;3;5;2;0;1;0;1;0;0;0;9.930017304;52.632848212
2;3;51;6;2017;6;18;6;3;0;6;0;1;0;0;0;0;0;10.09423632;52.617158889
2;2;41;1;2017;6;15;6;3;2;6;0;1;0;0;0;0;0;9.697725342;52.376366476
2;2;41;1;2017;6;11;6;3;2;6;0;1;0;0;0;0;0;9.697739734;52.37635617
2;4;59;14;2017;6;20;5;3;9;1;0;0;0;1;0;0;0;8.072142451;52.383889338
2;2;41;1;2017;6;16;6;3;5;3;1;1;0;0;0;0;0;9.791886755;52.335037427
2;4;4;0;2017;6;20;5;2;0;1;1;0;0;0;0;0;0;8.038443766;52.278545799
2;2;41;1;2017;6;12;6;3;5;3;0;1;0;1;0;0;0;9.727230528;52.387935336
2;4;57;14;2017;6;16;5;3;5;2;1;1;0;0;0;0;0;7.487383201;53.303827341
2;4;54;41;2017;6;20;5;3;5;3;0;1;0;0;0;0;0;7.460199243;53.041960193
2;4;54;41;2017;6;15;5;3;5;3;0;1;0;0;1;0;0;7.35427203;53.098406223
2;4;52;19;2017;6;15;5;3;4;2;1;1;0;0;0;0;1;7.185900178;53.603295467