ULAND;UJAHR;UMONAT;USTUNDE;UWOCHENTAG;UKATEGORIE;UART;UTYP1;ULICHTVERH;IstRad;IstPKW;IstFuss;IstKrad;IstGkfz;IstSonstig;STRZUSTAND;XGCSWGS84;YGCSWGS84
2;2;41;1;2017;6;9;6;3;6;4;0;1;1;0;0;0;0;9.800053457;52.406780654
2;4;52;25;2017;6;23;5;3;0;7;1;0;0;0;0;2;0;7.736489778;53.415166445
2;4;52;1;2017;6;18;5;3;9;1;0;1;0;0;0;0;0;7.631592611;53.518913366
2;2;41;17;2017;6;14;6;3;0;2;1;0;1;0;1;0;0;9.670721872;52.238940966
2;4;52;1;2017;6;12;5;3;2;6;0;1;0;0;0;0;1;7.45780875;53.471790353
2;2;41;17;2017;6;11;6;3;5;3;1;0;0;0;1;0;0;9.555835395;52.204809421
2;4;52;23;2017;6;14;5;3;5;2;0;0;0;1;1;0;0;7.403779784;53.476841225
2;2;41;14;2017;6;12;6;3;5;3;0;1;0;0;1;0;0;9.679821956;52.309580211
2;2;41;16;2017;6;16;6;3;9;7;0;1;0;0;0;0;0;9.909578878;52.314267073
2;4;52;1;2017;6;13;5;3;2;6;0;1;0;0;0;0;0;7.483864356;53.472369797
2;2;41;10;2017;6;12;6;3;4;2;1;1;0;0;0;0;0;9.74181378;52.437575128
2;2;41;18;2017;6;15;6;3;5;3;0;1;0;0;1;0;0;10.1332961;52.459140038
2;2;41;17;2017;6;18;6;2;7;7;1;0;0;0;1;0;0;9.603681071;52.190306068
2;2;41;12;2017;6;20;6;2;2;6;1;0;0;0;0;0;0;9.582617299;52.640361412
2;4;53;5;2017;6;9;5;2;4;2;0;0;0;0;1;0;1;8.229978791;52.854611095
2;4;55;15;2017;6;15;5;3;3;7;0;1;0;0;0;0;1;7.967811813;53.544916666
2;4;55;15;2017;6;8;5;2;8;1;0;1;0;0;0;0;0;8.020931905;53.5207783
2;4;55;7;2017;6;15;5;3;5;3;1;1;0;0;0;0;1;7.889151515;53.568776664
2;4;5;0;2017;6;16;5;3;2;6;0;1;0;0;1;0;0;8.065860489;53.526632345
2;2;56;25;2017;6;18;6;3;2;6;0;0;0;1;1;0;0;9.229102827;52.479834693
2;4;5;0;2017;6;16;5;3;5;3;0;1;0;0;0;0;1;8.080981458;53.533312029
2;4;3;0;2017;6;13;5;3;2;6;0;1;0;0;1;0;1;8.193649439;53.150396142
2;2;54;17;2017;6;13;6;3;6;4;0;1;1;0;0;0;0;9.915297369;52.202495656
2;4;51;2;2017;6;4;5;3;8;1;0;1;0;0;0;0;0;8.077030914;53.206461884
2;4;51;4;2017;6;6;5;3;5;3;0;1;0;0;0;0;0;7.929249806;53.122057174
2;2;54;17;2017;6;7;6;3;5;3;0;1;0;0;0;0;0;9.911972144;52.206888624
2;2;51;37;2017;6;13;5;2;4;6;0;1;0;0;1;0;0;8.708213261;52.970325369
2;2;51;41;2017;6;20;5;3;8;1;0;0;0;1;0;0;0;8.904168719;52.871998995
2;2;54;13;2017;6;6;6;3;0;1;0;0;0;1;0;0;0;9.707997136;52.067241474
2;4;61;5;2017;6;17;5;3;2;6;0;1;0;0;0;0;0;8.263953492;53.377863847
2;2;54;5;2017;6;7;6;3;5;3;0;1;0;1;0;0;0;9.988633885;52.030842505
2;4;1;0;2017;6;7;5;3;1;5;1;0;0;0;1;0;0;8.617960364;53.063356688
2;2;54;21;2017;6;16;6;2;9;7;0;1;0;0;0;0;0;9.982201412;52.107116979
2;2;54;21;2017;6;9;6;3;2;6;0;1;0;0;1;0;0;9.891625137;52.159466236
2;3;53;29;2017;6;17;5;3;2;6;0;1;0;0;0;0;0;9.920290439;53.411981389
2;2;55;9;2017;6;19;6;3;9;1;0;1;0;0;0;0;0;9.407886469;51.687123378
2;2;55;30;2017;6;9;6;3;0;7;0;1;0;0;1;0;0;9.56251114;51.881111709
2;2;52;5;2017;6;13;6;3;2;6;0;1;0;1;0;0;0;9.390090202;52.047938688
2;2;52;6;2017;6;12;6;3;2;6;0;1;0;0;0;0;0;9.376889127;52.103780284
2;1;55;9;2017;6;14;6;3;2;6;0;1;0;0;0;0;0;9.91549559;51.657955537
2;1;59;7;2017;6;17;6;3;9;1;0;1;0;0;0;0;0;9.887728098;51.583040422
2;1;57;5;2017;6;19;6;3;5;3;1;1;0;0;0;0;0;10.304802269;52.205429276
2;3;59;38;2017;6;14;5;3;2;6;0;1;0;1;0;0;1;9.458392684;53.586385991
2;1;2;0;2017;6;14;6;3;2;7;0;1;0;1;0;0;0;10.451853145;52.178895672
2;3;58;22;2017;6;11;5;2;2;6;0;1;0;0;0;0;1;9.604637313;52.854778137
2;1;53;504;2017;6;12;6;1;2;1;0;0;0;1;0;0;0;10.653159549;51.652552781
2;3;58;21;2017;6;18;5;3;5;3;1;1;0;0;0;0;0;9.841586843;52.986715275
2;3;58;21;2017;6;17;5;3;1;7;0;1;0;0;0;0;0;9.864786184;53.024251186
2;1;53;504;2017;6;18;6;3;3;2;0;1;0;1;0;0;0;10.2694138;51.80808157
2;3;55;29;2017;6;8;5;3;5;2;0;1;0;0;0;0;0;10.213345375;53.099504568
2;3;51;6;2017;6;17;5;3;5;3;1;1;0;0;0;0;0;10.057933157;52.653099464
2;1;53;18;2017;6;15;6;3;0;1;0;0;0;1;0;0;0;10.306084813;51.803964255
2;2;41;1;2017;6;7;5;3;0;1;1;0;0;0;0;0;1;9.718249861;52.394267579
2;2;41;17;2017;6;13;5;3;5;2;0;1;0;0;1;0;0;9.635865999;52.196326839
2;2;41;19;2017;6;16;5;3;5;3;0;1;0;0;0;0;0;9.784652964;52.519850449
2;2;41;10;2017;6;12;5;3;6;4;0;1;1;0;0;0;0;9.744592853;52.45344693
2;1;51;31;2017;6;16;6;3;0;6;0;1;0;0;0;0;0;10.821214299;52.526461625
2;2;41;1;2017;6;10;5;3;0;1;1;0;0;0;0;0;1;9.799881484;52.407575134
2;2;41;1;2017;6;9;5;2;5;3;1;1;0;0;0;0;1;9.726782768;52.375721164
2;1;51;34;2017;6;16;6;3;2;6;0;1;0;0;0;0;0;10.536931459;52.372754135
2;2;41;1;2017;6;16;5;2;5;2;1;1;0;0;0;0;0;9.750867131;52.369367893
2;1;51;9;2017;6;14;6;3;2;6;0;1;0;0;1;0;0;10.567267015;52.496339352
2;2;57;35;2017;6;7;5;3;5;2;0;0;0;1;1;0;1;9.188628377;52.323081724
2;4;4;0;2017;6;17;5;3;2;6;0;1;0;0;0;0;0;7.970020197;52.268454281
2;4;59;12;2017;6;16;5;2;2;6;0;1;0;1;0;0;0;8.136307427;52.247956225
2;2;54;5;2017;6;1;5;2;9;1;0;1;0;0;0;2;1;10.049609901;52.092477178
2;4;59;14;2017;6;15;5;3;0;1;1;0;0;0;0;0;0;7.876075969;52.446954319
2;4;4;0;2017;6;13;5;3;5;3;1;0;0;0;1;0;0;8.038448947;52.276303967
2;4;4;0;2017;6;12;5;3;2;6;0;1;0;0;0;0;0;8.034323959;52.242865912
2;4;4;0;2017;6;9;5;3;5;3;1;1;0;0;0;0;0;8.040266907;52.272990505
2;4;57;8;2017;6;20;5;3;5;2;1;0;0;0;1;0;0;7.625231069;53.239974134
2;1;59;16;2017;6;7;5;3;5;3;0;1;0;0;1;0;1;9.886567753;51.527442285
2;1;58;6;2017;6;9;5;3;5;3;0;1;0;0;0;0;0;10.656279949;52.292422223
2;1;58;37;2017;6;10;5;3;1;7;1;1;0;0;0;0;1;10.533795732;52.156221781
2;1;58;37;2017;6;16;5;3;5;3;0;1;0;0;0;0;0;10.515638283;52.17377992
2;1;57;7;2017;6;20;5;3;5;3;1;1;0;0;0;0;0;10.40147079;52.258629083
2;4;51;7;2017;6;11;5;3;2;6;0;1;0;0;1;0;0;7.840884577;53.286677255
2;1;2;0;2017;6;8;5;2;5;3;0;1;0;1;0;0;0;10.450220017;52.177539833
2;1;2;0;2017;6;11;5;2;5;2;1;1;0;0;0;0;1;10.328931312;52.165161206
2;4;54;58;2017;6;14;5;3;2;6;0;1;0;0;0;0;0;7.507765022;52.872981404
2;1;51;20;2017;6;16;5;3;3;6;0;1;0;0;0;0;0;10.66927636;52.47230462
2;4;54;11;2017;6;17;5;3;2;2;0;1;0;0;0;0;0;7.627419761;52.974846432
2;4;4;0;2017;6;14;4;3;5;2;1;1;0;0;0;0;1;8.035021675;52.271537015
2;4;54;51;2017;6;8;5;3;5;3;0;1;0;0;0;0;0;7.5252564;52.965499544
2;4;4;0;2017;6;15;4;3;4;2;1;1;0;0;0;0;1;8.05017305;52.264357885
2;4;54;18;2017;6;16;5;3;5;3;1;1;0;0;0;0;0;7.250990798;52.754095842
2;4;54;19;2017;6;14;5;3;5;3;1;1;0;0;0;0;0;7.556990033;52.694400832
2;4;54;35;2017;6;19;5;3;2;2;0;1;0;0;0;0;0;7.28370335;52.682316602
2;4;54;32;2017;6;16;5;3;2;6;0;1;0;0;0;0;0;7.386115591;52.50958407
2;4;62;3;2017;6;11;5;3;5;2;1;1;0;0;0;0;0;7.610267152;53.643528295
2;4;52;19;2017;6;20;5;2;8;1;1;0;0;0;0;0;0;7.233364801;53.57799766
2;4;52;25;2017;6;14;5;3;5;3;1;1;0;0;0;0;0;7.737321219;53.415666851
2;4;53;7;2017;6;21;5;3;8;1;0;1;0;1;0;0;0;7.79991636;52.973912144
2;4;60;6;2017;6;11;5;3;5;3;1;1;0;0;0;0;0;8.249843269;52.668151003
2;4;53;11;2017;6;16;5;3;9;6;0;1;0;0;1;0;0;7.705261527;52.727864028
2;3;56;5;2017;6;7;5;3;4;6;0;1;0;0;1;0;0;8.827269833;53.192861466
2;4;4;0;2017;6;10;4;3;3;2;1;1;0;0;0;0;1;8.040929397;52.272071006
2;3;56;7;2017;6;11;5;3;6;2;0;1;1;0;0;0;0;8.782644651;53.230542116
2;4;54;41;2017;6;12;4;2;5;3;0;1;0;0;0;0;1;7.407592708;53.056727771
2;3;61;1;2017;6;7;5;3;2;6;0;1;0;1;0;0;0;9.046954381;53.004991758
2;4;56;23;2017;6;12;4;3;2;6;0;1;0;0;1;0;0;6.891627907;52.498438278
2;3;61;6;2017;6;12;5;3;4;2;0;1;0;0;1;0;0;9.174669972;52.977336807
2;4;56;25;2017;6;22;4;3;5;3;0;1;0;0;0;2;0;7.216797396;52.492745716
2;3;61;12;2017;6;16;5;3;2;6;0;1;0;0;0;0;0;9.237720857;52.952919215
2;4;54;29;2017;6;17;4;3;8;1;0;1;0;0;0;0;1;7.316412164;52.826614911
2;4;55;14;2017;6;19;5;3;5;3;0;1;0;0;0;0;0;8.002608234;53.522366363
2;2;51;41;2017;6;18;5;2;5;2;0;1;0;0;0;0;0;8.828313113;52.916072518
2;4;54;35;2017;6;13;4;3;5;3;0;1;0;0;0;0;1;7.268794414;52.6939071
2;2;51;44;2017;6;7;5;3;3;2;0;1;0;1;0;0;0;8.692732742;52.53162051
2;3;57;39;2017;6;9;5;3;5;2;1;1;0;0;0;0;0;9.409606827;53.110701425
2;3;60;9;2017;6;13;5;2;5;3;0;1;0;0;0;0;0;10.429719484;52.957744562
2;4;52;23;2017;6;15;4;2;2;6;0;1;0;0;1;0;1;7.385568099;53.481359094
2;4;53;13;2017;6;13;4;3;0;3;0;0;0;1;1;0;1;7.67911854;53.102499601
2;3;60;30;2017;6;7;5;2;5;3;0;1;0;0;0;0;0;10.589339132;52.898181347
2;4;60;7;2017;6;18;4;3;2;2;0;1;0;0;0;0;0;8.094529612;52.481509992
2;3;55;24;2017;6;8;5;3;2;6;0;1;0;0;0;0;0;10.416934765;53.175590725
2;4;53;9;2017;6;16;4;3;0;1;0;0;0;1;0;0;1;7.94653437;52.817299955
2;4;5;0;2017;6;13;4;3;8;1;0;1;0;0;0;0;1;8.044767608;53.607459022
2;3;51;6;2017;6;13;5;3;9;1;0;1;0;0;0;0;0;10.056895228;52.635609767
2;4;5;0;2017;6;7;4;3;2;2;0;1;0;0;0;0;1;8.035868132;53.619087965
2;4;5;0;2017;6;8;4;3;5;3;0;1;0;0;1;0;0;8.145301396;53.528566102
2;2;41;1;2017;6;8;5;3;3;6;0;1;0;0;1;0;0;9.664594299;52.384324302
2;3;56;11;2017;6;6;4;3;8;1;0;1;0;0;0;0;0;8.957406192;53.24853361
2;2;41;9;2017;6;11;5;3;5;3;1;1;0;0;0;0;0;9.832462067;52.280512063
2;3;56;7;2017;6;17;4;2;0;2;0;1;0;0;0;0;1;8.775807047;53.297951339
2;2;41;1;2017;6;22;5;3;5;3;1;1;0;0;0;2;0;9.733629521;52.384806488
2;4;51;5;2017;6;5;4;2;5;3;0;1;0;0;0;1;0;8.240194193;53.221524039
2;2;41;1;2017;6;5;5;3;6;6;1;0;1;0;0;1;0;9.736219289;52.399080096
2;2;41;21;2017;6;9;5;3;6;4;0;1;1;0;0;0;0;9.427614899;52.430955038
2;2;41;19;2017;6;12;5;3;3;6;0;1;0;0;1;0;0;9.617710357;52.53527424
2;2;41;11;2017;6;6;5;3;2;6;0;1;0;0;0;0;0;9.90801568;52.357094116
2;2;41;10;2017;6;16;5;3;2;6;0;1;0;0;1;0;0;9.71536406;52.440801123
2;4;51;2;2017;6;12;4;3;4;6;0;1;0;0;0;0;1;8.040616434;53.20352193
2;2;41;4;2017;6;18;5;3;0;3;1;1;0;0;0;0;0;9.853556177;52.565253094
2;2;41;18;2017;6;6;5;3;3;2;0;1;0;0;0;0;0;10.260030321;52.478457901
2;4;3;0;2017;6;13;4;3;5;2;1;0;0;0;1;0;1;8.220545098;53.146542042
2;2;41;1;2017;6;15;5;3;2;6;0;1;0;1;0;0;0;9.720987617;52.341377148
2;2;41;1;2017;6;14;5;2;5;3;0;1;0;0;1;0;0;9.805359172;52.408153283
2;4;58;14;2017;6;18;4;3;4;7;0;1;0;0;0;0;0;8.417874263;52.90267267
2;2;41;1;2017;6;8;5;3;4;6;1;0;0;0;0;0;0;9.734022788;52.387036143
2;2;41;1;2017;6;6;5;3;2;6;0;1;0;0;0;0;0;9.667839622;52.42789474
2;2;56;29;2017;6;20;5;3;2;2;0;1;0;1;1;0;0;9.442694702;52.648123123
2;2;56;22;2017;6;15;5;3;4;2;1;1;0;0;0;0;0;9.220507814;52.638469309
2;2;54;22;2017;6;14;5;3;5;3;1;1;0;0;0;0;0;10.108619037;52.108711568
2;3;52;60;2017;6;12;4;2;5;3;0;1;0;0;0;0;1;8.578548567;53.370872895
2;3;52;55;2017;6;15;4;2;4;1;0;1;0;0;0;0;1;8.754504222;53.731084618
2;2;54;5;2017;6;9;5;2;2;2;1;1;0;0;0;0;0;10.042709428;52.102525276
2;3;53;26;2017;6;15;4;3;4;1;0;1;0;0;0;0;1;9.748470869;53.490415213
2;2;52;1;2017;6;16;5;3;2;6;0;1;0;0;1;0;0;9.217052805;52.017174292
2;3;53;31;2017;6;17;4;3;2;6;0;1;0;0;0;0;1;10.008618694;53.406527271
2;3;53;31;2017;6;18;4;3;5;3;0;1;0;1;0;0;1;10.000485721;53.405891794
2;2;52;1;2017;6;8;5;3;5;3;0;1;0;0;0;0;0;9.304333572;52.066393971
2;1;3;0;2017;6;23;5;2;3;7;0;1;0;1;0;2;0;10.727383692;52.424770206
2;3;59;2;2017;6;1;4;2;9;1;0;1;0;0;0;2;0;9.525493125;53.4093256
2;3;59;35;2017;6;6;4;2;5;2;0;1;0;0;0;0;0;9.191687893;53.789777623
2;1;3;0;2017;6;9;5;3;0;3;0;1;0;0;0;0;0;10.773564517;52.35197316
2;3;59;11;2017;6;20;4;3;9;1;0;1;0;0;0;0;1;9.516270971;53.51797223
2;1;58;37;2017;6;21;5;3;5;3;0;1;0;1;0;1;0;10.525680372;52.161089673
2;3;58;20;2017;6;6;4;3;5;3;0;1;0;0;0;0;0;9.602124815;52.68509433
2;1;58;2;2017;6;16;5;3;4;2;0;1;0;0;1;0;0;10.242539155;52.085224222
2;1;2;0;2017;6;14;5;3;4;6;0;1;0;0;0;0;0;10.423500581;52.095455802
2;1;51;28;2017;6;13;5;3;3;6;1;1;0;0;0;0;0;10.48824948;52.801813613
2;1;51;6;2017;6;8;5;3;5;3;0;1;0;1;0;0;0;10.620800236;52.421541422
2;4;4;0;2017;5;18;4;3;3;6;0;1;0;0;1;0;0;8.089775632;52.250644074
2;1;51;1;2017;6;15;6;3;3;6;1;1;0;0;0;0;0;10.454604111;52.395300627
2;4;59;4;2017;6;14;5;3;2;6;0;1;0;0;0;0;0;8.025357146;52.123044138
2;4;59;19;2017;6;16;5;3;5;3;1;0;0;0;0;0;0;8.006561137;52.221599793
2;4;59;14;2017;6;21;5;3;2;6;0;1;0;0;0;1;0;8.037087931;52.364637815
2;4;59;23;2017;6;6;5;3;5;2;0;1;0;0;1;0;0;7.842002413;52.592551399
2;4;4;0;2017;6;16;5;3;2;6;0;1;0;0;0;0;0;8.034458967;52.303219944
2;4;4;0;2017;6;12;5;3;5;3;1;1;0;0;0;0;0;8.035162845;52.30092766
2;4;4;0;2017;6;9;5;3;5;3;0;1;0;0;0;0;0;8.061827632;52.246918117
2;4;57;17;2017;6;20;5;3;5;3;1;1;0;0;0;0;0;7.61410175;53.11309884
2;4;56;15;2017;6;18;5;2;5;2;1;1;0;0;0;0;0;7.06791583;52.441017061
2;4;54;10;2017;6;17;5;3;5;3;0;1;0;0;0;0;0;7.311170525;52.399596683
2;4;52;21;2017;6;20;5;3;2;6;0;1;0;0;0;0;0;7.254532093;53.551927749
2;4;52;1;2017;6;12;5;3;0;1;0;1;0;1;0;0;0;7.481963953;53.472435521
2;3;61;1;2017;6;14;5;3;2;2;0;1;0;0;1;0;0;9.004315159;53.019418644
2;4;3;0;2017;6;18;5;3;5;5;0;1;0;0;0;0;0;8.210645945;53.111721688
2;2;51;37;2017;6;19;5;2;3;6;0;1;0;0;1;0;1;8.798541888;53.006341886
2;2;51;40;2017;6;17;5;3;4;2;0;1;0;0;0;0;0;8.80934501;52.670820329
2;2;51;40;2017;6;15;5;3;4;2;0;1;0;0;0;0;0;8.80934501;52.670820329
2;4;58;14;2017;6;13;5;3;5;3;0;1;0;0;0;0;0;8.377772689;52.898930734
2;4;1;0;2017;6;18;5;3;0;1;0;0;0;1;0;0;1;8.633159291;53.050707768
2;3;52;50;2017;6;11;5;3;2;6;0;1;0;0;0;0;0;8.666901741;53.621345274
2;3;52;11;2017;6;15;5;3;2;7;0;1;0;0;0;0;0;8.733635985;53.84229685
2;3;53;31;2017;6;13;5;3;2;6;0;1;0;0;0;0;0;10.031364195;53.418720681
2;3;53;31;2017;6;6;5;3;2;6;0;1;0;0;0;0;0;10.027547043;53.403949277
2;3;53;34;2017;6;9;5;2;3;6;0;1;0;0;0;0;0;10.078471348;53.287776239
2;3;53;20;2017;6;15;5;2;5;3;0;1;0;0;0;0;0;9.925443117;53.294371025
2;3;59;28;2017;6;12;5;3;2;6;0;1;0;1;0;0;0;9.664755692;53.549989462
2;3;59;12;2017;6;17;5;1;3;6;0;0;0;1;1;0;0;9.570460739;53.544498218
2;3;58;22;2017;6;17;5;3;3;6;0;1;0;0;0;0;0;9.668869956;52.778476135
2;3;60;24;2017;6;14;5;2;9;7;0;1;0;0;0;0;0;10.733945222;52.944526371
2;3;54;9;2017;6;18;5;3;5;3;1;1;0;0;0;0;0;11.043637054;53.147907817
2;3;55;49;2017;6;13;5;2;9;1;0;0;0;1;0;0;0;10.956201756;53.26419045
2;3;55;24;2017;6;16;5;3;2;6;0;1;0;0;0;0;0;10.412224722;53.185304707
2;3;55;24;2017;6;16;5;3;9;1;1;0;0;0;0;0;0;10.411885349;53.185194285
2;3;55;1;2017;6;14;5;3;2;6;0;1;0;0;0;0;0;10.427293302;53.297348154
2;3;51;6;2017;6;16;5;3;3;6;1;1;0;0;0;0;0;10.092575266;52.62765885
2;2;41;1;2017;6;11;5;3;2;6;0;1;0;0;0;0;0;9.779778934;52.327558827
2;2;41;15;2017;6;15;5;3;5;3;1;0;0;0;1;0;0;9.64648319;52.399327334
2;2;41;15;2017;6;20;5;3;9;1;0;1;0;0;0;0;1;9.591219912;52.373884641
2;2;41;19;2017;6;15;5;3;5;2;0;1;0;0;1;0;0;9.629429395;52.54934841
2;2;41;11;2017;6;7;5;3;3;2;1;1;0;0;0;0;0;9.971487211;52.369218036
2;2;41;1;2017;6;23;5;3;0;1;1;0;0;0;0;2;1;9.835102766;52.361286047
2;2;41;1;2017;6;19;5;2;3;6;0;1;0;1;0;1;0;9.781359356;52.425072429
2;2;57;31;2017;6;11;5;3;2;6;0;1;0;0;1;0;0;9.13174673;52.202635708
2;2;56;5;2017;6;14;5;3;4;6;0;1;0;0;1;0;0;9.217002903;52.687371252
2;2;54;29;2017;6;19;5;2;9;1;0;0;0;1;0;0;0;10.101006306;52.181331459
2;2;54;42;2017;6;17;5;3;8;7;0;0;0;1;0;0;1;9.869646024;51.917712757
2;2;54;21;2017;6;15;5;3;5;3;0;1;0;0;0;0;0;9.919330125;52.1023118
2;2;52;4;2017;6;6;5;3;5;3;0;1;0;0;0;0;0;9.478392081;52.127315691
2;2;52;7;2017;6;7;5;3;4;2;0;1;0;0;0;0;0;9.270503447;52.167653741
2;1;59;17;2017;6;9;5;3;4;2;0;1;0;1;0;0;0;9.6504884;51.411467134
2;1;59;10;2017;6;19;5;3;8;1;0;0;0;1;0;1;0;10.300403833;51.546118379
2;1;59;11;2017;6;10;5;3;5;3;0;1;0;0;0;0;0;10.054223866;51.593124759
2;1;59;16;2017;6;20;5;3;5;2;0;1;0;0;0;0;1;9.888151361;51.557813963
2;1;59;17;2017;6;20;5;3;1;7;0;0;0;0;1;0;1;9.782676393;51.395966595
2;1;59;16;2017;6;17;5;2;4;2;1;0;0;0;0;0;0;9.938839761;51.509234008
2;1;59;16;2017;6;7;5;3;5;3;1;1;0;0;0;0;0;9.909290756;51.533917935
2;1;59;16;2017;6;6;5;3;2;6;0;1;0;0;0;0;0;9.951430553;51.519204949
2;1;59;16;2017;6;1;5;3;2;6;0;1;0;1;0;2;0;9.940039168;51.523854852
2;1;58;27;2017;6;6;5;3;2;7;0;1;0;0;0;0;0;10.733013083;52.16833625
2;1;53;8;2017;6;15;5;2;4;1;0;1;0;0;1;0;0;10.459271286;52.021625437
2;1;53;504;2017;6;14;5;3;4;6;1;0;0;0;1;0;0;10.303438115;51.893066396
2;1;53;17;2017;6;15;5;3;5;3;1;1;0;0;0;0;0;10.441443029;51.912759729
2;1;51;40;2017;6;21;5;3;5;2;1;1;0;0;0;2;1;10.715327032;52.729312618
2;1;3;0;2017;6;13;5;3;9;1;0;1;0;0;0;0;0;10.738373132;52.423835662
2;1;57;6;2017;6;5;5;3;2;6;0;0;0;0;1;0;0;10.15619185;52.36052494
2;4;4;0;2017;6;17;4;3;2;6;0;1;0;0;1;0;0;8.019528343;52.251583945
2;4;59;24;2017;6;10;4;3;4;6;0;1;0;0;0;0;0;8.48353764;52.168546764
2;4;59;6;2017;6;18;4;3;2;6;0;1;0;0;0;0;0;8.157981411;52.101343285
2;4;59;4;2017;6;7;4;3;5;2;0;1;0;1;0;0;0;8.034969533;52.149692188
2;4;57;18;2017;6;19;4;3;8;1;0;1;0;0;0;0;0;7.528146472;53.186201391
2;4;56;2;2017;6;15;4;3;1;5;0;1;0;0;1;0;0;6.840655383;52.606691785
2;4;54;35;2017;6;5;4;3;5;3;1;1;0;0;0;0;0;7.289289102;52.693750184
2;4;54;17;2017;6;21;4;2;5;3;0;1;0;0;0;0;0;7.604932888;52.570740586
2;4;53;4;2017;6;8;4;3;2;2;0;1;0;0;0;0;0;8.093312999;52.874089618
2;3;56;2;2017;6;10;4;3;2;2;0;0;0;1;0;0;0;9.034226258;53.126457864
2;3;61;2;2017;6;17;4;3;2;6;0;1;0;0;0;0;0;9.139727738;52.928415063
2;3;61;12;2017;6;12;4;3;2;6;0;1;0;1;0;0;0;9.267821575;52.939485932
2;4;51;8;2017;6;14;4;3;5;7;1;1;0;0;0;0;0;8.177753085;53.189421586
2;4;51;8;2017;6;11;4;3;5;3;0;1;0;0;0;0;0;8.173086842;53.18480405
2;4;51;2;2017;6;8;4;3;2;6;0;1;0;0;0;0;0;8.032335708;53.180900075
2;2;51;47;2017;6;21;4;3;5;2;0;1;0;0;0;0;0;8.823566571;52.987615051
2;2;51;30;2017;6;16;4;2;5;3;0;1;0;0;0;0;0;8.492608661;52.605241396
2;3;52;63;2017;6;20;4;3;4;2;0;1;0;1;0;0;0;9.05633753;53.772668822
2;3;53;9;2017;6;17;4;3;0;3;0;0;0;1;0;0;0;10.083259416;53.19159626
2;3;53;5;2017;6;15;4;3;5;3;1;1;0;0;0;0;0;9.876102652;53.301354992
2;3;59;9;2017;6;9;4;2;3;2;0;0;0;1;1;0;0;9.29548126;53.612806165
2;3;59;38;2017;6;20;4;3;9;1;0;0;0;1;0;0;0;9.441092083;53.623293028
2;3;58;22;2017;6;4;4;3;2;6;0;0;0;0;1;0;0;9.590875227;52.837790674
2;3;58;7;2017;6;11;4;3;2;6;0;0;0;0;1;0;0;9.687689961;52.692819935
2;3;58;21;2017;6;19;4;2;7;7;0;0;0;1;0;0;0;9.805981807;53.004870372
2;3;58;21;2017;6;11;4;3;8;1;0;1;0;0;0;0;0;9.794500057;52.952301155
2;3;57;52;2017;6;21;4;1;9;1;0;0;0;1;0;0;0;9.094368167;53.160443367
2;3;57;40;2017;6;22;4;3;8;7;0;1;0;0;0;2;0;9.126835255;53.407919434
2;3;60;16;2017;6;7;4;2;8;7;0;1;0;0;0;0;0;10.703139446;52.979454904
2;3;60;25;2017;6;18;4;3;0;3;1;1;0;0;0;0;0;10.479559229;52.954938156
2;3;55;16;2017;6;9;4;3;2;6;0;1;0;0;0;0;0;10.330239339;53.187297072
2;2;41;1;2017;6;18;4;3;4;2;1;1;0;0;0;0;0;9.729892108;52.383990087
2;2;41;1;2017;6;12;4;3;2;6;0;1;0;0;0;0;0;9.734032159;52.412602377
2;2;41;1;2017;6;14;4;3;2;6;0;1;0;0;0;0;0;9.707882917;52.409924847
2;2;41;6;2017;6;10;4;3;2;6;0;1;0;0;1;0;0;9.593855321;52.333710362
2;2;41;16;2017;6;16;4;3;2;6;0;1;0;0;0;0;0;9.956348648;52.3190384
2;2;41;16;2017;6;13;4;3;2;2;0;1;0;0;0;0;0;9.945259834;52.333456759
2;2;41;10;2017;6;7;4;3;0;7;1;1;0;0;0;0;0;9.752760183;52.452714061
2;2;41;8;2017;6;19;4;2;5;3;1;1;0;0;0;0;0;9.810899281;52.458395643
2;2;41;1;2017;6;17;4;3;2;6;0;1;0;0;0;0;0;9.786108283;52.372249511
2;2;41;2;2017;6;15;4;2;9;1;0;1;0;0;0;0;0;9.479428684;52.334719121
2;2;41;1;2017;6;15;4;3;3;3;0;1;0;0;1;0;0;9.807178524;52.336124916
2;2;41;10;2017;6;14;4;2;6;4;0;1;1;0;0;0;0;9.728501322;52.454112883
2;2;41;1;2017;6;10;4;3;2;6;0;1;0;0;0;0;0;9.65472836;52.425210744
2;2;57;31;2017;6;8;4;2;2;6;0;0;0;0;1;0;0;9.188979921;52.216906477
2;2;41;5;2017;6;8;4;3;2;6;0;1;0;0;1;0;0;9.599054489;52.423080342
2;1;55;13;2017;6;17;4;3;5;3;1;1;0;0;0;0;0;9.927829897;51.761676092
2;1;55;10;2017;6;17;4;3;6;2;0;1;1;0;0;0;0;9.933338335;51.626636215
2;2;57;31;2017;6;19;4;3;2;6;0;1;0;1;0;0;0;9.167319713;52.198419253
2;2;54;22;2017;6;19;4;3;9;6;0;1;0;0;0;0;0;10.140776713;52.073494885