ULAND;UJAHR;UMONAT;USTUNDE;UWOCHENTAG;UKATEGORIE;UART;UTYP1;ULICHTVERH;IstRad;IstPKW;IstFuss;IstKrad;IstGkfz;IstSonstig;STRZUSTAND;XGCSWGS84;YGCSWGS84
2;2;54;8;2017;6;18;4;2;4;2;1;1;0;0;0;0;0;10.09593821;51.966599716
2;2;52;4;2017;6;5;4;3;0;7;0;0;0;1;0;0;0;9.530861625;52.122058797
2;1;58;12;2017;6;18;4;3;8;1;0;1;0;0;0;0;0;10.688829669;52.205674998
2;1;58;39;2017;6;16;4;2;8;1;0;1;0;0;0;0;0;10.542427601;52.052853126
2;1;2;0;2017;6;17;4;3;4;2;0;1;0;0;0;0;0;10.31383611;52.036339286
2;1;57;9;2017;6;4;4;3;6;7;1;0;1;0;0;1;0;10.222468239;52.26888575
2;1;57;2;2017;6;19;4;3;8;1;0;1;0;0;0;0;0;10.09379293;52.269506434
2;1;53;504;2017;6;15;4;3;2;6;0;1;0;0;0;0;0;10.439434188;51.833336127
2;1;53;2;2017;6;10;4;3;2;6;0;1;0;0;0;0;0;10.555510648;51.915544839
2;1;53;8;2017;6;15;4;3;0;6;0;1;0;0;0;0;0;10.377485143;51.984381047
2;1;51;2;2017;6;5;4;3;7;7;0;0;0;1;0;0;0;10.778827045;52.525456449
2;4;59;10;2017;6;7;3;3;5;3;1;1;0;0;0;0;0;7.958204571;52.556465858
2;4;54;41;2017;6;22;3;3;8;6;0;1;0;0;0;2;0;7.391155849;53.07609223
2;4;54;39;2017;6;8;3;3;4;2;0;1;0;0;1;0;0;7.226307177;52.877506011
2;4;54;32;2017;6;15;3;3;2;2;0;1;0;0;1;0;0;7.346240058;52.522692806
2;4;62;3;2017;6;17;3;3;0;7;0;1;1;0;0;0;0;7.611253446;53.643110391
2;4;52;1;2017;6;10;3;2;8;1;0;1;0;0;0;0;0;7.535988523;53.429694754
2;4;55;20;2017;6;10;3;3;8;1;0;1;0;0;0;0;0;7.930197793;53.621054432
2;4;5;0;2017;6;16;3;2;5;3;1;1;0;0;0;0;0;8.085281717;53.573427115
2;3;56;2;2017;6;22;3;3;1;5;0;1;0;0;0;2;0;8.98401732;53.181211474
2;3;56;5;2017;6;9;3;3;0;1;1;0;0;0;0;0;0;8.908123525;53.142504178
2;3;61;1;2017;6;11;3;3;6;5;0;1;1;0;0;0;0;9.04833668;53.004598688
2;3;61;12;2017;6;17;3;3;4;2;0;1;0;0;0;0;0;9.246302163;52.924702849
2;3;61;12;2017;6;7;3;3;5;3;1;1;0;0;0;0;0;9.233589899;52.948191165
2;4;3;0;2017;6;8;3;3;2;6;0;1;0;0;0;0;0;8.193646991;53.150382689
2;4;51;1;2017;6;18;3;2;5;2;1;1;0;0;0;0;0;7.757572984;53.219807592
2;4;51;4;2017;6;16;3;3;5;3;1;1;0;0;0;0;0;7.975377747;53.120762689
2;4;51;4;2017;6;12;3;2;0;1;1;0;0;0;0;0;0;8.091814243;53.115639558
2;4;3;0;2017;6;14;3;3;5;2;1;1;0;0;0;0;0;8.210853101;53.142562609
2;2;51;49;2017;6;17;3;3;2;6;0;1;0;0;1;0;0;8.97126651;52.804512461
2;2;51;44;2017;6;21;3;3;5;3;1;1;0;0;0;0;0;8.567158153;52.56723086
2;4;61;2;2017;6;15;3;2;7;7;1;0;0;0;1;0;0;8.48303191;53.304121041
2;3;52;32;2017;6;23;3;3;9;1;0;1;0;0;0;2;0;8.610039611;53.471257371
2;3;53;40;2017;6;21;3;3;8;1;0;1;0;0;0;1;0;10.194823382;53.293803012
2;3;53;35;2017;6;14;3;3;5;3;1;1;0;0;0;0;0;9.714282421;53.279463787
2;3;57;57;2017;6;12;3;3;5;3;1;1;0;0;0;0;0;9.271021308;53.321916488
2;3;51;15;2017;6;19;3;1;8;1;0;0;0;1;0;0;0;10.314632814;52.581607448
2;2;41;1;2017;6;14;3;3;2;3;0;0;0;1;0;0;0;9.719158876;52.347350901
2;2;41;9;2017;6;17;3;3;6;6;0;1;1;0;0;0;0;9.786890566;52.319098315
2;2;41;15;2017;6;13;3;3;9;7;0;0;0;0;1;0;0;9.530436504;52.364447155
2;2;41;12;2017;6;13;3;3;4;6;0;1;0;0;0;0;0;9.45587226;52.481955835
2;2;41;12;2017;6;20;3;3;8;1;1;0;0;0;0;0;0;9.351961304;52.500630107
2;2;41;5;2017;6;16;3;3;2;2;0;1;0;0;0;0;0;9.605050233;52.453608564
2;2;41;19;2017;6;17;3;3;2;6;0;1;0;0;0;0;0;9.772931669;52.520453994
2;2;41;11;2017;6;17;3;3;5;3;0;1;0;0;0;0;0;10.014501261;52.382816408
2;2;41;1;2017;6;16;3;3;0;7;0;1;0;0;1;0;0;9.82833424;52.41632321
2;2;41;1;2017;6;8;3;3;2;6;0;1;0;0;1;0;0;9.884810247;52.39875614
2;2;41;1;2017;6;11;3;3;2;6;0;0;0;0;1;0;0;9.708812175;52.429656724
2;2;41;1;2017;6;8;3;3;6;4;0;1;1;0;0;0;0;9.740445284;52.368060635
2;1;55;11;2017;6;13;3;3;5;3;1;0;0;0;1;0;0;10.041245352;51.759010601
2;2;52;4;2017;6;20;3;3;2;6;0;1;0;0;1;0;0;9.555394303;52.1162284
2;2;52;5;2017;6;6;3;3;5;3;0;1;0;0;0;0;0;9.374661481;52.047517552
2;1;59;16;2017;6;12;3;3;5;2;1;1;0;0;0;0;0;9.926761934;51.532252295
2;1;3;0;2017;6;16;3;2;5;3;0;1;0;0;0;0;0;10.660465565;52.401260265
2;1;57;5;2017;6;14;3;2;4;2;0;1;0;0;0;0;0;10.340016311;52.186455203
2;1;2;0;2017;6;17;3;3;2;6;0;1;0;0;1;0;0;10.412853288;52.195549531
2;1;57;6;2017;6;11;3;1;2;6;0;0;0;0;1;0;0;10.15090231;52.361091443
2;1;1;0;2017;6;8;3;3;5;3;0;1;0;0;0;0;0;10.492247111;52.209545564
2;1;59;19;2017;6;11;3;2;5;2;1;1;0;0;0;0;0;10.332894133;51.650533991
2;2;57;31;2017;6;7;3;3;6;7;0;1;1;0;0;0;0;9.122156981;52.210007022
2;2;54;28;2017;6;20;3;3;5;3;0;1;0;0;0;0;0;9.84025004;52.251489453
2;2;54;43;2017;6;8;3;3;5;3;1;0;0;1;0;0;0;9.786383121;52.086616472
2;2;54;21;2017;6;11;3;3;5;3;1;1;0;0;0;0;0;9.970064702;52.136454819
2;4;59;14;2017;6;16;2;3;9;6;0;1;0;0;1;0;0;8.041835085;52.3865527
2;2;55;28;2017;6;6;3;2;4;7;0;1;0;0;0;0;0;9.614955729;51.952830326
2;2;52;2;2017;6;16;3;3;2;6;0;1;0;0;1;0;0;9.478510594;52.198633202
2;1;59;13;2017;6;9;3;2;8;1;0;1;0;0;0;0;0;9.971889697;51.397786168
2;1;58;37;2017;6;16;3;3;2;6;0;1;0;0;0;0;0;10.518266858;52.161642355
2;1;57;5;2017;6;17;3;3;2;6;0;1;0;0;0;0;0;10.313127962;52.201481544
2;1;57;5;2017;6;17;3;3;2;6;0;1;0;0;0;0;0;10.31323614;52.201406207
2;4;59;21;2017;6;17;2;3;5;3;1;1;0;0;0;0;0;7.949199957;52.256242774
2;1;57;6;2017;6;10;3;2;5;3;1;1;0;0;0;0;0;10.282016119;52.340629479
2;1;51;11;2017;6;16;3;3;5;2;0;1;0;0;0;0;0;10.607493631;52.732284333
2;4;59;29;2017;6;11;2;3;5;3;0;1;0;0;0;0;0;8.172261677;52.332333348
2;4;59;12;2017;6;10;2;3;4;2;0;1;0;0;0;0;0;8.152142787;52.265338096
2;4;59;14;2017;6;7;2;2;0;6;0;1;0;1;0;0;0;7.960369422;52.432394118
2;4;57;14;2017;6;8;2;3;5;3;1;1;0;0;0;0;0;7.49143081;53.296665776
2;4;57;21;2017;6;3;2;3;2;6;0;1;0;0;1;2;0;7.331891255;53.214096203
2;4;54;41;2017;6;5;2;2;3;6;0;1;0;1;0;0;0;7.352557466;53.102449141
2;4;54;32;2017;6;15;2;3;2;2;0;1;0;0;0;0;0;7.278020862;52.503740537
2;4;56;2;2017;6;16;2;3;5;3;1;0;0;0;1;0;0;6.853131413;52.606958801
2;4;62;3;2017;6;8;2;3;4;2;0;1;0;0;0;0;0;7.61342012;53.632995046
2;4;52;1;2017;6;15;2;2;8;1;0;0;0;0;1;0;1;7.454947292;53.499868555
2;4;53;8;2017;6;0;2;2;2;2;0;0;0;1;1;2;1;8.009267377;52.91316779
2;4;53;1;2017;6;14;2;3;4;2;0;1;0;0;0;0;0;7.747779371;53.170422214
2;4;55;27;2017;6;14;2;3;8;1;0;1;0;0;0;0;0;7.959114867;53.419696354
2;4;5;0;2017;6;11;2;2;9;1;0;1;0;0;0;0;0;8.056015166;53.57060811
2;2;51;37;2017;6;8;2;3;2;6;0;1;0;0;0;0;0;8.729186563;53.034457278
2;2;51;44;2017;6;12;2;3;4;6;0;0;0;0;1;0;0;8.7079197;52.534516101
2;4;60;5;2017;6;14;2;3;5;3;0;1;0;0;0;0;0;8.154087459;52.559827378
2;3;52;60;2017;6;6;2;3;5;3;0;1;0;0;1;0;0;8.676447845;53.355241061
2;4;60;6;2017;6;12;2;2;5;3;1;1;0;0;0;0;0;8.265758009;52.680681386
2;3;52;63;2017;6;16;2;3;5;3;0;1;0;0;1;0;0;9.057000729;53.77156057
2;4;53;3;2017;6;7;2;2;1;5;0;1;0;0;0;0;0;8.061190251;52.80926144
2;4;53;4;2017;6;10;2;2;5;3;0;1;0;0;0;0;0;7.995930836;52.816553523
2;4;5;0;2017;6;7;2;2;1;5;0;1;0;0;0;0;0;8.082111228;53.572889105
2;3;56;5;2017;6;15;2;3;4;2;0;1;0;1;0;0;0;8.821225789;53.193713572
2;3;56;5;2017;6;8;2;3;2;6;0;1;0;1;0;0;0;8.823668741;53.193444248
2;3;61;2;2017;6;16;2;3;4;2;0;1;0;0;0;0;0;9.160653123;52.919881919
2;3;61;13;2017;6;13;2;3;2;6;0;1;0;0;0;0;0;9.046993908;52.982782739
2;3;53;31;2017;6;5;2;3;3;6;0;1;0;1;0;1;0;10.015803437;53.408076547
2;3;61;5;2017;6;6;2;2;4;2;0;1;0;1;0;0;0;9.422765539;52.948960566
2;3;61;12;2017;6;20;2;3;5;3;1;0;0;0;0;0;0;9.273596215;52.90564015
2;3;58;2;2017;6;6;2;3;3;6;0;1;0;0;1;0;0;9.961427466;53.077013555
2;4;3;0;2017;6;16;2;3;2;6;0;1;0;0;0;0;0;8.187998649;53.153553619
2;3;57;24;2017;6;22;2;3;2;3;0;1;0;0;0;1;0;9.459521977;53.092457718
2;4;3;0;2017;6;17;2;2;5;3;1;1;0;0;0;0;0;8.206702275;53.101037618
2;3;54;4;2017;6;15;2;2;5;3;1;1;0;0;0;0;0;11.074775267;53.096613686
2;3;51;6;2017;6;15;2;3;5;2;0;1;0;1;0;0;0;10.058878505;52.655816542
2;2;51;47;2017;6;22;2;3;0;3;1;1;0;0;0;2;0;8.801865071;52.960501923
2;2;41;1;2017;6;21;2;3;5;2;0;1;0;0;0;0;0;9.714321613;52.362150755
2;2;41;1;2017;6;8;2;3;2;2;0;1;0;0;0;0;0;9.861541133;52.382003632
2;4;61;8;2017;6;14;2;3;9;7;0;1;0;0;0;0;0;8.301300992;53.253224923
2;4;61;1;2017;6;7;2;3;5;3;1;1;0;0;0;0;0;8.484760502;53.186938007
2;2;41;1;2017;6;7;2;3;5;2;1;1;0;0;0;0;0;9.793243567;52.415528215
2;2;41;21;2017;6;16;2;2;5;2;1;1;0;0;0;0;0;9.429986461;52.42616844
2;4;58;7;2017;6;14;2;3;0;7;1;0;0;0;0;0;0;8.27728303;52.990412417
2;2;41;21;2017;6;15;2;3;5;2;1;1;0;0;0;0;0;9.416859299;52.427819756
2;2;41;5;2017;6;19;2;3;2;6;0;1;0;0;1;0;0;9.562327395;52.449982792
2;4;58;9;2017;6;13;2;1;5;2;1;1;0;0;0;0;0;8.349589049;53.021843299
2;2;41;16;2017;6;13;2;3;5;3;1;1;0;0;0;0;0;9.963876798;52.312857739
2;3;59;28;2017;6;17;2;3;2;1;0;1;0;0;0;0;0;9.680608056;53.53252615
2;2;41;11;2017;6;8;2;3;2;6;0;1;0;0;0;0;0;9.911317972;52.355915781
2;2;41;16;2017;6;11;2;2;8;1;0;1;0;0;0;0;0;9.956553681;52.301678509
2;3;58;22;2017;6;12;2;2;8;1;0;0;0;1;0;0;0;9.596451664;52.854761545
2;3;58;21;2017;6;11;2;3;5;2;1;1;0;0;0;0;0;9.842174279;52.986746412
2;3;55;33;2017;6;7;2;3;5;3;1;1;0;0;0;0;0;10.501178678;53.286941302
2;3;51;6;2017;6;7;2;2;8;1;1;1;0;0;0;0;0;10.089647036;52.627921403
2;3;51;6;2017;6;7;2;3;2;6;0;1;0;0;0;0;0;10.108448476;52.638797709
2;2;41;1;2017;6;8;2;3;2;6;0;1;0;0;0;0;0;9.764569552;52.343049881
2;2;41;12;2017;6;15;2;3;4;6;0;1;0;0;1;0;0;9.297119416;52.496212004
2;2;41;4;2017;6;9;2;3;1;5;1;1;0;0;0;0;0;9.878943177;52.509235309
2;2;41;11;2017;6;19;2;2;2;6;0;1;0;0;1;0;0;10.032109539;52.379097829
2;2;41;1;2017;6;17;2;3;5;3;1;1;0;0;0;0;0;9.712400399;52.403702059
2;2;41;18;2017;6;21;2;3;5;3;1;1;0;0;0;1;0;10.17325436;52.432855715
2;2;41;9;2017;6;12;2;3;0;7;0;1;0;0;1;0;0;9.811648039;52.305565356
2;1;55;11;2017;6;14;2;3;4;7;0;1;0;0;0;0;0;9.976834521;51.676285928
2;2;41;1;2017;6;12;2;3;5;3;1;1;0;0;0;0;0;9.652122801;52.415920364
2;2;57;35;2017;6;8;2;3;7;7;1;0;0;0;0;0;0;9.20637393;52.320049554
2;2;41;10;2017;6;11;2;2;0;5;1;1;0;0;0;0;0;9.731824591;52.430374117
2;2;57;3;2017;6;16;2;3;2;6;0;1;0;0;1;0;0;9.135221981;52.238321628
2;2;41;1;2017;6;9;2;2;2;6;0;0;0;0;1;0;0;9.850492459;52.411142045
2;2;41;21;2017;6;5;2;2;5;2;1;1;0;0;0;0;0;9.464946595;52.407973801
2;2;54;29;2017;6;13;2;3;4;6;0;1;0;0;0;0;0;10.125552574;52.223376664
2;2;41;11;2017;6;6;2;3;3;6;0;1;0;0;1;0;0;9.898230622;52.397524856
2;2;57;35;2017;6;14;2;3;6;4;0;1;1;0;0;0;0;9.192537043;52.32408216
2;2;54;21;2017;6;17;2;3;2;6;0;1;0;0;0;0;0;9.953518497;52.156600811
2;2;54;21;2017;6;0;2;3;9;7;0;1;0;0;0;2;1;9.956257473;52.157412611
2;1;59;9;2017;6;15;2;3;0;3;0;1;0;1;0;0;0;9.76552333;51.502419819
2;1;58;37;2017;6;14;2;2;4;7;0;1;0;0;0;0;0;10.53342508;52.188546827
2;2;54;5;2017;6;0;2;3;7;7;0;1;0;0;0;2;0;10.032061833;52.085178966
2;1;57;7;2017;6;16;2;2;4;6;0;1;0;0;0;0;0;10.432430054;52.258119797
2;2;54;29;2017;6;19;2;2;8;1;0;1;0;0;0;0;0;10.094444695;52.205143543
2;1;51;8;2017;6;20;2;2;8;1;0;1;0;0;0;0;0;10.791340955;52.586598615
2;2;54;8;2017;6;21;2;3;0;7;0;0;0;1;0;1;0;10.081339364;52.047246117
2;2;54;21;2017;6;18;2;3;2;7;0;1;0;0;0;0;0;9.96430818;52.13929616
2;2;54;21;2017;6;18;2;3;2;6;0;1;0;0;0;0;0;9.981880694;52.122186707
2;2;54;21;2017;6;7;2;3;2;6;0;1;0;0;0;0;0;10.002099786;52.161406147
2;2;52;6;2017;6;12;2;3;0;7;0;0;0;0;1;0;0;9.354914561;52.110523445
2;1;51;27;2017;6;8;2;3;5;2;0;0;0;1;1;0;0;10.437499978;52.335208639
2;1;59;21;2017;6;20;2;3;8;1;0;0;0;1;0;1;0;9.827864244;51.462376057
2;1;51;13;2017;6;7;2;3;2;6;0;1;0;1;0;0;0;10.588995854;52.433866984
2;1;59;16;2017;6;8;2;3;2;6;0;1;0;0;1;0;0;9.909474381;51.53401407
2;4;59;15;2017;6;18;1;3;0;1;1;0;0;0;0;0;1;8.200701065;52.108686498
2;4;59;19;2017;6;13;1;2;0;3;0;1;0;1;0;0;0;8.009570987;52.228138509
2;1;54;14;2017;6;15;2;2;5;3;1;1;0;0;0;0;0;10.672547973;52.368718289
2;4;59;14;2017;6;19;1;3;4;1;0;1;0;0;0;0;1;7.990383571;52.392208332
2;4;4;0;2017;6;19;1;3;2;6;0;1;0;0;0;0;1;8.047529317;52.299713757
2;1;54;13;2017;6;17;2;3;8;1;0;1;0;0;0;0;0;10.854405341;52.252082708
2;4;4;0;2017;6;19;1;3;9;1;0;1;0;0;0;0;1;8.049714641;52.277326277
2;4;4;0;2017;6;15;1;3;3;6;0;1;0;1;0;0;0;8.047277396;52.267559687
2;1;54;10;2017;6;15;2;3;2;6;0;1;0;0;0;0;0;11.03734805;52.232241655
2;4;57;21;2017;6;17;1;2;3;2;0;1;0;1;0;0;0;7.334424173;53.150282251
2;1;57;9;2017;6;15;2;2;8;1;0;1;0;0;0;0;0;10.284356741;52.247848603
2;4;56;20;2017;6;18;1;3;8;1;0;1;0;0;0;0;1;7.251582206;52.292881621
2;4;56;11;2017;6;4;1;2;9;1;0;1;0;0;0;1;0;6.780291109;52.511574794
2;1;57;6;2017;6;8;2;3;2;6;0;1;0;0;0;0;0;10.265577091;52.297380285
2;1;57;6;2017;6;18;2;3;2;6;0;1;0;0;0;0;0;10.224689387;52.326714634
2;1;2;0;2017;6;22;2;3;5;3;1;1;0;0;0;2;0;10.32810872;52.160561189
2;4;59;22;2017;6;9;1;2;8;7;0;1;0;0;0;0;0;8.14846928;52.184851711
2;4;59;22;2017;6;18;1;3;2;2;0;1;0;1;0;0;0;8.17458163;52.176923303
2;4;59;33;2017;6;5;1;3;9;7;0;1;0;0;0;0;0;8.021267334;52.348027342
2;4;54;14;2017;6;13;1;3;3;6;0;1;0;0;0;0;0;7.233459474;52.599865822
2;4;4;0;2017;6;0;1;3;5;2;0;1;0;0;0;2;0;8.035028207;52.271537679
2;4;57;20;2017;6;18;1;3;5;3;0;1;0;0;0;0;0;7.724770695;53.323194642
2;4;57;17;2017;6;6;1;3;8;1;0;1;0;0;0;1;0;7.5910263;53.112354957
2;4;54;19;2017;6;19;1;3;5;3;0;1;0;0;0;0;0;7.468253112;52.662333891
2;4;54;14;2017;6;17;1;3;5;2;1;1;0;0;0;0;0;7.314417999;52.598764699
2;4;54;18;2017;6;15;1;3;3;6;0;1;0;0;0;0;0;7.163033615;52.76574271
2;4;54;14;2017;6;14;1;3;2;2;0;1;0;0;0;0;0;7.235672342;52.62509916
2;4;52;27;2017;6;14;1;3;4;2;0;1;0;1;0;0;0;7.381091572;53.653520373
2;4;54;49;2017;6;16;1;3;5;3;1;0;0;0;1;0;0;7.502874436;52.37241814
2;3;56;9;2017;6;9;1;3;5;3;1;1;0;0;0;0;0;8.658780636;53.183263198
2;4;62;3;2017;6;17;1;3;5;3;1;1;0;0;0;0;0;7.610117256;53.652853701
2;3;61;6;2017;6;3;1;3;6;7;0;1;1;0;0;1;0;9.229007901;52.977617929
2;4;52;19;2017;6;11;1;2;5;3;1;1;0;0;0;0;0;7.185847481;53.603319502
2;4;55;20;2017;6;17;1;3;5;3;0;1;0;1;0;0;0;8.007517648;53.638369508
2;3;61;9;2017;6;19;1;2;5;3;1;1;0;0;0;0;1;9.033838826;53.060698723
2;4;51;2;2017;6;6;1;3;9;1;0;1;0;0;0;0;0;8.050130826;53.217002956
2;4;1;0;2017;6;15;1;2;4;6;1;0;0;0;0;0;0;8.643257559;53.047962552
2;3;53;31;2017;6;20;1;3;0;1;1;0;0;0;0;0;0;10.020740722;53.4180358
2;3;53;36;2017;6;5;1;3;9;1;0;1;0;0;0;1;0;9.947782356;53.215067025
2;4;51;2;2017;6;11;1;2;0;1;0;0;0;1;0;0;0;7.991199975;53.232799733
2;2;51;7;2017;6;17;1;2;4;6;0;1;0;0;0;1;1;8.749802304;52.803327133
2;2;51;36;2017;6;2;1;3;7;1;0;1;0;0;0;2;0;8.325787464;52.453101523
2;4;58;8;2017;6;15;1;2;3;6;0;1;0;0;1;0;0;8.543126685;52.950712932
2;3;58;21;2017;6;18;1;3;2;6;0;1;0;0;0;0;0;9.897796729;52.961944343
2;4;58;10;2017;6;6;1;3;9;7;0;1;0;0;0;0;0;8.303764093;53.087185874
2;4;61;9;2017;6;17;1;2;3;6;0;1;0;1;0;0;0;8.438464747;53.40508363
2;4;1;0;2017;6;17;1;3;5;3;1;1;0;0;0;0;0;8.633977589;53.066081718
2;3;52;2;2017;6;13;1;3;4;2;0;1;0;0;0;0;0;9.076119347;53.569177073
2;3;52;11;2017;6;20;1;3;8;7;0;1;0;0;0;0;0;8.738443997;53.833825969
2;3;58;7;2017;6;15;1;3;5;2;0;1;0;0;1;0;0;9.687156034;52.693067773
2;3;59;4;2017;6;14;1;2;3;6;1;0;0;0;0;0;0;9.086798873;53.812090421
2;3;58;22;2017;6;21;1;3;5;3;0;1;0;0;0;0;1;9.594862528;52.858983213
2;3;58;22;2017;6;6;1;3;8;1;0;1;0;0;0;0;0;9.478344849;52.833201171
2;3;58;21;2017;6;18;1;3;5;2;1;1;0;0;0;0;0;9.844425825;52.98831226
2;3;58;21;2017;6;19;1;3;2;6;0;1;0;0;0;0;0;9.878385925;52.946315083
2;3;58;21;2017;6;12;1;1;5;3;0;1;0;0;0;0;0;9.873499333;52.949684465
2;3;53;19;2017;6;4;1;3;8;6;0;1;0;0;1;1;0;9.718364998;53.360781357
2;3;60;18;2017;6;17;1;3;5;3;0;1;0;0;0;0;0;10.732512933;53.014776313
2;3;60;12;2017;6;16;1;1;8;7;0;1;0;0;0;0;0;10.526086813;53.091808648
2;3;60;24;2017;6;21;1;2;8;1;0;1;0;0;0;0;0;10.759204547;52.905219055
2;2;41;1;2017;6;11;1;3;2;6;0;1;0;0;0;0;0;9.740144215;52.368247237
2;3;55;2;2017;6;12;1;2;6;7;0;1;1;0;0;0;0;10.21554876;53.127411502
2;2;41;2;2017;6;13;1;3;9;7;0;1;1;0;0;0;0;9.422248723;52.331420956
2;2;41;4;2017;6;21;1;2;3;6;0;1;0;0;1;0;0;9.823433413;52.506862557
2;3;51;12;2017;6;18;1;3;4;6;0;1;0;0;1;0;0;9.924814036;52.592963081
2;2;41;19;2017;6;19;1;2;5;3;0;1;0;1;0;0;0;9.726761714;52.544573392
2;1;59;26;2017;6;11;1;3;9;7;0;1;0;0;0;0;0;10.26007923;51.724444894
2;1;55;10;2017;6;11;1;3;2;6;0;1;0;1;0;0;0;9.939972686;51.638866719
2;2;52;3;2017;6;19;1;2;8;1;0;0;0;1;0;0;0;9.210864438;51.996313787
2;1;55;6;2017;6;18;1;3;2;6;0;1;0;0;0;0;0;10.04817739;51.788273879
2;1;54;10;2017;6;12;1;3;5;3;1;1;0;0;0;0;0;10.994561193;52.248668574
2;1;54;15;2017;6;3;1;3;8;1;0;1;0;0;0;2;0;10.981993746;52.276810294
2;1;2;0;2017;6;23;1;3;8;6;0;1;0;0;1;2;0;10.288388774;52.139285138
2;1;2;0;2017;6;12;1;3;2;2;0;1;0;0;0;0;0;10.266995497;52.156031877
2;3;51;26;2017;6;9;1;3;5;7;1;1;0;0;0;0;0;10.099653551;52.829409374
2;1;53;504;2017;6;16;1;3;8;1;0;0;0;1;0;0;0;10.47525757;51.806962972
2;1;53;504;2017;6;11;1;3;8;7;0;0;0;1;0;0;0;10.65829938;51.685461407
2;2;41;5;2017;6;19;1;3;2;6;0;1;0;0;0;0;1;9.581148973;52.417875161
2;1;51;28;2017;6;1;1;1;6;6;0;1;1;0;0;2;0;10.507998575;52.757187236
2;2;41;11;2017;6;10;1;3;5;3;1;1;0;0;0;0;0;9.973743492;52.372618268
2;2;41;8;2017;6;18;1;3;2;6;0;1;0;0;0;0;0;9.848596784;52.427730951
2;4;59;13;2017;6;21;7;3;8;7;0;1;0;0;0;0;0;8.340549776;52.372865981
2;2;41;1;2017;6;21;1;3;5;3;1;1;0;0;0;1;0;9.733829621;52.384611167
2;2;57;3;2017;6;23;1;3;3;6;0;1;0;0;0;2;0;9.299419683;52.253166294
2;2;41;17;2017;6;13;1;2;8;1;0;0;0;1;0;0;0;9.567807398;52.190590185
2;2;41;2;2017;6;13;1;2;5;2;0;1;0;1;0;0;0;9.477318934;52.387303964
2;1;55;13;2017;6;21;1;3;8;7;0;0;0;1;0;1;1;9.987111463;51.839683559
2;1;55;10;2017;6;9;1;3;9;1;0;1;0;0;0;0;0;9.949406969;51.673865173
2;2;56;2;2017;6;17;1;3;8;1;0;1;0;0;0;0;1;9.126298613;52.625090565
2;4;54;11;2017;6;19;7;3;5;2;0;1;0;0;0;0;0;7.699321237;53.019615643
2;2;56;3;2017;6;16;1;3;8;1;0;0;0;1;0;0;0;9.094128522;52.798167319
2;4;56;10;2017;6;17;7;3;2;2;0;1;0;0;0;0;0;7.149453203;52.339138557
2;2;54;44;2017;6;20;1;3;9;1;0;1;0;0;0;1;1;10.056650897;51.953230758
2;4;53;7;2017;6;19;7;2;8;1;0;1;0;0;0;0;0;7.916336369;53.061274656
2;4;53;7;2017;6;8;7;2;4;7;0;1;0;0;1;0;0;7.804167094;53.011499325
2;4;51;8;2017;6;16;7;3;2;6;0;1;0;0;0;0;0;8.048084965;53.218501694
2;4;3;0;2017;6;23;7;3;8;1;0;1;0;0;0;2;0;8.193641995;53.114051277
2;1;55;6;2017;6;15;1;3;2;6;0;1;0;0;0;0;0;10.034785702;51.781514325
2;2;51;44;2017;6;22;7;2;8;7;0;1;0;0;0;2;0;8.571490688;52.541076778
2;2;51;37;2017;6;12;7;3;2;6;0;0;0;1;1;0;0;8.709531358;53.006295495
2;1;58;23;2017;6;18;1;3;5;3;0;1;0;1;0;0;0;10.563008825;52.121007061
2;4;58;8;2017;6;17;7;3;9;7;0;1;0;0;0;0;0;8.572436973;52.957878826
2;1;58;27;2017;6;10;1;3;2;6;1;1;0;0;0;0;0;10.794464144;52.142748349
2;4;58;8;2017;6;12;7;3;2;6;0;1;0;0;0;0;0;8.652218115;52.991199161
2;1;2;0;2017;6;0;1;3;1;7;0;1;0;0;0;2;0;10.40055736;52.049943198
2;1;57;7;2017;6;10;1;3;2;2;0;1;0;0;0;0;0;10.401509568;52.258618428
2;3;52;11;2017;6;13;7;3;9;7;0;1;0;0;0;0;0;8.620764764;53.840045602
2;1;57;5;2017;6;0;1;3;9;1;0;1;0;0;0;2;0;10.272133878;52.186428233
2;1;53;2;2017;6;12;1;2;5;2;0;1;0;0;0;0;0;10.534867553;51.898888301
2;1;1;0;2017;6;15;1;3;2;2;0;1;0;0;0;0;0;10.472186582;52.267785107
2;4;59;12;2017;6;17;7;3;8;1;0;0;0;1;0;0;0;8.194488983;52.227116425
2;3;53;16;2017;6;12;7;3;5;3;0;1;0;0;1;0;0;10.019970007;53.257530241
2;3;53;27;2017;6;18;7;2;4;1;0;0;0;1;0;0;0;9.741415815;53.248936395
2;3;59;12;2017;6;17;7;2;0;7;1;0;0;0;0;0;0;9.553104444;53.545231216
2;3;58;22;2017;6;20;7;1;4;2;0;1;0;1;0;0;0;9.593921268;52.832375855
2;3;58;21;2017;6;1;7;3;8;1;0;0;0;1;0;2;0;9.911149567;52.993430066
2;4;59;33;2017;6;1;7;3;9;1;0;1;0;0;0;2;0;7.973610969;52.345868605