ULAND;UJAHR;UMONAT;USTUNDE;UWOCHENTAG;UKATEGORIE;UART;UTYP1;ULICHTVERH;IstRad;IstPKW;IstFuss;IstKrad;IstGkfz;IstSonstig;STRZUSTAND;XGCSWGS84;YGCSWGS84
2;3;57;57;2017;6;17;7;3;8;1;0;0;0;1;0;0;0;9.290661612;53.294270357
2;3;57;35;2017;6;18;7;2;5;7;0;1;0;0;0;0;0;9.020740995;53.465821206
2;4;4;0;2017;6;17;7;3;5;2;0;1;0;0;0;0;0;7.983283304;52.294661509
2;3;57;45;2017;6;14;7;2;3;1;0;1;0;0;0;0;0;9.201132382;53.110789255
2;3;57;39;2017;6;14;7;3;5;3;0;1;0;0;0;0;0;9.412170973;53.112900969
2;4;4;0;2017;6;16;7;3;2;6;0;1;0;0;0;0;0;8.012278314;52.295583716
2;3;55;34;2017;6;22;7;3;7;7;0;0;0;1;0;1;0;10.145134945;53.171251284
2;2;41;16;2017;6;9;7;3;5;3;1;1;0;0;0;0;0;9.970365843;52.315000541
2;4;54;12;2017;6;11;7;2;5;3;1;1;0;0;0;0;0;7.554731412;52.474503924
2;1;59;26;2017;6;10;7;3;9;7;0;1;0;0;0;0;0;10.270460761;51.727474341
2;4;60;6;2017;6;17;7;2;8;1;0;1;0;0;0;0;0;8.182685471;52.659826398
2;2;57;2;2017;6;12;7;1;8;1;0;0;0;1;0;0;0;9.338852798;52.29404916
2;4;53;12;2017;6;17;7;2;5;2;0;1;0;1;0;0;0;7.969548906;52.873089415
2;4;53;6;2017;6;2;7;3;5;3;0;1;0;0;0;2;0;7.948666937;52.716881482
2;2;54;28;2017;6;12;7;3;2;6;0;1;0;0;0;0;0;9.8471467;52.262746161
2;4;55;15;2017;6;12;7;3;8;1;0;0;0;0;1;0;0;7.949367801;53.519538839
2;4;51;5;2017;6;20;7;3;2;6;0;1;0;0;0;0;0;8.20310896;53.259383902
2;4;51;4;2017;6;11;7;3;2;6;0;1;0;1;0;0;0;7.983350132;53.125877543
2;4;51;4;2017;6;2;7;2;9;1;0;1;0;0;0;2;1;8.042406687;53.104466819
2;4;3;0;2017;6;16;7;3;4;2;1;1;0;0;0;0;0;8.192874544;53.143489626
2;4;61;3;2017;6;13;7;3;5;3;0;1;0;0;0;0;0;8.360655847;53.51292672
2;4;61;2;2017;6;10;7;3;0;7;0;1;0;0;1;0;0;8.480827642;53.289594603
2;2;55;12;2017;6;14;7;2;9;1;0;1;0;0;0;0;0;9.716180789;51.890299629
2;4;58;14;2017;6;16;7;3;5;3;1;1;0;0;0;0;0;8.417155252;52.886604751
2;1;59;16;2017;6;15;7;3;5;3;0;1;0;0;1;0;0;9.886385043;51.527787877
2;3;52;61;2017;6;19;7;2;8;1;0;1;0;0;0;0;0;8.539051945;53.666619805
2;1;58;39;2017;6;16;7;3;4;2;0;1;0;0;0;0;0;10.53934275;52.031152648
2;1;57;1;2017;6;11;7;3;5;3;0;1;0;0;0;0;0;10.258523491;52.386077584
2;3;53;41;2017;6;9;7;3;5;3;0;1;0;0;1;0;0;9.654959834;53.272177801
2;1;2;0;2017;6;16;7;2;2;7;0;1;0;0;1;0;0;10.351631313;52.152967977
2;1;53;12;2017;6;10;7;2;8;1;0;0;0;1;0;0;0;10.191409419;51.838388037
2;3;58;2;2017;6;10;7;3;4;2;0;1;0;0;0;0;0;9.997744363;53.083448603
2;1;51;23;2017;6;15;7;3;2;6;0;1;0;0;0;0;0;10.53166124;52.414373037
2;4;59;21;2017;6;7;6;3;5;2;1;1;0;0;0;0;0;7.963528419;52.236781442
2;4;4;0;2017;6;14;6;2;9;7;0;1;0;1;0;0;0;8.038276607;52.277519759
2;4;57;12;2017;6;15;6;3;5;3;1;1;0;0;0;0;0;7.385352564;53.274662811
2;3;58;16;2017;6;13;7;3;5;3;0;1;0;0;0;0;0;9.999172457;53.016990505
2;4;57;21;2017;6;14;6;2;5;3;0;1;0;0;0;0;0;7.333930017;53.169212332
2;4;57;13;2017;6;14;6;3;2;6;0;1;0;1;0;0;0;7.485053437;53.236171886
2;3;58;17;2017;6;9;7;3;0;6;1;0;0;1;0;0;0;9.661925095;53.066337812
2;4;56;25;2017;6;8;6;2;5;3;0;1;0;0;0;0;0;7.145073015;52.510347561
2;3;57;53;2017;6;16;7;3;2;2;0;1;0;1;0;0;0;9.124740961;53.234242887
2;4;60;6;2017;6;7;6;2;5;3;1;1;0;0;0;0;0;8.257060734;52.665154093
2;3;60;23;2017;6;12;7;3;2;6;0;1;0;0;0;0;0;10.421467125;52.91177863
2;3;55;24;2017;6;18;7;3;1;5;0;1;0;0;0;0;0;10.408762558;53.180202608
2;4;60;3;2017;6;21;6;3;7;7;0;1;0;0;0;0;0;8.100264043;52.68133396
2;3;55;22;2017;6;13;7;2;4;6;0;1;0;1;0;0;0;10.374801308;53.264286938
2;3;51;3;2017;6;22;7;2;7;7;0;0;0;1;0;2;0;10.264405044;52.647375326
2;2;41;21;2017;6;15;7;3;5;2;1;1;0;0;0;0;0;9.422173818;52.429367128
2;2;41;12;2017;6;15;7;3;0;7;1;0;0;0;0;0;0;9.417808821;52.576673757
2;2;41;2;2017;6;3;7;3;9;1;0;1;0;0;0;2;0;9.541678825;52.339913859
2;4;55;27;2017;6;18;6;2;6;4;0;1;1;0;0;0;0;7.97339995;53.416999223
2;4;55;26;2017;6;10;6;2;2;6;0;1;0;0;0;0;0;8.057459012;53.384961092
2;3;61;3;2017;6;14;6;3;2;2;0;1;0;0;0;0;0;9.21473372;52.836080056
2;3;61;12;2017;6;10;6;3;0;5;1;1;0;0;0;0;0;9.231888676;52.915789255
2;4;51;8;2017;6;15;6;2;5;3;1;1;0;0;0;0;0;8.148471998;53.205678136
2;2;41;16;2017;6;18;7;3;2;6;0;1;0;0;0;0;0;9.960170983;52.317229258
2;4;51;4;2017;6;13;6;3;9;1;0;1;0;0;0;0;0;7.900135523;53.126086304
2;2;51;37;2017;6;16;6;3;5;3;0;1;0;0;0;0;0;8.699326025;53.005176024
2;2;41;8;2017;6;20;7;2;5;3;1;1;0;0;0;0;0;9.805898779;52.482108415
2;4;61;6;2017;6;6;6;3;5;3;1;1;0;0;0;0;0;8.607651727;53.150752978
2;2;41;14;2017;6;18;7;2;8;1;0;0;0;1;0;0;0;9.655221826;52.350046362
2;4;1;0;2017;6;20;6;3;5;3;1;1;0;0;0;0;0;8.631312536;53.057581627
2;2;41;21;2017;6;13;7;3;2;7;0;1;0;0;1;0;0;9.456134121;52.37539228
2;3;52;32;2017;6;12;6;3;2;6;0;1;0;0;0;0;0;8.574676926;53.43600779
2;2;41;1;2017;6;7;7;3;2;6;0;1;0;1;0;0;0;9.782034425;52.424743211
2;2;41;2;2017;6;3;7;3;3;6;0;1;0;0;1;2;0;9.492621782;52.399650404
2;2;57;31;2017;6;12;7;3;5;3;0;1;0;1;0;0;0;9.090137295;52.196782439
2;2;57;24;2017;6;11;7;2;4;2;0;1;0;0;0;0;0;9.391004457;52.250253795
2;2;57;6;2017;6;7;7;3;5;2;0;1;0;0;0;0;0;9.367623742;52.326901149
2;2;54;13;2017;6;10;7;3;5;3;0;1;0;0;0;0;0;9.743502896;52.081085094
2;2;54;8;2017;6;7;7;3;8;7;0;1;0;0;0;0;0;10.16341969;51.998267502
2;2;54;45;2017;6;15;7;3;8;1;0;0;0;1;0;0;0;9.918229641;51.997504635
2;2;54;28;2017;6;13;7;2;8;7;0;1;0;0;0;0;0;9.917517763;52.260017964
2;1;57;6;2017;6;15;7;3;8;1;0;1;0;0;0;0;0;10.172300757;52.324702015
2;1;53;17;2017;6;16;7;2;8;1;0;0;0;1;0;0;0;10.402881833;51.878420722
2;3;52;11;2017;6;20;6;2;4;2;0;1;0;1;0;0;0;8.696647668;53.86325816
2;1;53;17;2017;6;10;7;2;6;4;0;1;1;0;0;0;0;10.433297601;51.955608593
2;3;52;61;2017;6;16;6;3;8;1;0;1;0;0;0;0;0;8.593420285;53.756754902
2;1;51;17;2017;6;22;7;2;5;3;0;1;0;0;0;2;0;10.363172682;52.479925651
2;3;53;40;2017;6;21;6;3;9;1;0;1;0;0;0;1;0;10.216308408;53.337120758
2;1;51;22;2017;6;17;7;2;4;1;0;1;0;0;0;0;0;10.486459546;52.433006616
2;3;53;29;2017;6;15;6;3;0;7;1;1;0;0;0;0;0;9.924755079;53.403319367
2;4;59;29;2017;6;12;6;3;3;6;0;1;0;0;1;0;0;8.200497685;52.334961777
2;3;53;29;2017;6;16;6;3;8;1;0;1;0;0;0;0;0;9.884064765;53.405668511
2;4;59;3;2017;6;7;6;2;4;6;0;1;0;0;0;0;0;8.411581339;52.306092536
2;4;59;14;2017;6;15;6;3;0;3;0;1;0;1;0;0;1;7.97063958;52.403650016
2;3;59;6;2017;6;11;6;3;5;3;1;1;0;0;0;0;1;9.610559903;53.413147418
2;4;59;2;2017;6;18;6;2;4;2;0;1;0;0;1;0;0;7.838602189;52.540076453
2;4;57;22;2017;6;19;6;3;6;4;0;1;1;0;0;0;0;7.47588857;53.137822706
2;4;54;58;2017;6;19;6;3;8;1;0;1;0;0;0;0;0;7.513141552;52.865802217
2;3;59;38;2017;6;23;6;3;6;4;0;1;1;0;0;2;0;9.468535055;53.583973441
2;2;41;19;2017;6;11;6;2;2;6;0;1;0;0;0;0;0;9.734486553;52.614420414
2;4;56;17;2017;6;17;6;3;5;3;0;1;0;0;0;0;0;7.004516267;52.533973132
2;3;58;21;2017;6;17;6;3;5;2;0;1;0;0;0;0;1;9.843465995;52.986798218
2;4;54;32;2017;6;13;6;3;9;1;0;1;0;0;0;0;1;7.350435201;52.596805704
2;3;57;45;2017;6;13;6;3;5;2;0;1;0;0;0;0;1;9.248210063;53.102627448
2;3;60;2;2017;6;11;6;3;5;3;1;1;0;0;0;0;0;10.590541499;53.0792919
2;4;54;35;2017;6;15;6;3;8;1;0;1;0;0;0;0;1;7.16874229;52.698542047
2;3;60;25;2017;6;5;6;2;5;3;1;1;0;0;0;0;1;10.573910032;52.961112432
2;3;55;4;2017;6;13;6;3;2;6;0;1;0;0;0;0;0;10.368662388;53.288851642
2;4;54;31;2017;6;15;6;3;2;2;0;1;0;0;0;0;0;7.542623951;52.536351662
2;3;55;1;2017;6;16;6;3;2;6;0;1;0;0;1;0;0;10.426813976;53.295498284
2;4;54;18;2017;6;14;6;2;2;6;0;1;0;0;0;0;1;7.187188147;52.810174127
2;3;51;25;2017;6;13;6;3;9;1;0;1;0;0;0;0;0;10.246286324;52.74369759
2;4;54;46;2017;6;8;6;3;5;3;0;1;0;0;0;0;0;7.568529261;52.401599475
2;2;41;1;2017;6;8;6;3;5;3;1;0;0;0;0;0;0;9.847949688;52.360033386
2;4;62;19;2017;6;3;6;3;7;7;0;1;0;0;0;2;0;7.660453527;53.551394206
2;4;52;11;2017;6;14;6;2;4;6;0;1;0;0;0;0;1;7.187310535;53.413776791
2;4;52;1;2017;6;22;6;2;0;7;1;0;0;0;0;1;1;7.473028629;53.468234287
2;4;52;1;2017;6;13;6;3;2;6;0;1;0;0;0;0;1;7.497489899;53.45683823
2;4;52;23;2017;6;10;6;3;4;6;1;0;0;0;0;0;1;7.386569566;53.478928818
2;2;41;19;2017;6;21;6;3;5;3;0;1;0;0;0;0;0;9.763887725;52.55138302
2;4;60;8;2017;6;14;6;3;2;6;0;1;0;0;0;0;1;8.198531028;52.591633241
2;4;53;4;2017;6;12;6;2;1;7;0;1;0;0;0;0;0;8.015224181;52.831802124
2;2;41;11;2017;6;15;6;3;2;6;0;1;0;0;0;0;0;9.97038686;52.388422524
2;4;3;0;2017;6;13;6;2;2;6;0;1;0;0;1;0;1;8.270924067;53.165920983
2;4;51;5;2017;6;13;6;3;9;1;0;1;0;0;0;0;1;8.20310896;53.259383902
2;2;41;10;2017;6;15;6;3;5;2;0;1;0;0;0;0;0;9.734129137;52.438518689
2;2;51;47;2017;6;16;6;3;2;6;0;1;0;0;0;0;1;8.832179889;52.984270029
2;2;51;49;2017;6;8;6;3;5;2;0;1;0;0;0;0;0;8.943255175;52.821030606
2;2;51;41;2017;6;14;6;3;2;6;0;1;0;0;0;0;1;8.823757187;52.945987453
2;2;51;24;2017;6;17;6;3;5;3;0;1;0;0;1;0;1;8.876878418;52.684097939
2;2;51;30;2017;6;19;6;3;5;2;0;1;0;0;0;0;0;8.511310707;52.611632544
2;2;41;1;2017;6;16;6;3;0;1;1;0;0;0;0;0;0;9.734284415;52.387234162
2;2;41;1;2017;6;15;6;2;2;6;0;1;0;0;0;0;0;9.63983423;52.422506051
2;4;58;13;2017;6;4;6;3;9;7;0;1;0;0;0;0;0;8.207893996;53.003394807
2;1;55;11;2017;6;13;6;3;2;6;0;1;0;0;0;0;0;10.009762288;51.706870484
2;4;61;5;2017;6;15;6;3;9;1;0;1;0;0;0;0;1;8.288150742;53.393704065
2;2;56;32;2017;6;10;6;3;1;5;0;1;0;0;0;0;0;9.067881586;52.5370991
2;1;54;21;2017;6;14;6;3;2;6;0;1;0;0;0;0;1;10.891032642;52.249190741
2;4;61;8;2017;6;14;6;1;4;6;0;1;0;0;1;0;1;8.304895455;53.256983398
2;3;53;40;2017;6;8;6;3;1;5;0;1;0;0;0;0;0;10.196551568;53.366054083
2;1;54;10;2017;6;14;6;3;0;1;1;0;0;0;0;0;0;11.006972734;52.215096744
2;1;57;6;2017;6;17;6;3;2;2;0;1;0;0;0;0;0;10.204035766;52.303769978
2;3;59;20;2017;6;18;6;3;5;3;0;1;0;0;0;0;1;9.609883899;53.568999718
2;1;2;0;2017;6;9;6;3;5;3;0;1;0;0;0;0;0;10.411837525;52.199942064
2;3;59;10;2017;6;8;6;3;2;6;0;1;0;0;0;0;0;9.66700993;53.463937539
2;1;53;8;2017;6;8;6;3;8;1;0;0;0;0;1;0;0;10.376714703;51.977342127
2;3;58;22;2017;6;18;6;3;2;6;0;1;0;0;0;0;1;9.676124844;52.799228376
2;3;57;12;2017;6;12;6;3;5;3;0;1;0;1;0;0;0;9.052226033;53.527156443
2;3;57;41;2017;6;19;6;3;9;1;0;1;0;0;0;0;1;9.380377347;53.197898919
2;3;60;6;2017;6;19;6;3;5;3;0;1;0;0;0;0;1;10.418851793;53.028569533
2;4;54;14;2017;6;7;2;2;8;7;0;1;0;0;0;0;1;7.332294835;52.59767326
2;4;62;15;2017;6;17;2;2;4;6;0;1;0;0;1;0;0;7.667830467;53.620359192
2;4;62;5;2017;6;19;2;2;6;4;0;1;1;0;0;0;0;7.838844198;53.453494385
2;4;52;25;2017;6;17;2;3;3;6;1;1;0;0;0;0;0;7.734848256;53.411257418
2;4;60;2;2017;6;6;2;2;8;1;0;1;0;0;0;0;1;8.184268143;52.52166912
2;4;53;5;2017;6;16;2;3;4;7;0;1;0;0;0;0;0;8.106218785;52.857926987
2;3;56;9;2017;6;16;2;3;5;3;1;1;0;0;0;0;0;8.607668712;53.198302293
2;3;56;9;2017;6;16;2;3;2;6;0;1;0;1;0;0;0;8.593694468;53.223989182
2;3;61;9;2017;6;18;2;3;3;2;0;0;0;0;1;0;0;8.973697382;53.058657481
2;3;61;1;2017;6;13;2;2;5;3;1;0;0;0;1;0;0;9.013167629;53.017314447
2;3;61;13;2017;6;17;2;3;4;2;0;1;0;0;0;0;0;9.101870844;52.939721705
2;4;3;0;2017;6;11;2;2;8;1;0;1;0;0;0;0;0;8.214485467;53.143444165
2;4;3;0;2017;6;6;2;3;2;6;1;0;0;0;0;0;0;8.214745547;53.146554251
2;2;51;2;2017;6;23;2;2;8;1;0;0;0;1;0;2;0;9.028364111;52.777661942
2;2;51;30;2017;6;0;2;3;9;1;0;0;0;1;1;2;0;8.493232451;52.604143708
2;4;58;14;2017;6;14;2;3;9;1;0;1;0;0;0;0;0;8.423104154;52.841358577
2;3;52;32;2017;6;16;2;3;4;2;0;1;0;0;0;0;0;8.628206533;53.495766231
2;3;53;26;2017;6;6;2;3;5;3;0;1;0;0;1;0;0;9.800403516;53.464320311
2;3;53;29;2017;6;22;2;3;9;1;0;1;0;0;0;2;0;9.904618551;53.401846559
2;3;53;31;2017;6;11;2;3;2;6;0;1;0;0;0;0;0;10.01608762;53.387258187
2;3;53;31;2017;6;5;2;3;2;1;0;0;0;0;1;0;1;10.029875596;53.423443261
2;3;59;10;2017;6;12;2;2;8;1;0;1;0;0;0;0;0;9.642536483;53.484406243
2;3;58;4;2017;6;9;2;2;5;2;1;1;0;0;0;0;0;9.638860911;52.906810671
2;3;58;22;2017;6;8;2;3;1;7;1;1;0;0;0;0;0;9.590491627;52.862289047
2;3;57;21;2017;6;16;2;3;8;6;0;1;0;0;0;0;0;9.378914932;53.338785397
2;3;57;8;2017;6;17;2;3;1;6;0;1;0;0;0;0;0;9.146650534;53.486980755
2;3;57;45;2017;6;13;2;3;5;3;0;1;0;0;0;0;0;9.227253469;53.112856549
2;3;51;6;2017;6;16;2;3;2;6;0;1;0;0;0;0;0;10.108802075;52.635908595
2;2;41;1;2017;6;17;2;3;1;5;1;1;0;0;0;0;0;9.715540898;52.366732318
2;2;41;19;2017;6;13;2;3;3;7;0;1;0;0;0;0;0;9.790278162;52.559436163
2;2;41;1;2017;6;12;2;3;2;6;0;1;0;0;1;0;0;9.839648747;52.417607163
2;2;41;11;2017;6;12;2;3;2;6;0;1;0;0;0;0;0;9.969793059;52.389988848
2;2;41;6;2017;6;7;2;3;9;1;0;1;0;0;0;0;1;9.582660021;52.353423872
2;2;41;1;2017;6;9;2;3;5;3;1;0;0;1;0;0;0;9.799437382;52.409440168
2;2;41;1;2017;6;8;2;1;8;1;0;0;0;1;0;0;1;9.822839662;52.308825614
2;1;55;12;2017;6;9;2;3;8;1;0;1;0;0;0;0;1;9.613451085;51.636913418
2;1;55;6;2017;6;13;2;1;5;3;0;1;0;0;0;0;0;10.066807752;51.789585577
2;2;57;31;2017;6;17;2;3;3;6;0;1;0;0;0;0;0;9.126275535;52.206746352
2;2;57;9;2017;6;17;2;3;5;3;0;1;0;0;0;0;0;9.083965289;52.286743492
2;2;57;9;2017;6;12;2;3;8;1;0;1;0;0;0;0;0;9.063837219;52.274894507
2;2;52;5;2017;6;17;2;3;2;6;0;1;0;0;0;0;0;9.447652385;52.034319429
2;1;59;17;2017;6;7;2;3;2;2;0;1;0;0;1;0;0;9.642734751;51.430022051
2;1;59;10;2017;6;12;2;3;8;1;0;1;0;0;0;0;1;10.304141747;51.552300959
2;1;59;1;2017;6;9;2;3;8;1;0;1;0;0;0;0;1;9.769359322;51.563299314
2;1;57;8;2017;6;19;2;2;5;2;0;0;0;1;1;0;0;10.396349041;52.359485075
2;1;2;0;2017;6;16;2;3;0;7;0;1;0;0;0;0;0;10.382392105;52.1782034
2;1;53;504;2017;6;7;2;3;9;1;0;1;0;0;0;0;1;10.525622641;51.765249828
2;1;51;38;2017;6;21;2;2;0;6;1;0;0;1;0;0;0;10.512805224;52.555947394
2;1;51;16;2017;6;18;2;3;2;6;0;1;0;0;0;0;0;10.531806889;52.387150686
2;4;52;12;2017;6;11;1;3;2;2;0;1;0;0;0;0;0;7.390962661;53.426354852
2;4;53;7;2017;6;7;1;3;8;7;0;1;0;0;0;0;1;7.759392436;52.984381784
2;4;53;8;2017;6;23;1;3;8;7;0;1;0;0;0;2;1;8.023006083;52.891360832
2;3;61;6;2017;6;13;1;3;8;1;0;1;0;0;0;0;1;9.160035686;52.966740745
2;4;51;1;2017;6;19;1;3;5;2;0;1;0;0;0;0;0;7.805669354;53.218122354
2;4;51;7;2017;6;13;1;2;5;2;0;0;0;1;1;0;0;7.897440105;53.224679292
2;3;52;24;2017;6;15;1;1;8;1;0;0;0;1;0;0;0;9.111802776;53.557285087
2;3;53;29;2017;6;11;1;3;8;1;0;1;0;0;0;0;1;9.939308278;53.363753777
2;3;58;21;2017;6;15;1;3;2;6;0;1;0;0;0;0;0;9.932092981;53.014011025
2;3;58;22;2017;6;10;1;3;2;6;0;1;0;0;1;0;1;9.666773082;52.770513437
2;3;58;23;2017;6;15;1;3;9;6;0;1;0;0;0;0;1;9.98154056;52.872926629
2;3;57;57;2017;6;14;1;3;0;1;1;0;0;0;0;0;0;9.247745641;53.310882346
2;3;57;39;2017;6;12;1;2;8;1;0;0;0;1;0;0;1;9.409848745;53.110139801
2;3;60;2;2017;6;14;1;3;2;6;0;1;0;0;0;0;0;10.590570311;53.080520599
2;3;60;30;2017;6;15;1;2;4;6;0;1;0;0;0;0;1;10.486811397;52.832391508
2;3;55;16;2017;6;23;1;3;8;1;0;1;0;0;0;2;0;10.333139809;53.182562136
2;2;41;13;2017;6;17;1;3;5;3;0;1;0;0;1;0;1;9.715801769;52.24378286
2;2;41;13;2017;6;17;1;3;2;6;0;1;0;0;0;0;1;9.761807742;52.260791402
2;2;41;15;2017;6;22;1;3;5;3;0;1;0;1;0;2;1;9.58891147;52.3956566
2;2;41;1;2017;6;18;1;3;0;6;0;1;0;0;1;0;1;9.768444427;52.338451959
2;2;41;1;2017;6;12;1;3;3;7;0;1;0;0;0;0;1;9.730215378;52.371105886
2;2;41;1;2017;6;13;1;3;9;1;0;1;0;0;0;0;1;9.813320815;52.322398745
2;2;41;13;2017;6;11;1;2;8;6;0;0;0;1;0;0;0;9.74629341;52.188450212
2;2;41;1;2017;6;6;1;3;5;3;1;1;0;0;0;0;0;9.732545713;52.383416086
2;1;59;2;2017;6;8;1;2;8;1;0;0;0;1;0;0;1;10.234995992;51.82068336
2;1;59;3;2017;6;12;1;3;0;1;0;0;0;1;0;0;1;10.512424627;51.65124685
2;2;55;3;2017;6;12;1;3;2;6;0;0;0;1;0;0;0;9.530703565;51.982480672
2;1;59;10;2017;6;13;1;3;9;1;0;0;0;1;0;0;1;10.302561373;51.54903163
2;1;59;16;2017;6;19;1;3;2;7;0;1;0;1;0;0;0;9.951148162;51.520187221
2;1;59;7;2017;6;3;1;3;9;1;0;1;0;0;0;2;0;10.015921027;51.601063034
2;1;58;37;2017;6;12;1;3;4;6;1;0;0;0;0;0;0;10.540416174;52.165047317
2;1;51;16;2017;6;11;1;3;2;6;0;1;0;0;0;0;1;10.534595018;52.379301739
2;1;1;0;2017;6;14;1;3;9;1;0;1;0;0;0;0;1;10.47957998;52.297938224
2;4;59;34;2017;6;9;7;2;9;1;0;0;0;1;0;0;0;7.935636507;52.059618016
2;1;59;17;2017;7;19;1;3;5;3;0;1;0;0;0;0;0;9.765224736;51.398726858
2;4;59;33;2017;6;20;7;3;9;1;0;1;0;0;0;0;1;7.973610969;52.345868605
2;1;55;11;2017;7;15;1;3;2;6;0;1;0;0;0;0;0;9.926286277;51.679156645
2;1;3;0;2017;7;19;1;3;2;6;0;1;0;0;0;0;0;10.798969185;52.437104809
2;4;59;13;2017;6;16;7;3;4;6;0;1;0;0;1;0;0;8.291383332;52.417969216
2;1;54;10;2017;7;21;1;3;2;6;0;1;0;0;0;1;0;11.119020517;52.208262648
2;4;59;24;2017;7;2;7;2;9;1;0;1;0;0;0;2;1;8.242411882;52.208579213
2;4;57;13;2017;6;9;7;3;8;1;0;1;0;0;0;0;1;7.511570357;53.226878715
2;4;57;13;2017;6;9;7;2;8;1;0;1;0;0;0;0;1;7.407437737;53.244915924
2;4;59;13;2017;7;2;7;2;9;1;0;1;0;0;0;2;1;8.372156876;52.375019555
2;4;59;30;2017;7;13;7;3;2;6;0;1;0;0;0;0;1;7.940839043;52.673963753
2;4;54;47;2017;6;15;7;2;4;1;0;1;0;0;0;0;0;7.496790565;52.820830927
2;4;56;15;2017;6;10;7;2;4;1;0;1;0;1;0;0;1;7.104530357;52.422400391
2;4;4;0;2017;7;14;7;2;8;1;0;1;0;0;0;0;1;8.154753156;52.27146515
2;4;54;29;2017;6;4;7;3;4;6;0;1;0;0;0;1;1;7.341092274;52.860576312
2;4;4;0;2017;7;11;7;3;0;3;1;1;0;0;0;0;1;8.068127047;52.281644417
2;4;56;25;2017;6;12;7;2;9;1;0;1;0;0;0;0;0;7.199307487;52.518212438
2;4;52;21;2017;6;22;7;3;8;1;0;1;0;0;0;2;1;7.262139509;53.538601229
2;4;52;27;2017;6;10;7;3;9;1;0;1;0;0;0;0;1;7.483014267;53.655426781
2;4;4;0;2017;7;20;7;3;3;6;1;0;0;0;1;0;0;8.054828673;52.264049536
2;3;61;6;2017;6;18;7;1;8;1;0;0;0;1;0;0;1;9.219062164;52.979517871
2;4;54;41;2017;7;20;7;2;2;2;0;1;0;0;0;0;0;7.487929534;53.079291659
2;4;56;27;2017;7;19;7;3;9;1;0;0;0;1;0;0;0;7.257903246;52.339291167
2;4;54;10;2017;7;3;7;3;2;6;0;1;0;0;1;2;1;7.265024742;52.340685691
2;4;62;6;2017;7;8;7;3;6;4;0;1;1;0;0;0;1;7.597644296;53.638606292
2;4;51;8;2017;6;6;7;3;8;1;0;1;0;0;0;1;1;8.063623085;53.328688132
2;4;62;19;2017;7;7;7;3;8;1;0;1;0;0;0;0;1;7.68779057;53.501252877
2;4;51;2;2017;6;15;7;3;1;5;1;1;0;0;0;0;0;8.009862213;53.183139141
2;4;52;14;2017;7;9;7;3;5;3;0;1;0;0;0;0;1;7.171227678;53.504357399
2;4;3;0;2017;6;13;7;2;5;3;1;1;0;0;0;0;1;8.190051318;53.128374902
2;4;52;23;2017;7;11;7;3;2;6;0;1;0;0;0;0;1;7.385568099;53.481359094
2;2;51;37;2017;6;12;7;3;2;6;0;1;0;0;0;0;0;8.759039153;52.990241375
2;2;51;47;2017;6;10;7;3;2;6;0;1;0;0;1;0;1;8.788599758;52.980321862
2;2;51;41;2017;6;0;7;3;8;1;0;0;0;1;0;2;0;8.852236502;52.886501034
2;4;58;5;2017;6;17;7;3;5;3;1;1;0;0;0;0;1;8.572350568;53.045942171
2;4;5;0;2017;7;11;7;3;2;6;0;1;0;0;1;0;1;8.103775551;53.52865889
2;4;58;9;2017;6;2;7;3;0;1;1;0;0;0;0;2;1;8.34920721;53.021783632
2;3;53;31;2017;6;22;7;3;8;1;0;1;0;0;0;2;1;10.038924829;53.346098467
2;3;53;34;2017;6;18;7;3;2;6;0;1;0;0;0;0;1;10.086534756;53.265585308
2;3;53;31;2017;6;15;7;3;8;1;0;1;0;0;0;0;1;9.878725872;53.403306727
2;3;53;31;2017;6;11;7;3;1;5;0;1;0;0;1;0;1;10.045851778;53.390336206
2;3;53;5;2017;6;12;7;3;2;6;0;1;0;0;0;0;1;9.870948481;53.287436526
2;3;59;4;2017;6;13;7;3;8;1;0;1;0;0;0;0;1;9.128731264;53.811499751
2;3;58;21;2017;6;15;7;3;2;7;0;1;0;0;1;0;0;9.900927852;52.96388215
2;3;58;21;2017;6;12;7;3;2;6;0;1;0;0;0;0;0;9.916132884;52.973463775
2;3;55;25;2017;6;0;7;3;2;6;0;1;0;0;0;2;0;10.783408772;53.16989079
2;3;51;6;2017;6;18;7;3;4;2;1;1;0;0;0;0;0;10.031659939;52.639913729
2;3;61;8;2017;7;12;7;3;4;6;0;1;0;0;0;0;1;9.07020924;53.127920995
2;2;41;7;2017;6;18;7;3;4;6;0;1;0;1;0;0;0;9.73003942;52.31879518
2;2;41;1;2017;6;14;7;3;6;4;0;1;1;0;0;0;0;9.801744724;52.431924744
2;3;61;1;2017;7;17;7;2;0;1;1;0;0;0;0;0;0;9.049726051;53.000054929
2;2;41;19;2017;6;9;7;2;4;1;0;1;0;0;0;0;0;9.615235736;52.530829876
2;3;61;6;2017;7;12;7;3;5;3;0;1;0;0;0;0;1;9.116057126;52.995149627
2;1;55;11;2017;6;14;7;3;1;5;1;1;0;0;0;0;0;9.991888453;51.699933885