ULAND;UJAHR;UMONAT;USTUNDE;UWOCHENTAG;UKATEGORIE;UART;UTYP1;ULICHTVERH;IstRad;IstPKW;IstFuss;IstKrad;IstGkfz;IstSonstig;STRZUSTAND;XGCSWGS84;YGCSWGS84
2;2;57;21;2017;6;16;7;3;8;1;0;1;0;0;0;0;0;9.247642772;52.326062712
2;4;3;0;2017;7;11;7;3;5;3;1;1;0;0;0;0;1;8.197940847;53.168620285
2;2;51;7;2017;7;10;7;1;6;4;0;1;1;0;0;0;0;8.729209319;52.896353235
2;4;61;6;2017;7;12;7;3;9;1;0;1;0;0;0;0;1;8.599784419;53.145269187
2;4;58;14;2017;7;10;7;3;0;1;0;1;0;0;0;0;1;8.425869606;52.890163603
2;2;54;2;2017;6;20;7;3;5;3;1;1;0;0;0;0;0;9.799591702;51.983319118
2;3;52;61;2017;7;17;7;2;8;1;0;0;0;1;0;0;0;8.539454783;53.666910428
2;2;54;22;2017;6;18;7;3;2;7;0;1;0;1;0;0;0;10.191500491;52.057228359
2;3;52;60;2017;7;16;7;3;2;6;0;1;0;0;0;0;0;8.597128561;53.349398325
2;3;59;24;2017;7;6;7;3;8;1;0;1;0;0;0;0;1;9.309547268;53.543535779
2;2;54;21;2017;6;16;7;3;4;6;0;1;0;1;0;0;0;9.990900162;52.185160396
2;3;59;38;2017;7;11;7;3;2;6;0;1;0;0;0;0;1;9.437132303;53.594348764
2;3;58;3;2017;7;11;7;3;5;3;1;1;0;0;0;0;1;9.412245918;52.794409176
2;2;52;3;2017;6;22;7;2;8;1;0;0;0;1;0;2;1;9.213834161;51.983295516
2;1;54;19;2017;6;15;7;3;5;3;0;1;0;0;1;0;0;10.95622523;52.137614743
2;3;57;55;2017;7;11;7;2;9;1;0;1;0;0;0;0;1;9.051301687;53.18877209
2;3;54;26;2017;7;14;7;2;9;7;0;1;0;0;0;0;1;11.080160266;52.940596364
2;1;54;14;2017;6;12;7;2;4;1;0;0;0;1;1;0;0;10.661090687;52.368191106
2;1;54;10;2017;6;14;7;3;5;3;1;1;0;0;0;0;0;11.042943951;52.215987162
2;2;41;1;2017;7;10;7;3;9;1;0;1;0;0;0;0;1;9.629557979;52.421683739
2;1;58;37;2017;6;16;7;3;7;7;0;1;0;0;0;0;0;10.461023958;52.145816462
2;2;41;1;2017;7;0;7;3;8;1;0;1;0;0;0;2;1;9.655902799;52.406380995
2;1;57;7;2017;6;16;7;3;5;2;0;1;0;0;0;0;0;10.332190171;52.226955363
2;2;41;1;2017;7;8;7;3;5;3;0;1;0;0;0;0;1;9.815250054;52.363678945
2;1;53;17;2017;6;23;7;3;8;1;1;0;0;0;0;2;0;10.568365277;51.956043541
2;4;59;24;2017;6;16;6;2;4;6;0;1;0;0;0;0;0;8.333205927;52.14648921
2;2;41;1;2017;7;12;7;3;2;6;0;1;0;0;0;0;1;9.733565087;52.384392761
2;4;59;7;2017;6;5;6;3;2;6;0;1;0;1;0;0;0;7.981114638;52.638396881
2;2;41;1;2017;7;11;7;3;9;1;0;1;0;0;0;0;1;9.811815631;52.409463752
2;2;41;7;2017;7;18;7;3;5;3;0;1;0;0;0;0;1;9.75733304;52.31988672
2;2;41;19;2017;7;11;7;3;2;6;0;1;0;0;0;0;1;9.725972645;52.603878809
2;2;41;18;2017;7;12;7;3;2;6;0;1;0;0;0;0;1;10.13391322;52.459273402
2;4;4;0;2017;6;21;6;3;8;1;0;1;0;0;0;0;0;8.07690188;52.260623133
2;4;57;14;2017;6;14;6;3;5;2;0;1;0;1;0;0;0;7.471080549;53.320646288
2;2;41;1;2017;7;18;7;2;4;6;0;1;0;0;0;0;1;9.798525826;52.351933192
2;1;55;3;2017;7;16;7;3;8;6;0;1;0;0;0;0;1;9.675990223;51.815168389
2;1;55;13;2017;7;18;7;3;9;1;0;1;0;0;0;0;1;9.820865369;51.842605127
2;2;57;28;2017;7;20;7;3;8;1;0;1;0;0;0;0;1;9.133080921;52.24412821
2;2;54;17;2017;7;12;7;3;2;6;0;1;0;0;0;0;1;9.916970261;52.201134217
2;2;54;41;2017;7;10;7;3;9;1;0;1;0;0;0;0;1;9.709711635;52.00022788
2;4;57;12;2017;6;13;6;3;2;6;0;1;0;1;0;0;0;7.392829711;53.227431318
2;2;54;21;2017;7;14;7;3;2;6;0;1;0;0;0;0;1;10.010060515;52.177528751
2;4;54;57;2017;6;20;6;2;4;1;0;1;0;0;0;1;0;7.666309157;52.827041214
2;2;54;21;2017;7;13;7;3;9;1;0;1;0;0;0;0;1;9.967896643;52.150076593
2;4;52;1;2017;6;9;6;3;5;5;0;1;0;0;0;0;0;7.46567826;53.471361597
2;2;55;23;2017;7;16;7;2;8;1;0;0;0;1;0;0;1;9.437585119;51.788045476
2;4;53;1;2017;6;9;6;3;5;3;1;1;0;0;0;0;0;7.745588477;53.168219451
2;4;55;20;2017;6;16;6;3;5;2;1;1;0;0;0;0;0;7.965139417;53.612623871
2;2;52;8;2017;7;22;7;2;9;1;0;1;0;0;0;2;1;9.550352017;52.073910502
2;3;61;2;2017;6;15;6;3;4;6;0;1;0;0;0;0;0;9.149500561;52.961263808
2;3;61;8;2017;6;20;6;3;8;1;0;1;0;0;0;0;1;9.187891976;53.03126177
2;1;59;17;2017;7;14;7;3;9;1;0;1;0;0;0;0;1;9.614778834;51.522321537
2;3;61;6;2017;6;16;6;2;5;3;1;0;0;0;0;0;0;9.156034358;52.968949882
2;1;59;35;2017;7;9;7;3;8;1;0;0;0;1;0;0;0;10.058534579;51.547165079
2;4;51;5;2017;6;5;6;3;9;1;0;1;0;0;0;1;0;8.225320886;53.2820849
2;2;51;41;2017;6;13;6;3;5;3;1;1;0;0;0;0;0;8.82488586;52.940482414
2;4;58;10;2017;6;18;6;3;2;6;0;1;0;0;0;0;0;8.341239789;53.121134515
2;3;53;31;2017;6;22;6;3;4;1;0;1;0;0;0;1;1;10.017027996;53.426960226
2;3;59;10;2017;6;15;6;2;2;6;0;1;0;1;1;0;0;9.650027934;53.474966644
2;3;58;5;2017;6;14;6;3;9;6;0;1;0;0;0;0;0;9.694124899;52.672326232
2;1;59;10;2017;7;16;7;2;8;1;0;1;0;0;0;0;1;10.221394351;51.49066032
2;3;58;8;2017;6;0;6;3;2;7;0;1;0;0;1;2;0;9.731994497;52.865432749
2;1;59;17;2017;7;18;7;2;9;1;0;0;0;0;1;0;1;9.64945452;51.372770103
2;1;59;16;2017;7;17;7;3;8;1;0;1;0;0;0;0;1;9.87960793;51.562101946
2;3;58;14;2017;6;16;6;3;5;3;0;1;0;1;0;0;0;9.583166536;52.762996988
2;1;59;16;2017;7;16;7;3;4;1;0;1;0;0;0;0;1;9.926751973;51.532809741
2;3;57;51;2017;6;22;6;3;0;1;0;0;0;1;0;2;1;9.579157324;52.985003492
2;1;54;13;2017;7;7;7;3;8;1;0;1;0;0;0;0;1;10.877379593;52.252484586
2;3;60;25;2017;6;14;6;3;5;3;1;1;0;0;0;0;0;10.545188955;52.956699558
2;1;58;37;2017;7;1;7;3;9;1;0;1;0;0;0;2;1;10.450698978;52.141383443
2;1;57;5;2017;7;15;7;3;4;1;0;1;0;0;0;0;1;10.346950524;52.214612305
2;3;51;24;2017;6;2;6;3;0;7;0;0;0;1;0;2;1;9.984627669;52.660667951
2;2;41;1;2017;6;17;6;3;0;7;1;0;0;0;0;0;0;9.780694103;52.326828123
2;1;53;17;2017;7;14;7;3;5;3;0;1;0;0;0;0;0;10.609723099;51.952527851
2;1;53;17;2017;7;6;7;3;8;6;0;1;0;0;0;0;1;10.584921421;51.971433886
2;2;41;5;2017;6;15;6;3;3;6;0;1;0;0;1;0;0;9.590850864;52.423554867
2;2;41;1;2017;6;12;6;3;5;2;1;1;0;0;0;0;0;9.721122026;52.361436512
2;1;51;11;2017;7;13;7;3;9;1;0;1;0;0;0;0;1;10.65153063;52.730284869
2;2;41;20;2017;6;9;6;2;2;2;0;1;0;0;0;0;0;9.555491378;52.275278728
2;2;41;1;2017;6;1;6;1;8;1;0;1;0;0;0;2;1;9.80473074;52.337804445
2;4;59;12;2017;6;14;6;2;5;3;0;1;0;1;0;0;0;8.209929478;52.26201966
2;1;55;13;2017;6;10;6;3;3;6;1;1;0;0;0;0;0;9.802415094;51.820371074
2;4;59;33;2017;6;16;6;3;5;3;0;1;0;0;0;0;0;8.046077701;52.344144091
2;1;55;6;2017;6;14;6;3;2;2;0;1;0;0;0;0;0;10.052453028;51.79101033
2;4;59;13;2017;6;8;6;2;8;1;0;1;0;0;0;0;0;8.271821892;52.340375985
2;2;54;2;2017;6;12;6;3;2;2;0;1;0;0;0;0;0;9.832707841;51.985963707
2;4;59;26;2017;6;16;6;3;2;2;0;1;0;1;0;0;0;7.810838112;52.483710744
2;4;57;20;2017;6;13;6;3;8;1;0;1;0;0;0;0;1;7.680409432;53.278280323
2;4;54;41;2017;6;13;6;3;9;1;0;1;0;0;0;0;1;7.387637079;53.070405543
2;4;54;29;2017;6;13;6;3;2;6;0;1;0;0;0;0;1;7.345840643;52.860242428
2;4;54;17;2017;6;6;6;2;5;3;0;1;0;0;1;0;0;7.604925307;52.570746547
2;4;52;10;2017;6;8;6;3;5;3;1;1;0;0;0;0;1;7.306231433;53.560222938
2;4;52;1;2017;6;15;6;3;5;3;0;1;0;0;1;0;1;7.567755408;53.552663057
2;4;53;11;2017;6;14;6;3;5;2;0;1;0;0;0;0;1;7.712476933;52.78938884
2;2;55;3;2017;6;19;6;3;9;1;0;0;0;1;0;0;0;9.513309248;51.911238569
2;2;52;8;2017;6;12;6;3;8;7;0;1;0;0;0;0;0;9.622868622;52.086454203
2;1;59;16;2017;6;17;6;3;2;6;0;1;0;0;0;0;0;9.899865142;51.531229613
2;1;59;7;2017;6;13;6;3;5;3;0;1;0;1;0;0;0;9.911347624;51.583721262
2;4;53;5;2017;6;12;6;3;2;6;0;1;0;0;1;0;0;8.12762759;52.824110234
2;1;3;0;2017;6;14;6;3;2;7;0;1;0;1;0;0;0;10.768074381;52.455510403
2;4;55;15;2017;6;8;6;3;3;6;0;1;0;0;1;0;1;8.019197147;53.521398373
2;3;61;9;2017;6;18;6;3;2;6;0;1;0;0;0;0;1;8.973697382;53.058657481
2;3;61;3;2017;6;13;6;3;4;2;0;1;0;0;0;0;0;9.2274642;52.847035934
2;4;51;1;2017;6;12;6;3;2;2;0;1;0;0;0;0;1;7.777079381;53.235325069
2;1;58;39;2017;6;19;6;2;8;1;0;0;1;1;0;0;0;10.510670546;52.052468521
2;4;51;7;2017;6;20;6;3;8;1;0;1;0;0;0;0;1;7.906917452;53.268745708
2;1;57;6;2017;6;14;6;3;2;2;0;1;0;0;0;0;0;10.259231948;52.300719631
2;2;51;37;2017;6;7;6;3;2;6;0;1;0;0;1;0;1;8.755811955;52.987978994
2;1;53;504;2017;6;7;6;3;9;1;0;1;0;0;0;0;1;10.622643025;51.686250663
2;2;51;41;2017;6;20;6;3;5;3;0;1;0;0;0;0;1;8.852236502;52.886501034
2;1;51;5;2017;6;7;6;3;5;3;0;1;0;0;0;0;0;10.93506633;52.59403939
2;1;51;12;2017;6;10;6;3;5;3;1;1;0;0;0;0;0;10.401804798;52.411651645
2;2;51;41;2017;6;15;6;3;9;1;0;1;0;0;0;0;1;8.908091773;52.901388917
2;4;4;0;2017;6;11;5;3;8;7;0;1;0;0;1;0;0;8.042121137;52.244072669
2;4;60;5;2017;6;8;5;3;2;6;0;1;0;0;0;0;0;8.110902546;52.589412653
2;2;51;12;2017;6;18;6;3;5;3;0;1;0;0;0;0;1;8.361204608;52.650661564
2;4;4;0;2017;6;12;5;3;5;3;0;0;0;0;1;0;0;8.104465278;52.296355686
2;4;57;14;2017;6;8;5;3;2;6;0;1;0;0;0;0;0;7.311534251;53.325151564
2;2;51;37;2017;6;13;6;3;2;6;0;1;0;0;1;0;1;8.739762515;53.011459376
2;4;57;13;2017;6;19;5;3;8;1;0;1;0;0;0;0;1;7.495448832;53.264050579
2;4;58;7;2017;6;16;6;2;6;4;0;1;1;0;0;0;1;8.285517602;52.991470466
2;4;56;8;2017;6;18;5;3;8;1;0;1;0;0;0;0;1;6.926376237;52.473070101
2;3;52;32;2017;6;18;6;3;2;2;0;1;0;0;0;0;1;8.611292996;53.450708546
2;3;53;31;2017;6;17;6;3;2;6;0;1;0;0;0;0;1;9.982810248;53.369929588
2;3;53;35;2017;6;19;6;3;5;2;0;1;0;0;0;0;1;9.71792742;53.275910399
2;3;53;21;2017;6;10;6;3;2;6;0;1;0;0;0;0;1;9.780028284;53.317693923
2;3;53;5;2017;6;16;6;3;2;1;0;1;0;0;0;0;1;9.861318571;53.353709282
2;3;53;5;2017;6;19;6;2;9;1;0;1;0;0;0;0;1;9.899927345;53.315554549
2;3;59;27;2017;6;14;6;3;8;1;0;1;0;0;0;0;1;9.539922089;53.501795614
2;4;56;14;2017;6;11;5;3;4;6;0;0;0;0;1;0;0;7.006380296;52.511162404
2;3;59;32;2017;6;12;6;3;5;3;0;1;0;0;1;0;1;9.623426434;53.540080435
2;3;59;10;2017;6;22;6;3;2;6;0;1;0;0;0;2;1;9.67128738;53.469679961
2;3;59;38;2017;6;11;6;3;2;6;0;1;0;0;1;0;1;9.436891903;53.594413412
2;3;58;22;2017;6;17;6;3;2;6;0;1;0;0;0;0;1;9.666371677;52.768840831
2;3;58;22;2017;6;16;6;3;0;1;0;1;0;0;1;0;1;9.591597356;52.837392853
2;3;58;22;2017;6;11;6;2;4;1;0;1;0;0;1;0;1;9.593001757;52.838453862
2;4;54;18;2017;6;7;5;2;4;1;0;1;0;0;1;0;0;7.130851719;52.776272139
2;3;58;21;2017;6;17;6;3;2;2;0;1;0;0;0;0;1;9.963920609;53.012007788
2;3;57;8;2017;6;14;6;3;2;6;0;1;0;0;0;0;1;9.120779307;53.493114371
2;3;57;39;2017;6;12;6;3;6;4;0;1;1;0;0;0;1;9.397187694;53.103630168
2;3;60;30;2017;6;6;6;3;2;2;0;1;0;0;0;0;1;10.6597295;52.884857958
2;4;54;26;2017;6;5;5;2;5;3;0;1;0;1;0;1;0;7.68279954;52.771686733
2;3;60;2;2017;6;10;6;3;5;3;0;1;0;0;0;0;1;10.578714561;53.078590126
2;3;55;26;2017;6;0;6;3;4;6;0;1;0;0;0;2;1;10.628147341;53.266059524
2;4;54;49;2017;6;17;5;3;3;2;0;1;0;0;0;0;0;7.42419193;52.365816154
2;2;41;1;2017;6;22;6;3;5;2;0;1;0;0;0;2;1;9.722220638;52.362624626
2;4;54;32;2017;6;14;5;2;5;3;0;1;0;0;0;0;0;7.39989958;52.486287625
2;2;41;1;2017;6;14;6;3;6;4;0;1;1;0;0;0;0;9.748224165;52.363078174
2;4;54;45;2017;6;11;5;3;5;2;0;1;0;0;0;0;0;7.329832283;52.323117618
2;4;52;14;2017;6;21;5;2;8;1;0;0;0;1;0;1;0;7.102070727;53.431514373
2;2;41;7;2017;6;18;6;3;2;6;0;1;0;0;0;0;0;9.739621169;52.319778445
2;4;60;2;2017;6;12;5;3;8;1;0;0;0;0;1;0;0;8.167617037;52.496082021
2;4;60;9;2017;6;13;5;3;2;6;0;1;0;0;0;0;0;8.27894238;52.701951996
2;4;53;10;2017;6;12;5;3;2;2;0;1;0;0;1;0;0;7.713902186;52.849171186
2;4;5;0;2017;6;14;5;3;8;1;0;0;0;1;0;0;0;8.038973307;53.615063818
2;2;41;12;2017;6;19;6;3;2;6;0;1;0;0;0;0;1;9.444612197;52.474744182
2;4;51;2;2017;6;12;5;3;5;3;1;1;0;0;0;0;0;8.004317802;53.186454713
2;2;41;12;2017;6;7;6;3;2;2;0;1;0;0;1;0;1;9.446815403;52.50464811
2;4;3;0;2017;6;17;5;3;2;6;0;1;0;0;0;0;0;8.234409801;53.150308094
2;2;41;2;2017;6;22;6;3;8;1;0;1;0;0;0;2;1;9.46149693;52.311613467
2;2;41;11;2017;6;11;6;3;9;1;0;0;0;1;0;0;1;9.965333717;52.390274865
2;2;41;6;2017;6;5;6;2;9;1;0;1;0;0;0;0;1;9.611651367;52.301850801
2;1;55;12;2017;6;5;6;3;8;1;0;0;0;0;1;1;0;9.745486532;51.678333479
2;1;55;10;2017;6;16;6;2;5;3;0;1;0;0;0;0;1;9.920377972;51.628826442
2;2;57;5;2017;6;7;6;3;2;6;0;1;0;0;0;0;1;9.099427148;52.238190689
2;1;59;17;2017;6;18;6;2;4;2;0;1;0;0;0;0;0;9.762322446;51.39623729
2;4;58;7;2017;6;9;5;2;9;7;0;1;0;0;0;0;0;8.17281626;52.928633274
2;1;59;14;2017;6;18;6;3;0;6;0;1;0;0;0;0;0;10.194973031;51.594037585
2;1;59;16;2017;6;18;6;3;2;6;0;1;0;0;1;0;0;9.880255552;51.525555233
2;4;61;7;2017;6;9;5;3;5;3;1;1;0;0;0;0;0;8.492083422;53.503207481
2;1;55;10;2017;6;18;6;2;8;6;0;1;0;0;0;0;1;9.919994485;51.631550551
2;4;1;0;2017;6;14;5;3;2;6;0;1;0;0;0;0;0;8.632152225;53.054578218
2;1;54;5;2017;6;16;6;3;9;1;0;1;0;0;0;0;0;10.91895449;52.197421725
2;3;59;28;2017;6;13;5;3;2;6;0;1;0;0;0;0;0;9.687506489;53.537081902
2;3;58;7;2017;6;21;5;3;3;6;1;1;0;0;0;1;0;9.637417778;52.690516644
2;1;57;5;2017;6;22;6;2;0;7;0;0;0;1;0;2;0;10.358112998;52.18801504
2;3;57;15;2017;6;22;5;3;0;1;0;0;0;1;0;2;1;9.669533693;53.17000836
2;3;57;41;2017;6;17;5;2;5;3;1;1;0;0;0;0;0;9.488503813;53.17109082
2;1;51;25;2017;6;7;6;3;5;3;0;1;0;0;0;0;1;10.629142407;52.491552022
2;1;1;0;2017;6;18;6;3;2;6;0;1;0;0;0;1;1;10.500512917;52.225316472
2;2;41;1;2017;6;17;5;3;5;2;0;1;0;0;0;0;0;9.698806338;52.347727868
2;2;41;21;2017;6;14;5;3;5;3;0;1;0;0;0;0;0;9.388325719;52.432329266
2;1;54;10;2017;6;3;6;3;9;1;0;1;0;0;0;2;1;11.058754598;52.218888326
2;2;41;15;2017;6;20;5;3;4;6;1;0;0;0;0;0;0;9.582207057;52.397134155
2;2;41;8;2017;6;17;5;3;2;2;0;1;0;0;0;0;0;9.894044387;52.443246428
2;1;1;0;2017;6;11;6;3;2;6;0;1;0;0;0;0;1;10.515407064;52.307211782
2;2;41;19;2017;6;18;5;2;4;6;1;0;0;0;0;0;0;9.752159867;52.547366063
2;4;4;0;2017;6;13;5;2;2;6;0;1;0;0;0;0;1;7.977808886;52.32784834
2;2;41;1;2017;6;18;5;3;2;6;0;1;0;0;0;0;0;9.645967862;52.423526939
2;2;41;17;2017;6;14;5;2;2;6;0;1;0;0;1;0;0;9.556165589;52.203497242
2;4;59;22;2017;6;15;5;3;2;2;0;1;0;0;1;0;1;8.142463604;52.138279262
2;4;59;22;2017;6;6;5;2;8;7;0;1;0;0;0;0;0;8.142144809;52.185407851
2;4;57;10;2017;6;11;5;3;5;3;0;1;0;0;0;0;0;7.642447755;53.306958122
2;4;57;13;2017;6;20;5;3;2;6;0;1;0;0;0;1;1;7.487165741;53.236344611
2;4;57;13;2017;6;16;5;3;2;6;0;1;0;0;0;0;1;7.425941737;53.231870667
2;4;54;25;2017;6;15;5;2;5;3;0;1;0;0;0;0;0;7.352363105;52.925025487
2;4;56;23;2017;6;20;5;2;8;1;0;1;0;0;0;0;1;6.889758796;52.517303391
2;4;56;15;2017;6;21;5;2;8;1;0;1;0;0;0;0;1;7.083635684;52.515351738
2;4;62;8;2017;6;16;5;2;8;1;0;1;0;0;0;0;1;7.615824792;53.610888501
2;4;55;20;2017;6;19;5;2;8;1;0;1;0;0;0;0;0;7.90229871;53.681509127
2;2;41;1;2017;6;6;5;2;5;2;0;0;0;0;1;0;0;9.837313614;52.396992668
2;4;5;0;2017;6;7;5;3;5;3;1;1;0;0;0;0;0;8.091583196;53.510923823
2;3;56;9;2017;6;23;5;3;2;7;0;1;0;0;0;2;1;8.600542585;53.202036229
2;2;57;31;2017;6;16;5;3;2;6;0;1;0;0;1;0;0;9.137388407;52.198607286
2;3;56;8;2017;6;1;5;2;9;1;0;1;0;0;0;2;1;8.708663353;53.181381053
2;2;54;17;2017;6;7;5;3;5;3;1;1;0;0;0;0;0;9.909027978;52.20991275
2;3;61;6;2017;6;21;5;2;2;6;0;1;0;0;0;0;1;9.159977193;52.966578195
2;2;54;17;2017;6;17;5;3;2;6;0;1;0;0;0;0;0;9.923082342;52.191430749
2;2;54;22;2017;6;22;5;3;8;1;0;1;0;0;0;2;1;10.180384399;52.043094227
2;4;3;0;2017;6;18;5;3;3;6;0;1;0;0;0;0;1;8.271037871;53.165029078
2;1;59;10;2017;6;12;5;2;4;1;0;1;0;1;0;0;0;10.299306576;51.544034776
2;1;55;10;2017;6;20;5;3;9;1;0;1;0;0;0;1;1;9.912281925;51.620308213
2;1;3;0;2017;6;14;5;3;2;7;0;1;0;1;0;0;1;10.774286053;52.453781717
2;1;58;37;2017;6;20;5;2;8;1;0;1;0;0;0;1;1;10.575337409;52.158287945
2;1;58;37;2017;6;8;5;3;2;2;0;1;0;0;0;0;0;10.516784942;52.139576677
2;1;58;37;2017;6;7;5;3;5;3;0;1;0;0;0;0;0;10.552855626;52.150956115
2;4;55;15;2017;6;16;5;3;9;1;0;1;0;0;0;0;1;8.006278782;53.525770264
2;1;2;0;2017;6;14;5;2;4;2;0;1;0;1;0;0;0;10.460546879;52.196082096
2;4;51;7;2017;6;16;5;2;5;3;1;1;0;0;0;0;1;7.925312345;53.246452465
2;1;2;0;2017;6;14;5;3;5;3;1;1;0;0;0;0;0;10.327957436;52.154220112
2;2;51;37;2017;6;15;5;3;3;6;0;1;0;1;0;0;1;8.801723627;53.022278473
2;4;58;8;2017;6;22;5;3;9;1;0;1;0;0;1;2;1;8.585490126;52.961196322
2;4;58;3;2017;6;12;5;3;3;6;0;1;0;0;1;0;0;8.448960506;52.91537454
2;4;1;0;2017;6;5;5;3;8;1;0;1;0;0;0;1;1;8.672295761;53.030776377
2;4;61;4;2017;6;15;5;3;8;1;0;1;0;0;0;0;0;8.474584199;53.285467248
2;1;51;40;2017;6;13;5;3;7;7;0;1;0;0;0;0;1;10.699002289;52.646782268
2;4;58;14;2017;6;18;5;3;2;2;0;1;0;0;1;0;1;8.40315013;52.89908815
2;1;51;11;2017;6;13;5;1;7;7;0;1;0;0;0;0;1;10.645183542;52.730950527
2;4;1;0;2017;6;17;5;3;2;6;0;1;0;0;0;0;1;8.600442338;53.048955208
2;4;4;0;2017;6;20;4;3;3;6;0;1;0;0;0;0;0;8.000444644;52.334616503
2;4;59;29;2017;6;17;4;3;3;2;0;1;0;0;0;0;0;8.191632837;52.383324681
2;3;52;29;2017;6;6;5;2;9;7;0;1;0;0;0;0;1;9.085864844;53.619588577
2;4;4;0;2017;6;17;4;3;5;2;1;1;0;0;0;0;0;8.026093296;52.289996446
2;4;4;0;2017;6;15;4;3;5;3;1;1;0;0;0;0;0;8.021263169;52.232616182
2;3;53;26;2017;6;18;5;3;9;1;0;1;0;0;0;0;0;9.799874999;53.458607271
2;4;57;21;2017;6;14;4;2;5;3;1;1;0;0;0;0;0;7.319564471;53.172613585
2;4;57;20;2017;6;8;4;3;5;3;0;1;0;0;0;0;0;7.751037901;53.268334977
2;3;59;38;2017;6;17;5;3;2;6;0;1;0;0;1;0;0;9.472459183;53.583626807
2;4;57;11;2017;6;1;4;3;9;1;0;1;0;0;0;2;0;7.607004567;53.280386482
2;3;58;7;2017;6;19;5;3;9;1;0;1;0;0;0;0;1;9.659432503;52.698380379
2;4;56;15;2017;6;19;4;3;2;6;0;1;0;0;0;0;0;7.072583954;52.440748236
2;4;52;19;2017;6;12;4;2;5;3;0;1;0;0;0;0;0;7.222609128;53.607533143
2;3;58;22;2017;6;9;5;1;6;2;0;0;1;0;1;0;0;9.591127747;52.862137293
2;3;60;17;2017;6;7;5;3;4;6;0;0;0;1;1;0;0;10.650639936;53.095865509
2;2;41;1;2017;6;15;5;3;0;1;0;0;0;1;0;0;1;9.727160935;52.366990602
2;2;41;1;2017;6;6;5;3;5;3;1;1;0;0;0;0;0;9.795260409;52.415122747
2;2;41;17;2017;6;19;5;3;9;7;0;1;0;0;0;0;1;9.608923087;52.217620466
2;2;41;21;2017;6;15;5;3;8;1;0;1;0;0;0;0;1;9.489908127;52.487861622
2;4;52;19;2017;6;12;4;3;2;6;0;1;0;0;0;0;0;7.221673428;53.580372945
2;2;41;1;2017;6;19;5;3;6;4;0;1;1;0;0;0;1;9.735283357;52.394660313
2;2;41;1;2017;6;19;5;3;2;6;0;1;0;0;1;0;1;9.826232223;52.354367159
2;2;41;1;2017;6;17;5;3;5;2;1;1;0;0;0;0;1;9.747781668;52.363652969
2;2;41;1;2017;6;13;5;3;3;6;0;1;0;0;1;0;1;9.746237451;52.427319877
2;2;56;32;2017;6;16;5;2;8;1;0;1;0;0;0;0;1;9.019682757;52.506907735
2;2;57;31;2017;6;19;5;3;8;1;0;1;0;0;0;0;1;9.069101774;52.173146459
2;4;52;6;2017;6;8;4;3;2;6;0;1;0;0;1;0;0;7.603867211;53.401317072
2;2;57;6;2017;6;17;5;3;5;2;0;1;0;0;0;0;1;9.398288711;52.335200183
2;4;52;1;2017;6;10;4;3;5;3;1;1;0;0;0;0;0;7.52395887;53.477296738
2;2;54;22;2017;6;19;5;3;9;1;0;0;0;0;1;0;1;10.1458546;52.103032
2;4;53;7;2017;6;22;4;2;8;1;0;0;0;1;0;2;0;7.793527896;53.025779653
2;1;59;11;2017;6;5;5;3;5;3;0;1;0;0;0;0;0;10.054245552;51.59311085
2;4;53;5;2017;6;7;4;3;5;3;0;1;0;0;0;0;0;8.211987294;52.812224891
2;4;53;9;2017;6;22;4;3;9;1;0;1;0;0;0;2;0;7.873262541;52.802499723
2;4;53;5;2017;6;7;4;2;2;2;0;1;0;0;0;0;0;8.228316668;52.81041943
2;1;3;0;2017;6;1;5;1;8;1;0;1;0;0;0;2;0;10.852694294;52.361187932
2;1;2;0;2017;6;17;5;3;5;2;1;1;0;0;0;0;1;10.352822652;52.156069998
2;1;53;12;2017;6;23;5;2;9;1;0;1;0;0;0;2;1;10.120577515;51.86132227
2;1;51;5;2017;6;22;5;3;5;3;0;1;0;0;0;2;1;10.932203374;52.572891521
2;4;55;25;2017;6;7;4;3;5;3;1;1;0;0;0;0;0;8.036290611;53.41535737
2;4;55;25;2017;6;14;4;2;4;6;0;1;0;0;0;0;0;8.026758205;53.388282009
2;4;5;0;2017;6;10;4;3;5;3;1;1;0;0;0;0;0;8.056962697;53.578292051
2;3;56;9;2017;6;10;4;3;5;3;1;1;0;0;0;0;0;8.594166143;53.22589462
2;1;58;5;2017;6;7;5;3;2;6;0;1;0;0;0;0;0;10.493501069;52.095257017
2;3;56;7;2017;6;11;4;3;6;4;0;1;1;0;0;0;0;8.779181256;53.230774773
2;3;61;1;2017;6;17;4;3;5;2;0;0;0;1;1;0;0;9.031542123;53.022760347
2;3;61;6;2017;6;20;4;3;0;3;1;0;0;1;0;0;0;9.174568425;52.980542649
2;4;3;0;2017;6;11;4;3;5;3;1;1;0;0;0;0;0;8.181417063;53.130121491
2;4;3;0;2017;6;6;4;2;4;2;1;1;0;0;0;0;0;8.207233977;53.141327767
2;4;59;21;2017;6;11;4;3;2;2;0;1;0;0;0;0;0;7.961240604;52.269582713
2;2;51;41;2017;6;16;4;2;5;2;1;1;0;0;0;0;0;8.793354683;52.898082553