ULAND;UJAHR;UMONAT;USTUNDE;UWOCHENTAG;UKATEGORIE;UART;UTYP1;ULICHTVERH;IstRad;IstPKW;IstFuss;IstKrad;IstGkfz;IstSonstig;STRZUSTAND;XGCSWGS84;YGCSWGS84
2;4;61;1;2017;6;10;4;3;5;3;0;1;0;0;0;0;0;8.557542004;53.157329357
2;4;4;0;2017;6;14;4;3;2;6;0;1;0;0;0;0;1;8.045127173;52.259633907
2;4;57;20;2017;6;19;4;2;8;1;0;1;0;0;0;0;1;7.708948086;53.336611581
2;4;54;29;2017;6;13;4;3;4;7;0;0;0;0;1;0;0;7.317183127;52.869592709
2;4;54;35;2017;6;20;4;3;3;6;0;1;0;0;1;0;1;7.287881694;52.700858526
2;4;54;32;2017;6;14;4;3;2;2;0;0;0;0;1;0;1;7.347453536;52.517216628
2;4;52;6;2017;6;4;4;3;9;1;0;1;0;0;0;2;1;7.571326102;53.429733815
2;4;58;13;2017;6;9;4;3;1;5;0;1;0;0;0;0;0;8.182050815;53.101691885
2;4;53;7;2017;6;10;4;3;5;3;0;1;0;0;0;0;1;7.85555741;53.032651227
2;4;60;9;2017;6;17;4;3;2;6;0;1;0;0;0;0;1;8.278962027;52.701989915
2;4;58;14;2017;6;12;4;3;0;6;0;0;0;1;0;0;0;8.415309635;52.89214162
2;4;53;6;2017;6;17;4;3;9;1;0;1;0;0;0;0;1;7.92694777;52.694926115
2;4;53;9;2017;6;19;4;3;4;6;0;1;0;0;0;0;1;7.948224888;52.808921797
2;3;52;62;2017;6;11;4;2;1;5;0;1;1;0;0;0;0;8.840999422;53.624414842
2;3;61;8;2017;6;15;4;3;5;2;1;1;0;0;0;0;1;9.14295473;53.108297979
2;4;3;0;2017;6;15;4;3;2;6;0;1;0;0;1;0;1;8.225835974;53.13433239
2;2;51;42;2017;6;13;4;3;5;3;0;1;0;0;0;0;1;8.64968617;52.805454054
2;2;51;44;2017;6;12;4;3;3;6;0;1;0;0;1;0;0;8.628675225;52.54568718
2;4;3;0;2017;6;1;4;2;9;1;0;1;0;0;0;2;1;8.276171198;53.169322729
2;4;58;3;2017;6;22;4;3;8;7;0;1;0;0;0;2;1;8.447893215;52.941226873
2;4;58;6;2017;6;12;4;3;5;2;0;1;0;0;0;0;1;8.61660231;52.992314796
2;3;52;11;2017;6;16;4;3;2;2;0;1;0;0;0;0;0;8.673150359;53.859711084
2;3;53;35;2017;6;19;4;3;5;3;0;1;0;0;0;0;0;9.698774325;53.279992218
2;3;52;63;2017;6;15;4;2;2;6;0;1;0;0;1;0;0;9.05633753;53.772668822
2;3;58;22;2017;6;14;4;2;8;1;0;1;0;0;0;0;0;9.604970785;52.828208711
2;3;57;18;2017;6;17;4;2;0;1;0;0;0;1;0;0;1;9.296315188;53.21483367
2;3;52;11;2017;6;7;4;3;2;6;0;1;0;0;0;0;0;8.681646478;53.836220629
2;3;60;25;2017;6;16;4;2;5;3;1;0;0;0;1;0;1;10.476810408;52.956637754
2;3;53;5;2017;6;21;4;1;9;1;0;0;0;1;0;0;0;9.848211729;53.372501635
2;3;53;23;2017;6;18;4;3;7;7;1;0;0;0;1;0;0;10.351402108;53.396810398
2;3;54;15;2017;6;12;4;2;8;1;0;1;0;0;0;0;0;11.376911042;52.908430469
2;3;58;12;2017;6;19;4;3;3;2;0;1;0;0;1;0;0;9.637340486;52.711781765
2;3;58;20;2017;6;16;4;3;5;3;1;1;0;0;0;0;0;9.609801999;52.684215286
2;3;57;51;2017;6;10;4;3;2;2;0;1;0;0;0;0;0;9.575619486;52.983538912
2;3;60;1;2017;6;21;4;2;8;1;0;0;0;1;0;1;0;10.609028007;53.137020523
2;3;60;2;2017;6;17;4;3;5;3;0;1;0;0;0;0;0;10.58615473;53.058410442
2;3;60;23;2017;6;16;4;3;5;3;0;1;0;1;0;0;0;10.451975603;52.896820642
2;3;60;25;2017;6;17;4;2;2;6;0;1;0;1;0;0;0;10.565483421;52.983695611
2;3;55;9;2017;6;6;4;3;9;7;0;1;0;0;0;0;0;10.643192786;53.318214405
2;3;51;22;2017;6;6;4;3;5;2;1;1;0;0;0;0;0;10.199384075;52.586231333
2;3;51;6;2017;6;12;4;3;3;2;1;1;0;0;0;0;0;10.087544452;52.623534877
2;2;41;1;2017;6;9;4;3;3;2;1;1;0;0;0;0;0;9.676437197;52.355676947
2;2;41;1;2017;6;17;4;3;3;2;1;1;0;0;0;0;0;9.724007384;52.377639188
2;2;41;2;2017;6;17;4;3;2;2;0;1;0;0;0;0;1;9.495534305;52.33882427
2;2;41;2;2017;6;16;4;3;5;3;0;1;0;0;0;0;1;9.481443244;52.301631223
2;2;41;2;2017;6;11;4;2;4;2;1;1;0;0;0;0;1;9.459931386;52.306962804
2;2;41;1;2017;6;17;4;3;3;6;0;1;0;0;0;0;0;9.862597025;52.372110167
2;2;41;5;2017;6;19;4;3;2;6;0;1;0;0;0;0;1;9.59010124;52.43900148
2;2;41;5;2017;6;16;4;3;2;2;0;1;0;0;0;0;1;9.608765196;52.443824045
2;2;41;1;2017;6;22;4;3;5;3;0;1;0;0;0;2;0;9.781172754;52.324730614
2;2;41;10;2017;6;16;4;3;2;6;0;1;0;0;0;0;1;9.642418582;52.441835335
2;2;41;1;2017;6;8;4;3;5;3;1;1;0;0;0;0;0;9.78981807;52.421129518
2;2;41;1;2017;6;8;4;3;3;6;0;1;0;0;0;0;0;9.719158557;52.347341034
2;2;41;15;2017;6;13;4;3;5;3;0;1;0;0;1;0;0;9.568890889;52.399608562
2;2;41;12;2017;6;16;4;3;5;3;1;1;0;0;0;0;0;9.45636819;52.484499827
2;2;41;1;2017;6;8;4;3;5;3;0;1;0;0;0;0;0;9.642247019;52.414581487
2;2;41;12;2017;6;15;4;3;2;2;0;1;0;0;0;0;0;9.449148348;52.522519786
2;2;41;12;2017;6;15;4;3;9;7;0;1;0;0;0;0;0;9.617577896;52.5977343
2;2;41;5;2017;6;11;4;3;5;3;1;1;0;0;0;0;0;9.609179943;52.4427868
2;2;41;16;2017;6;9;4;3;5;2;1;1;0;0;0;0;0;9.965965556;52.315579847
2;1;55;2;2017;6;12;4;2;5;3;0;1;0;0;0;0;1;9.551083234;51.644494157
2;2;54;21;2017;6;11;4;3;9;1;0;1;0;0;1;0;1;9.997099286;52.145155753
2;2;54;21;2017;6;18;4;3;2;6;0;1;0;0;0;0;0;9.987037867;52.162685365
2;2;55;8;2017;6;15;4;3;9;1;0;1;0;0;0;0;1;9.796161382;51.94800204
2;2;52;6;2017;6;19;4;3;0;1;0;0;0;1;0;0;1;9.351978384;52.090664357
2;2;41;1;2017;6;23;4;2;5;3;1;1;0;0;0;2;0;9.717149858;52.34617943
2;1;59;21;2017;6;16;4;3;8;1;0;1;0;0;0;0;1;9.783629367;51.478045071
2;1;59;31;2017;6;19;4;3;8;1;0;1;0;0;0;0;1;9.71514891;51.458321284
2;2;41;11;2017;6;15;4;2;1;5;0;1;0;0;1;0;0;9.995212491;52.388238662
2;1;59;17;2017;6;18;4;3;2;2;0;1;0;0;1;0;0;9.658544886;51.418623449
2;1;59;16;2017;6;19;4;3;5;3;1;1;0;0;0;0;0;9.921733207;51.526776591
2;2;41;11;2017;6;10;4;2;2;6;0;1;0;0;1;0;0;10.070757627;52.368269286
2;1;59;17;2017;6;14;4;2;8;1;0;0;0;0;1;0;1;9.663716403;51.389864789
2;1;59;17;2017;6;14;4;3;2;6;0;1;0;0;0;0;0;9.616242721;51.360629296
2;2;41;15;2017;6;8;4;3;2;6;0;1;0;0;1;0;0;9.511576569;52.410248729
2;1;54;17;2017;6;11;4;2;9;1;0;1;0;0;0;0;0;10.846907324;52.182881161
2;2;57;21;2017;6;19;4;3;8;1;1;0;0;0;0;0;0;9.247488923;52.325589078
2;1;58;37;2017;6;21;4;3;2;6;0;1;0;0;0;0;0;10.488165896;52.162898969
2;2;57;9;2017;6;10;4;3;3;6;0;1;0;1;0;0;0;9.085832266;52.254355568
2;2;57;1;2017;6;11;4;3;2;6;0;1;0;0;0;0;0;9.085062866;52.254492177
2;1;58;37;2017;6;16;4;2;5;3;1;1;0;0;0;0;0;10.519192072;52.164989186
2;2;56;35;2017;6;17;4;3;5;2;0;1;0;1;0;0;0;9.082053763;52.755516514
2;2;54;20;2017;6;16;4;3;5;2;0;1;0;0;0;0;0;9.943671789;52.214342116
2;2;54;8;2017;6;15;4;1;4;6;0;1;0;1;0;0;0;10.084532118;52.047186732
2;2;52;7;2017;6;5;4;3;3;6;0;1;0;0;0;0;0;9.290914721;52.141222188
2;1;59;10;2017;6;7;4;3;0;3;0;1;0;0;0;0;0;10.261443727;51.496734146
2;1;59;10;2017;6;18;4;2;0;2;0;1;0;1;0;0;0;10.317006336;51.520692068
2;1;59;16;2017;6;10;4;3;2;6;0;1;0;0;1;0;0;9.946599335;51.555397927
2;1;57;6;2017;6;10;4;2;6;4;0;1;1;0;0;0;0;10.231272512;52.328846259
2;1;54;27;2017;6;9;4;2;5;3;0;1;0;0;0;0;0;10.926514236;52.101244014
2;1;2;0;2017;6;17;4;3;5;3;1;1;0;0;0;0;0;10.345312843;52.170721323
2;1;54;21;2017;6;12;4;3;4;6;0;1;0;0;1;0;0;10.884534014;52.250817652
2;1;51;13;2017;6;16;4;3;5;3;0;1;0;0;0;0;0;10.590253543;52.4335046
2;1;51;25;2017;6;14;4;3;2;6;0;1;0;0;0;0;0;10.639300761;52.48216945
2;1;3;0;2017;6;7;4;3;6;3;0;1;1;0;0;0;0;10.849525641;52.434765742
2;1;51;27;2017;6;8;4;3;2;6;0;0;0;0;1;0;0;10.426606863;52.334210727
2;4;59;3;2017;6;18;3;3;5;3;0;1;0;0;0;0;0;8.414139325;52.365884342
2;1;58;37;2017;6;10;4;3;5;3;1;1;0;0;0;0;0;10.550229221;52.164475492
2;4;59;30;2017;6;17;3;3;5;3;1;1;0;0;0;0;0;7.947511135;52.681016021
2;4;4;0;2017;6;16;3;3;3;6;1;1;0;0;0;0;0;8.037876945;52.279435687
2;4;57;6;2017;6;21;3;3;8;1;0;1;0;0;0;1;1;7.637094361;53.224007414
2;4;54;41;2017;6;12;3;3;2;2;0;1;0;1;0;0;0;7.437735819;53.08811895
2;1;57;8;2017;6;13;4;3;3;6;1;0;0;0;1;0;0;10.393820423;52.328017123
2;4;54;35;2017;6;8;3;2;4;2;0;1;0;0;0;0;0;7.343066097;52.65807357
2;4;54;35;2017;6;7;3;3;2;2;0;1;0;0;0;0;0;7.291889336;52.684801611
2;1;57;2;2017;6;11;4;1;9;1;0;1;0;0;0;0;0;10.084103805;52.24144606
2;4;54;10;2017;6;8;3;3;5;3;0;1;0;0;1;0;0;7.299910387;52.45665435
2;1;53;18;2017;6;14;4;3;2;6;0;1;0;0;0;0;0;10.325003759;51.786967416
2;4;52;7;2017;6;18;3;2;4;2;1;1;0;0;0;0;0;7.404125451;53.58452949
2;1;51;11;2017;6;16;4;3;4;2;0;1;0;0;0;0;0;10.607493631;52.732284333
2;1;51;24;2017;6;16;4;3;2;6;0;1;0;0;0;0;0;10.884574153;52.484437717
2;4;52;1;2017;6;17;3;2;3;2;0;1;0;1;0;0;0;7.525894194;53.50803891
2;1;51;13;2017;6;18;4;3;4;6;1;0;0;0;0;0;0;10.596167404;52.436501142
2;1;51;16;2017;6;17;4;3;8;1;0;1;0;0;0;0;0;10.562192956;52.383690297
2;1;51;16;2017;6;15;4;3;4;1;0;1;0;0;0;0;0;10.53711024;52.351639028
2;1;51;16;2017;6;13;4;3;5;2;0;1;0;0;0;0;0;10.544331609;52.339685167
2;1;51;27;2017;6;10;4;3;5;3;0;1;0;0;0;0;0;10.460972432;52.360586821
2;4;60;6;2017;6;17;3;3;2;6;0;1;0;0;0;0;0;8.261251128;52.629028032
2;4;53;6;2017;6;13;3;3;5;3;0;1;0;0;1;0;0;7.961604617;52.749238662
2;4;5;0;2017;6;23;3;3;2;6;0;1;0;0;0;2;1;8.098826354;53.528683259
2;3;56;7;2017;6;15;3;3;8;1;0;1;0;0;0;0;0;8.842448195;53.252981537
2;3;61;9;2017;6;15;3;3;2;6;0;1;0;0;0;0;0;9.050462566;53.060551315
2;4;59;3;2017;6;16;3;3;8;1;0;1;0;0;0;0;0;8.40476775;52.310885263
2;3;61;13;2017;6;14;3;3;8;1;0;1;0;0;0;0;0;9.007252781;52.951687797
2;4;51;5;2017;6;20;3;3;5;3;0;1;0;0;0;0;1;8.19823318;53.248453271
2;4;59;1;2017;6;15;3;3;2;6;0;1;0;0;0;0;0;7.957670528;52.468544883
2;4;51;2;2017;6;14;3;3;5;2;0;1;0;0;0;0;0;7.955959019;53.185375357
2;4;4;0;2017;6;18;3;3;5;3;1;1;0;0;0;0;0;8.084267552;52.310151012
2;2;51;37;2017;6;12;3;2;9;1;0;1;0;0;0;0;0;8.709319955;52.996883584
2;4;4;0;2017;6;12;3;3;2;2;0;1;0;0;0;0;0;8.054134671;52.265624197
2;2;51;3;2017;6;4;3;2;9;1;0;1;0;0;0;1;0;8.783101134;52.551245284
2;4;2;0;2017;6;18;3;3;2;6;0;1;0;0;0;0;0;7.232275426;53.339750318
2;4;54;57;2017;6;9;3;3;5;3;1;1;0;0;0;0;0;7.708404116;52.866047064
2;4;54;47;2017;6;10;3;3;6;2;0;1;1;0;0;0;0;7.517830452;52.832324175
2;4;54;41;2017;6;8;3;3;2;2;0;1;0;0;0;0;0;7.436713098;53.079618573
2;4;56;15;2017;6;10;3;2;4;2;0;1;0;0;0;0;0;7.030930252;52.492192425
2;4;54;19;2017;6;11;3;2;4;1;0;1;0;0;1;0;0;7.443663404;52.688709892
2;4;62;5;2017;6;16;3;3;3;2;0;1;0;0;0;0;0;7.775535294;53.448587399
2;4;52;14;2017;6;19;3;2;0;1;0;0;0;1;0;0;0;7.135183757;53.480341137
2;4;60;1;2017;6;12;3;3;4;6;0;1;0;0;1;0;0;8.083384733;52.733254757
2;4;55;25;2017;6;16;3;3;8;3;1;0;0;1;0;0;0;8.02628773;53.406873288
2;3;56;10;2017;6;7;3;3;2;2;0;1;0;0;0;0;0;8.879524428;53.319594491
2;4;58;7;2017;6;16;3;2;8;7;0;0;0;0;1;0;0;8.181044335;52.953643067
2;3;56;7;2017;6;18;3;1;4;6;0;1;0;1;0;0;0;8.774957294;53.232439397
2;3;52;32;2017;6;14;3;3;5;3;0;1;0;0;0;0;0;8.582012257;53.441270152
2;3;61;9;2017;6;13;3;3;2;6;0;1;0;0;0;0;0;9.020369533;53.084335451
2;3;52;32;2017;6;12;3;3;0;7;0;0;0;1;1;0;0;8.595676964;53.45992907
2;3;61;8;2017;6;7;3;3;5;3;0;1;0;0;0;0;0;9.133655819;53.095471942
2;3;59;10;2017;6;17;3;3;2;6;0;1;0;0;1;0;0;9.731949041;53.454292469
2;3;61;6;2017;6;17;3;3;3;2;1;1;0;0;0;0;0;9.120052419;52.998501341
2;3;59;13;2017;6;13;3;2;9;6;0;1;0;0;1;0;0;9.453371114;53.686061995
2;4;51;1;2017;6;6;3;3;5;2;0;1;0;0;0;0;0;7.855156188;53.163842284
2;4;51;4;2017;6;12;3;3;5;3;1;1;0;0;0;0;0;7.980791579;53.124637223
2;3;58;16;2017;6;14;3;2;5;3;0;1;0;0;0;0;0;10.087506062;52.982192366
2;4;51;4;2017;6;7;3;3;5;2;0;1;0;0;0;0;0;7.929249806;53.122057174
2;4;3;0;2017;6;9;3;3;5;3;1;1;0;0;0;0;0;8.229777569;53.135959048
2;2;51;26;2017;6;15;3;3;5;3;1;1;0;0;0;0;0;9.065068094;52.876421069
2;3;57;57;2017;6;13;3;3;5;3;0;1;0;0;0;0;0;9.320955823;53.283852941
2;2;41;1;2017;6;17;3;3;0;7;0;0;0;1;0;0;0;9.690933527;52.376889383
2;2;51;43;2017;6;15;3;3;4;1;0;1;0;0;1;0;0;8.724473546;52.611571212
2;2;41;21;2017;6;20;3;3;9;1;0;1;0;0;0;1;1;9.453626982;52.446485139
2;4;61;7;2017;6;13;3;3;4;2;0;1;0;0;0;0;0;8.476718571;53.50503155
2;2;41;20;2017;6;17;3;3;5;3;0;1;0;0;0;0;0;9.573808234;52.282520128
2;2;41;8;2017;6;10;3;3;3;6;0;1;0;0;0;0;0;9.822886987;52.426156305
2;4;58;13;2017;6;17;3;3;2;6;0;1;0;0;0;0;0;8.207561975;53.03519234
2;2;41;1;2017;6;19;3;3;5;3;1;1;0;0;0;0;0;9.782710328;52.372025971
2;2;41;17;2017;6;16;3;2;4;2;1;1;0;0;0;0;0;9.628243025;52.212407879
2;4;1;0;2017;6;15;3;3;2;6;0;1;0;0;0;0;0;8.594828384;53.043867242
2;2;41;1;2017;6;9;3;2;0;7;1;0;0;0;0;0;0;9.722203983;52.378352025
2;3;52;59;2017;6;8;3;3;2;2;0;1;0;0;1;0;0;8.802606801;53.446766606
2;2;57;31;2017;6;11;3;3;2;6;0;1;0;0;0;0;0;9.11526872;52.193696618
2;3;52;62;2017;6;17;3;2;8;1;0;1;0;0;0;0;0;8.733591544;53.579213433
2;2;54;2;2017;6;17;3;3;2;6;0;1;0;0;1;0;0;9.844447461;51.967206972
2;3;53;7;2017;6;17;3;2;8;7;0;1;0;0;0;0;0;10.313160429;53.428390723
2;3;53;35;2017;6;22;3;3;5;3;0;1;0;1;0;1;0;9.712496399;53.281124717
2;3;59;25;2017;6;4;3;1;9;1;0;1;0;0;0;0;0;9.283072592;53.59731268
2;3;58;5;2017;6;19;3;2;2;6;0;0;0;0;1;0;0;9.695170275;52.66932228
2;3;58;22;2017;6;12;3;3;5;3;1;1;0;0;0;0;0;9.594704699;52.858530919
2;2;54;2;2017;6;13;3;2;5;3;0;1;0;1;0;0;0;9.860501893;52.000028799
2;3;58;19;2017;6;11;3;3;5;3;0;1;0;0;0;0;0;9.812625017;53.17216727
2;3;57;21;2017;6;22;3;3;7;7;0;0;0;1;0;2;0;9.369494306;53.334009674
2;2;54;2;2017;6;8;3;2;9;7;0;0;0;0;1;0;0;9.812522479;51.979917617
2;3;57;51;2017;6;16;3;3;5;2;0;1;0;0;0;0;0;9.580197285;52.985493178
2;3;57;37;2017;6;17;3;3;3;6;0;1;0;0;1;0;0;9.216180473;53.130530008
2;1;59;29;2017;6;14;3;3;9;1;0;1;0;0;0;0;0;9.838871582;51.482703333
2;3;55;16;2017;6;9;3;3;5;3;0;1;0;0;0;0;0;10.3466549;53.186523128
2;3;51;6;2017;6;21;3;3;3;6;0;1;0;0;0;1;0;10.080455846;52.634159379
2;3;51;6;2017;6;12;3;3;2;6;0;1;0;0;0;0;0;10.089397367;52.622251451
2;2;41;1;2017;6;16;3;3;3;2;1;1;0;0;0;0;0;9.756551101;52.334126528
2;2;41;14;2017;6;12;3;3;5;2;1;1;0;0;0;0;0;9.665448965;52.334015572
2;1;58;37;2017;6;18;3;3;2;5;0;1;0;0;0;0;0;10.518352693;52.139785271
2;1;53;18;2017;6;12;3;3;8;1;0;0;0;1;0;0;0;10.309963974;51.805638647
2;2;41;11;2017;6;18;3;3;6;6;0;0;1;1;0;0;0;9.991961469;52.375438134
2;1;51;33;2017;6;19;3;3;5;3;0;1;0;0;0;0;0;10.429196554;52.591041396
2;2;41;18;2017;6;16;3;3;2;6;0;1;0;0;0;0;0;10.265641921;52.478811209
2;1;1;0;2017;6;9;3;3;2;6;0;0;0;0;1;0;0;10.533857527;52.313414979
2;4;60;7;2017;6;17;2;3;3;6;0;1;0;0;1;0;0;8.069982522;52.488788376
2;2;41;2;2017;6;15;3;2;4;6;1;0;0;0;0;0;0;9.507872556;52.340361661
2;2;41;17;2017;6;16;3;2;4;6;0;1;0;0;1;0;0;9.67068435;52.245393474
2;4;59;24;2017;6;7;2;2;8;7;0;1;0;0;0;0;1;8.29187083;52.250544848
2;4;59;26;2017;6;20;2;3;5;3;0;1;0;0;0;0;0;7.784580981;52.464161274
2;2;41;3;2017;6;13;3;1;2;6;0;1;0;0;1;0;0;10.057769701;52.467848443
2;4;59;18;2017;6;6;2;3;2;2;0;1;0;0;0;0;1;7.988551479;52.57099476
2;2;41;19;2017;6;14;3;3;3;6;0;1;0;0;0;0;0;9.764061968;52.508188962
2;4;54;14;2017;6;11;2;3;4;2;0;1;0;0;0;0;0;7.313824519;52.62251447
2;2;57;3;2017;6;13;3;2;2;6;0;0;0;0;1;0;0;9.18132505;52.215569026
2;2;41;1;2017;6;14;3;3;3;6;0;1;0;0;1;0;0;9.660160879;52.426415132
2;1;55;12;2017;6;8;3;3;9;1;0;0;0;1;0;0;0;9.613751777;51.634266791
2;3;59;25;2017;7;11;2;3;2;6;0;1;0;0;1;0;0;9.309595766;53.612823204
2;2;41;21;2017;7;9;2;3;8;1;0;1;0;0;0;0;1;9.46624996;52.454252899
2;3;59;36;2017;7;13;2;3;5;3;0;1;0;0;0;0;0;9.248835621;53.590124058
2;3;57;50;2017;7;10;2;3;8;1;0;0;0;0;1;0;0;9.537178779;53.336655591
2;3;57;8;2017;7;13;2;3;5;3;1;1;0;0;0;0;0;9.179837504;53.429730532
2;3;57;18;2017;7;9;2;3;8;7;0;0;0;0;1;0;0;9.299517822;53.202611171
2;3;55;30;2017;7;16;2;3;9;7;0;0;0;0;1;0;0;10.581220643;53.217689964
2;2;41;1;2017;7;18;2;2;5;3;1;1;0;0;0;0;0;9.727014892;52.366566165
2;3;51;24;2017;7;17;2;3;2;2;0;1;0;0;0;0;0;9.91838416;52.709658796
2;2;41;1;2017;7;6;2;3;8;1;0;0;0;0;1;0;1;9.62932231;52.421843826
2;2;41;10;2017;7;13;2;3;9;1;0;1;0;0;0;0;1;9.732410133;52.492668374
2;2;41;1;2017;7;8;2;3;0;3;1;1;0;0;0;0;0;9.730173979;52.368941946
2;2;41;1;2017;7;9;2;3;2;6;0;1;0;0;0;0;1;9.831264469;52.42268155
2;2;41;1;2017;7;7;2;3;6;4;1;0;1;0;0;0;1;9.737916869;52.368402727
2;2;41;1;2017;7;10;2;3;3;6;0;1;0;1;0;0;0;9.7615293;52.345865529
2;1;55;13;2017;7;13;2;3;8;1;0;1;0;0;0;0;1;9.812875168;51.849351842
2;1;55;7;2017;7;23;2;3;7;7;0;0;0;1;0;2;0;10.083695927;51.690349671
2;2;57;31;2017;7;14;2;3;2;6;0;1;0;0;0;0;1;9.088343815;52.16914781
2;2;56;29;2017;7;8;2;2;0;1;0;0;0;1;1;0;1;9.415969918;52.651992846
2;2;41;16;2017;7;10;2;3;8;1;0;1;0;0;1;0;1;9.887224827;52.297017364
2;2;55;23;2017;7;13;2;3;2;6;0;0;0;0;1;0;1;9.485068132;51.82256301
2;2;52;6;2017;7;19;2;2;5;3;0;1;0;0;1;1;0;9.274841017;52.133218916
2;1;55;9;2017;7;6;2;3;8;1;0;1;0;0;0;1;1;9.925791855;51.678118206
2;1;58;2;2017;7;16;2;3;9;1;0;1;0;0;0;0;1;10.229171543;52.084976248
2;1;57;1;2017;7;6;2;2;8;1;0;1;0;0;0;0;0;10.258613478;52.388508192
2;1;2;0;2017;7;22;2;3;4;2;0;1;0;0;0;2;0;10.325173872;52.148212333
2;2;41;14;2017;7;18;2;3;6;6;1;0;1;0;0;0;0;9.663748802;52.32393573
2;1;51;27;2017;7;5;2;3;9;1;0;1;0;0;0;1;0;10.425578697;52.368654076
2;2;41;2;2017;7;11;2;3;4;6;1;1;0;0;0;0;0;9.472721364;52.29983774
2;1;57;8;2017;7;14;2;2;2;6;0;0;0;0;1;0;0;10.319515411;52.337838859
2;2;41;5;2017;7;20;2;3;2;6;0;1;0;0;0;0;0;9.611385076;52.433807453
2;2;41;1;2017;7;18;2;3;2;6;0;1;0;0;0;0;0;9.820017205;52.406482806
2;1;58;6;2017;7;3;2;2;2;6;0;1;0;0;1;2;0;10.720646066;52.296681283
2;4;59;22;2017;7;8;1;3;3;6;0;1;0;0;0;0;0;8.143510054;52.197638611
2;2;41;1;2017;7;16;2;3;5;3;1;0;0;0;1;0;0;9.777362214;52.328220057
2;2;41;1;2017;7;15;2;3;2;6;0;1;0;0;0;0;0;9.735688714;52.400663433
2;4;59;20;2017;7;18;1;2;4;2;1;1;0;0;0;0;0;7.917471386;52.209860488
2;4;59;20;2017;7;13;1;3;8;1;0;0;0;1;0;0;0;8.01620748;52.178468689
2;2;41;9;2017;7;10;2;3;2;6;0;1;0;0;1;0;0;9.804901582;52.31790428
2;4;59;26;2017;7;16;1;3;5;3;0;1;0;0;0;0;0;7.831771201;52.477158908
2;4;57;19;2017;7;16;1;3;5;2;0;1;0;0;0;0;0;7.660723706;53.304127215
2;2;41;1;2017;7;10;2;3;3;7;1;0;0;0;1;0;0;9.76181512;52.345926433
2;4;57;20;2017;7;14;1;3;5;3;1;1;0;0;0;0;0;7.747652643;53.307491359
2;2;57;2;2017;7;4;2;2;2;6;0;0;0;0;1;2;1;9.337320929;52.276412295
2;4;57;8;2017;7;14;1;3;4;2;0;1;0;0;0;0;0;7.635067056;53.249335552
2;4;54;39;2017;7;19;1;3;8;1;0;1;0;0;0;0;0;7.259825908;52.867763795
2;2;57;35;2017;7;7;2;2;5;3;0;1;0;0;0;0;1;9.219232982;52.332723825
2;4;54;19;2017;7;9;1;2;8;1;0;1;0;0;0;0;0;7.379716636;52.704059937
2;4;54;32;2017;7;14;1;3;8;1;0;1;0;0;0;0;0;7.417731058;52.507529454
2;4;52;12;2017;7;15;1;3;0;6;0;0;1;1;0;0;0;7.40238347;53.369086251
2;4;60;10;2017;7;23;1;3;8;1;0;1;0;0;0;2;0;8.260979696;52.875060448
2;4;60;6;2017;7;20;1;3;2;6;0;1;0;0;1;0;0;8.229872875;52.668806138
2;3;56;7;2017;7;0;1;3;5;3;0;1;0;1;0;2;0;8.802531719;53.22078833
2;2;56;21;2017;7;17;2;2;4;2;0;1;0;0;0;0;0;9.150537525;52.65174497
2;1;59;16;2017;7;16;2;3;2;2;0;1;0;0;0;0;0;9.88635789;51.52729098
2;4;1;0;2017;7;17;1;3;8;7;0;1;0;0;0;0;0;8.656364765;53.030982541
2;1;58;39;2017;7;7;2;3;5;3;0;1;0;0;1;0;1;10.521365039;52.025758631
2;4;1;0;2017;7;17;1;3;2;6;0;1;0;0;1;0;0;8.65569182;53.031146065
2;1;2;0;2017;7;17;2;3;0;7;0;0;1;0;1;0;0;10.357742894;52.106525582
2;1;57;2;2017;7;15;2;2;5;3;1;1;0;0;0;0;0;10.088416912;52.303832551
2;4;61;3;2017;7;19;1;2;8;1;0;0;0;1;0;0;0;8.242587497;53.549989362
2;1;53;17;2017;7;19;2;3;1;5;0;1;0;0;0;0;0;10.478579486;51.905304452
2;1;51;11;2017;7;19;2;3;5;3;0;1;0;0;0;0;0;10.604210342;52.732551489
2;4;1;0;2017;7;22;1;3;5;3;1;1;0;0;0;1;0;8.633387407;53.051417896
2;1;51;27;2017;7;18;2;2;5;3;0;1;0;0;0;0;0;10.42232996;52.350430902
2;4;57;19;2017;7;19;1;2;4;2;0;1;0;0;0;0;0;7.652221903;53.307180734
2;3;53;26;2017;7;4;1;2;9;1;0;1;0;0;0;1;0;9.800792587;53.457520469
2;4;56;14;2017;7;15;1;3;4;6;0;1;0;1;0;0;0;6.979198791;52.514274585
2;3;53;42;2017;7;11;1;2;5;3;1;1;0;0;0;0;0;10.158906866;53.301675168
2;4;54;54;2017;7;20;1;3;8;1;0;1;0;0;0;0;0;7.08453639;52.64879805
2;3;53;40;2017;7;13;1;3;2;2;1;0;0;0;0;0;0;10.230306965;53.373061756