ULAND;UJAHR;UMONAT;USTUNDE;UWOCHENTAG;UKATEGORIE;UART;UTYP1;ULICHTVERH;IstRad;IstPKW;IstFuss;IstKrad;IstGkfz;IstSonstig;STRZUSTAND;XGCSWGS84;YGCSWGS84
2;3;59;12;2017;7;12;1;3;5;3;1;1;0;0;0;0;0;9.568686603;53.544535519
2;3;59;22;2017;7;20;1;3;8;1;0;1;0;0;0;0;0;9.418179414;53.626333474
2;3;58;7;2017;7;19;1;3;2;6;0;1;0;0;0;0;0;9.685628235;52.703299348
2;3;58;16;2017;7;11;1;3;2;6;0;1;0;0;0;0;0;10.014045475;53.016924821
2;4;52;19;2017;7;20;1;3;8;1;0;1;0;0;0;0;0;7.191286238;53.620365863
2;3;58;2;2017;7;11;1;3;2;6;0;1;0;0;0;0;0;10.100542946;53.089610237
2;3;58;19;2017;7;21;1;3;5;3;1;1;0;0;0;1;0;9.803858884;53.110797183
2;3;57;44;2017;7;21;1;3;3;6;0;1;0;0;0;0;0;9.509489919;53.292604459
2;3;54;9;2017;7;10;1;3;5;3;0;1;0;0;1;0;0;11.047938231;53.128970818
2;3;54;18;2017;7;10;1;2;6;4;0;1;1;0;0;0;0;11.169166789;52.956733176
2;3;55;9;2017;7;14;1;3;2;6;0;0;0;1;0;0;0;10.734559862;53.295270356
2;4;60;8;2017;7;19;1;3;2;6;0;1;0;0;0;0;1;8.210591604;52.574585081
2;2;41;1;2017;7;18;1;3;2;6;0;1;0;0;0;0;0;9.733639038;52.368962052
2;4;55;20;2017;7;9;1;3;0;7;0;1;0;1;0;0;1;7.915202682;53.65741556
2;3;61;3;2017;7;12;1;3;8;1;0;0;0;1;0;0;1;9.218504843;52.896959613
2;3;61;3;2017;7;21;1;3;8;1;0;1;0;0;0;1;1;9.286483854;52.871365887
2;2;51;15;2017;7;22;1;3;9;1;0;1;0;0;0;0;1;8.665262374;52.766968484
2;2;41;1;2017;7;13;1;3;0;7;1;0;0;0;0;0;0;9.745045186;52.367471324
2;3;52;11;2017;7;10;1;3;6;7;0;1;1;0;0;0;1;8.649163591;53.880153328
2;2;41;1;2017;7;17;1;3;2;2;0;1;0;0;0;0;0;9.759716581;52.335153089
2;2;41;17;2017;7;12;1;3;8;1;0;0;0;1;0;0;0;9.623672048;52.167853981
2;2;41;7;2017;7;17;1;3;8;1;0;0;0;1;0;0;0;9.740888856;52.299312644
2;2;41;1;2017;7;13;1;3;2;2;0;1;0;0;0;0;0;9.698509177;52.345619969
2;2;41;1;2017;7;13;1;3;5;2;0;1;0;0;0;0;0;9.714575325;52.361076432
2;3;58;17;2017;7;2;1;3;9;1;0;1;0;0;0;2;0;9.77062927;53.023958278
2;1;55;11;2017;7;9;1;3;0;3;0;1;0;1;0;0;0;10.001088369;51.714274834
2;2;54;43;2017;7;3;1;3;7;7;0;1;0;0;0;2;0;9.75501817;52.050184103
2;2;54;42;2017;7;14;1;3;5;3;0;1;0;0;0;0;0;9.944050407;51.934197561
2;2;54;41;2017;7;11;1;2;9;7;0;0;0;1;0;0;0;9.651876415;51.97010777
2;2;54;21;2017;7;21;1;2;8;7;0;1;0;0;0;1;0;10.030748513;52.138768098
2;2;55;8;2017;7;10;1;3;0;1;0;0;0;1;0;0;1;9.75452773;51.956658718
2;3;51;21;2017;7;22;1;2;8;1;0;1;0;0;0;2;1;10.166488012;52.543635849
2;2;41;1;2017;7;18;1;3;2;6;0;1;0;0;0;0;0;9.774104588;52.371012026
2;2;55;33;2017;7;2;1;2;9;1;0;1;0;0;0;2;0;9.407078157;51.89881282
2;2;41;13;2017;7;14;1;3;5;2;0;1;0;0;0;0;0;9.724633556;52.243068965
2;2;52;8;2017;7;14;1;2;1;2;0;1;0;0;0;0;0;9.562961788;52.077968083
2;2;41;12;2017;7;17;1;3;5;3;0;1;0;0;0;0;0;9.461162492;52.468419512
2;2;41;12;2017;7;12;1;3;4;6;1;0;0;1;0;0;0;9.412175702;52.505227157
2;2;52;8;2017;7;14;1;3;5;3;1;1;0;0;0;0;0;9.634976265;52.090471278
2;2;41;16;2017;7;13;1;3;4;1;0;1;0;0;0;0;0;9.918985487;52.341153583
2;1;55;13;2017;7;3;1;3;9;1;0;1;0;0;0;2;0;9.865094612;51.774302819
2;2;52;5;2017;7;7;1;3;8;1;0;1;0;0;0;0;0;9.417717448;52.05925422
2;1;58;2;2017;7;8;1;3;5;2;0;1;0;1;0;0;1;10.27089975;52.063724472
2;1;55;13;2017;7;13;1;3;9;1;0;1;0;0;0;0;0;9.864995807;51.858351191
2;2;57;11;2017;7;22;1;3;7;7;0;0;0;1;0;2;1;9.400763803;52.3947498
2;1;51;17;2017;7;12;1;3;5;3;0;1;0;0;0;0;0;10.363253117;52.47990501
2;2;54;26;2017;7;11;1;3;0;7;1;0;0;0;1;0;0;9.807310551;52.192157331
2;4;59;8;2017;7;18;7;2;0;7;1;0;0;0;0;0;0;8.130236022;52.307843603
2;4;59;24;2017;7;17;7;3;0;1;1;0;0;0;0;0;0;8.35256305;52.190204699
2;4;59;12;2017;7;15;7;3;5;3;1;1;0;0;0;0;0;8.242901647;52.280626795
2;4;59;8;2017;7;12;7;2;7;7;0;1;0;0;1;0;0;8.124714418;52.321227348
2;4;59;19;2017;7;14;7;3;5;3;0;1;0;0;0;0;0;8.070603817;52.235151832
2;4;4;0;2017;7;16;7;3;2;6;0;1;0;0;0;0;0;8.02449849;52.290777147
2;4;4;0;2017;7;11;7;2;2;6;0;1;0;0;1;0;0;8.030366427;52.239085879
2;4;54;57;2017;7;22;7;3;2;6;0;1;0;0;0;1;0;7.693242545;52.851353779
2;4;56;15;2017;7;11;7;3;5;3;0;1;0;0;0;0;0;7.082834979;52.440738446
2;4;62;3;2017;7;11;7;3;2;6;0;1;0;0;1;0;0;7.616950653;53.666384972
2;4;60;5;2017;7;20;7;2;4;6;0;1;0;0;1;0;0;8.101501782;52.597314777
2;3;61;1;2017;7;15;7;3;5;3;0;1;0;0;0;0;0;9.051932094;53.003687116
2;3;61;12;2017;7;14;7;3;9;1;0;1;0;0;0;0;1;9.230564109;52.924000571
2;3;61;12;2017;7;10;7;3;2;6;0;1;0;0;0;0;0;9.251859416;52.969338764
2;2;55;2;2017;7;14;1;3;2;6;0;1;0;1;0;0;0;9.532041751;51.866667665
2;2;51;44;2017;7;5;7;3;9;7;0;1;0;0;0;1;0;8.566572596;52.57114515
2;2;52;5;2017;7;6;1;3;8;1;0;1;0;0;0;0;0;9.418393404;52.061723915
2;2;52;6;2017;7;2;1;3;7;7;0;1;1;0;0;2;0;9.362849789;52.104233257
2;4;58;5;2017;7;23;7;3;8;1;0;1;0;0;0;2;0;8.526099162;53.086258833
2;1;3;0;2017;7;11;1;3;3;6;0;1;0;0;0;0;0;10.82511689;52.439390861
2;1;53;2;2017;7;12;1;3;8;1;0;0;0;1;0;0;0;10.53367192;51.844837802
2;3;52;60;2017;7;12;7;2;8;1;0;1;0;0;0;0;1;8.618466435;53.327376263
2;3;52;11;2017;7;5;7;3;8;1;0;1;0;0;0;1;1;8.591141328;53.823906348
2;1;53;2;2017;7;10;1;3;8;1;0;1;0;0;0;0;0;10.635350622;51.899301699
2;1;53;17;2017;7;7;1;2;8;1;0;1;0;0;0;0;0;10.377117401;51.975363818
2;3;58;22;2017;7;11;7;3;2;6;0;1;0;0;0;0;0;9.675320899;52.797001357
2;3;58;7;2017;7;13;7;3;1;5;0;1;0;0;0;0;0;9.662261022;52.705160039
2;1;1;0;2017;7;9;1;2;4;7;0;1;0;0;1;0;0;10.53109641;52.345322927
2;3;58;21;2017;7;15;7;3;2;6;0;1;0;1;0;0;1;9.905207688;52.993384601
2;4;59;15;2017;7;17;7;3;3;6;0;1;0;0;1;0;0;8.188139372;52.104815129
2;3;57;16;2017;7;11;7;3;2;2;0;1;0;1;0;0;0;9.005929606;53.377403311
2;3;57;5;2017;7;14;7;3;2;2;0;1;0;0;0;0;1;9.325150609;53.154043227
2;3;57;23;2017;7;7;7;3;7;7;0;1;0;0;0;0;1;9.489823143;53.201685746
2;4;4;0;2017;7;16;7;3;2;6;0;1;0;0;0;0;0;8.045779566;52.260472596
2;3;51;6;2017;7;12;7;3;9;1;0;1;0;0;0;0;0;10.054924289;52.597178321
2;4;4;0;2017;7;14;7;3;1;5;1;1;0;0;0;0;0;8.067622336;52.281547117
2;4;56;25;2017;7;7;7;3;9;1;0;1;0;0;0;0;0;7.256638757;52.469184958
2;4;54;18;2017;7;0;7;3;0;1;0;0;0;0;1;2;1;7.208667774;52.748022609
2;4;56;25;2017;7;9;7;3;2;6;0;1;0;0;0;0;0;7.21173654;52.48114597
2;2;41;1;2017;7;20;7;3;2;6;0;1;0;0;0;0;0;9.732939002;52.421114067
2;4;62;1;2017;7;12;7;3;5;3;0;1;0;0;0;0;0;7.565341354;53.587950671
2;2;56;32;2017;7;9;7;2;2;7;0;0;0;1;1;0;0;9.07604966;52.52276195
2;4;62;5;2017;7;11;7;2;7;7;1;0;0;0;0;0;0;7.812992406;53.482579524
2;2;57;9;2017;7;20;7;2;6;4;0;1;1;0;0;0;0;9.036119067;52.262740868
2;4;62;19;2017;7;13;7;3;4;1;0;1;0;0;0;0;0;7.777881589;53.567764777
2;2;54;8;2017;7;16;7;2;8;7;0;0;0;1;0;0;0;10.138533065;52.053056801
2;2;52;1;2017;7;21;7;3;7;7;0;0;0;1;0;0;0;9.208073386;52.075173405
2;1;54;8;2017;7;12;7;2;8;1;0;0;0;0;1;0;0;11.008667168;52.296354424
2;1;3;0;2017;7;0;7;3;9;1;0;1;0;0;0;2;1;10.871336747;52.470851844
2;4;52;14;2017;7;14;7;2;5;2;0;1;0;1;0;0;0;7.088036753;53.494317347
2;1;2;0;2017;7;13;7;3;9;1;0;1;0;0;0;0;0;10.377309128;52.073814994
2;1;57;9;2017;7;17;7;3;5;3;0;1;0;1;0;0;0;10.161483497;52.248237639
2;4;59;24;2017;7;6;6;3;0;1;0;0;0;1;0;0;1;8.335548445;52.193297617
2;4;59;8;2017;7;16;6;3;6;4;0;1;1;0;0;0;1;8.133801756;52.310967336
2;4;59;8;2017;7;12;6;2;5;3;0;1;0;1;0;0;0;8.149546209;52.32223134
2;4;59;18;2017;7;17;6;3;5;3;0;1;0;0;0;0;0;7.99567882;52.574495614
2;4;4;0;2017;7;20;6;3;2;6;0;1;0;1;0;0;0;8.078547633;52.28512521
2;4;4;0;2017;7;15;6;3;6;4;0;1;1;0;0;0;0;8.065605972;52.281053599
2;4;54;21;2017;7;13;6;2;3;2;1;1;0;0;0;0;0;7.597879561;52.673693809
2;4;62;19;2017;7;19;6;3;5;3;1;1;0;0;0;0;0;7.793410821;53.57189461
2;4;62;5;2017;7;16;6;3;5;3;0;1;0;0;0;0;0;7.837394073;53.456033271
2;4;53;12;2017;7;14;7;3;5;2;0;1;0;1;0;0;0;7.971842031;52.851266626
2;4;52;6;2017;7;16;6;2;8;1;0;0;0;0;1;0;0;7.597853132;53.438513998
2;4;52;12;2017;7;4;6;3;9;1;0;1;0;0;0;1;0;7.387355935;53.453685595
2;4;55;14;2017;7;10;7;3;5;3;1;1;0;0;0;0;1;8.01508629;53.500488412
2;4;53;5;2017;7;12;6;3;5;3;0;1;0;0;1;0;0;8.229974764;52.854625417
2;4;51;1;2017;7;23;7;2;4;2;0;1;0;0;0;2;0;7.804720749;53.177163804
2;3;56;5;2017;7;15;6;3;5;3;0;1;0;0;1;0;0;8.909386523;53.149031461
2;3;61;2;2017;7;14;6;3;2;6;0;1;0;0;0;0;0;9.157795739;52.913852406
2;2;51;47;2017;7;11;7;3;5;3;1;1;0;0;0;0;0;8.869959632;52.985823634
2;2;51;41;2017;7;17;7;3;5;3;1;1;0;0;0;0;0;8.828169424;52.919604746
2;4;58;3;2017;7;7;7;2;3;1;0;1;0;1;0;0;0;8.434285552;52.914592251
2;4;58;10;2017;7;2;7;3;2;6;0;1;0;0;1;2;0;8.286082739;53.101546775
2;3;61;5;2017;7;11;6;3;5;3;1;1;0;0;0;0;0;9.324740145;52.94166054
2;4;61;7;2017;7;17;7;1;4;6;0;1;0;0;0;0;0;8.445408395;53.435618209
2;4;61;7;2017;7;12;6;3;0;7;0;0;0;0;1;0;0;8.498890821;53.509981824
2;4;58;10;2017;7;17;7;3;5;3;1;1;0;0;0;0;0;8.478053781;53.101583818
2;4;1;0;2017;7;10;7;3;5;3;0;1;0;1;0;0;0;8.682039758;53.056830607
2;4;58;10;2017;7;11;6;3;5;3;0;1;0;0;0;0;0;8.341324476;53.12118405
2;3;59;10;2017;7;11;7;3;5;3;0;1;0;0;0;0;0;9.682718071;53.465037603
2;3;58;4;2017;7;17;7;2;5;3;0;0;0;1;1;0;0;9.619552605;52.912236319
2;4;1;0;2017;7;13;6;3;0;2;1;1;0;0;0;0;0;8.623281602;53.06462341
2;3;52;59;2017;7;11;6;3;2;6;0;1;0;1;0;0;0;8.831967652;53.448901703
2;3;58;22;2017;7;11;7;3;5;3;1;1;0;0;0;0;0;9.610586426;52.866287791
2;3;58;22;2017;7;10;7;2;3;2;0;1;0;0;0;0;0;9.658955642;52.776612932
2;3;52;59;2017;7;17;6;3;8;7;0;1;0;0;0;0;0;8.693437306;53.415765978
2;3;52;62;2017;7;20;6;3;5;2;1;1;0;0;0;0;0;8.597362785;53.595172054
2;3;57;17;2017;7;5;7;3;8;6;0;1;0;0;0;1;1;9.457902247;53.272413832
2;3;52;22;2017;7;17;6;2;1;7;0;1;0;1;0;0;0;9.13624851;53.701563224
2;3;60;2;2017;7;15;7;3;2;2;0;1;0;0;0;0;0;10.529031675;53.079488535
2;3;53;31;2017;7;17;6;3;2;6;0;1;0;0;0;0;0;10.031024122;53.390038785
2;3;55;31;2017;7;14;7;3;5;3;1;0;0;0;0;0;0;10.367435045;53.247142675
2;3;53;35;2017;7;13;6;3;5;3;1;1;0;0;0;0;0;9.700108138;53.280303897
2;3;59;10;2017;7;12;6;3;5;3;1;1;0;0;0;0;0;9.617775622;53.478578029
2;3;51;6;2017;7;11;7;3;2;6;0;1;0;0;0;0;0;10.129457086;52.621433356
2;3;59;4;2017;7;23;6;3;9;1;0;1;0;0;0;2;0;9.086347493;53.810088099
2;2;41;1;2017;7;10;7;3;2;6;0;1;0;0;0;0;0;9.698494738;52.347479502
2;2;41;1;2017;7;9;7;3;6;4;1;0;1;0;0;0;0;9.744675282;52.36901864
2;2;41;19;2017;7;13;7;3;2;6;1;0;0;0;0;0;0;9.724591235;52.602993405
2;2;41;1;2017;7;22;7;2;2;6;0;1;0;0;0;2;0;9.718922043;52.333525095
2;3;59;38;2017;7;14;6;3;2;6;0;1;0;0;0;0;0;9.433333099;53.593455045
2;3;58;22;2017;7;11;6;3;9;1;0;1;0;0;0;0;0;9.67001728;52.786037464
2;1;55;9;2017;7;21;7;3;9;1;0;0;0;1;0;0;0;9.89521547;51.729775943
2;1;55;5;2017;7;12;7;3;8;1;0;1;0;0;0;0;1;9.850119191;51.646033645
2;2;54;2;2017;7;22;7;2;6;4;0;1;1;0;0;2;0;9.799979777;51.994278563
2;2;54;42;2017;7;19;7;2;2;6;0;1;0;1;0;0;0;9.973517296;51.93890886
2;2;54;20;2017;7;16;7;3;2;6;0;1;0;1;0;0;0;9.932742104;52.231804337
2;2;52;5;2017;7;15;7;2;0;1;0;0;0;1;0;0;0;9.338979385;52.014853674
2;3;58;9;2017;7;20;6;2;9;1;0;1;0;0;0;0;1;9.411941511;52.768282509
2;1;59;17;2017;7;10;7;3;4;1;0;1;0;0;0;0;0;9.686728224;51.447594953
2;3;58;19;2017;7;11;6;3;5;3;0;1;0;0;0;0;0;9.691900015;53.12685859
2;1;53;12;2017;7;21;7;3;5;2;0;1;0;1;0;0;0;10.17861423;51.894087876
2;3;57;31;2017;7;23;6;2;9;1;0;0;0;1;0;2;0;9.440860844;53.030925941
2;1;53;504;2017;7;17;7;3;9;1;0;0;0;1;0;0;0;10.467394778;51.806255639
2;3;51;12;2017;7;11;6;2;8;6;0;1;0;0;0;0;0;9.973841217;52.634936367
2;3;51;4;2017;7;13;6;3;2;6;0;1;0;0;1;0;0;9.968465374;52.801485017
2;1;53;18;2017;7;15;7;3;5;3;0;1;0;1;0;0;0;10.536574911;51.802459827
2;2;41;1;2017;7;18;6;3;2;6;0;1;0;0;0;0;0;9.714826609;52.398467249
2;2;41;15;2017;7;9;6;3;4;7;0;1;0;0;0;0;0;9.593056432;52.406680734
2;1;53;17;2017;7;6;7;3;8;7;0;1;0;0;0;0;1;10.527276363;51.962578518
2;2;41;10;2017;7;21;6;3;5;3;1;1;0;0;0;1;1;9.724980457;52.454036742
2;4;59;27;2017;7;20;6;3;8;1;0;1;0;0;0;0;0;7.862846923;52.442215364
2;2;41;3;2017;7;21;6;3;9;1;0;1;0;0;0;2;1;9.932136113;52.441290394
2;2;41;19;2017;7;21;6;2;8;1;0;1;0;0;0;1;1;9.7788464;52.55391784
2;2;41;11;2017;7;14;6;3;2;6;0;1;0;0;1;0;0;10.1048307;52.364018986
2;2;41;10;2017;7;6;6;1;5;3;1;1;0;0;0;0;0;9.734573449;52.438433015
2;2;54;43;2017;7;5;6;3;4;1;0;1;0;0;0;1;0;9.826239365;52.089717393
2;2;54;2;2017;7;13;6;3;4;6;0;1;0;0;0;0;0;9.822323218;51.99534573
2;4;59;31;2017;7;14;6;2;5;3;0;1;0;1;0;0;0;8.030658546;52.505633034
2;2;54;11;2017;7;3;6;2;5;1;0;1;0;0;0;2;0;9.977383407;52.110048545
2;4;54;31;2017;7;16;6;2;4;1;0;1;0;0;0;0;1;7.539264419;52.562671584
2;4;53;7;2017;7;17;6;3;5;2;0;1;0;0;0;0;1;7.92871601;53.075012516
2;1;55;11;2017;7;18;6;3;2;6;0;1;0;0;0;0;0;10.028721055;51.774785687
2;4;53;3;2017;7;21;6;3;8;7;0;1;0;0;0;1;0;8.049712218;52.810025911
2;1;57;2;2017;7;19;6;3;5;2;0;1;0;1;0;0;0;10.054705017;52.255840462
2;4;55;25;2017;7;13;6;3;5;3;1;1;0;0;0;0;0;8.012261855;53.390119795
2;1;51;33;2017;7;9;6;3;0;2;0;1;0;0;0;0;0;10.402883283;52.591093945
2;3;56;7;2017;7;17;6;3;0;6;0;1;0;1;0;0;1;8.791671017;53.218071218
2;3;61;12;2017;7;17;6;3;2;6;0;1;0;0;1;0;0;9.246111635;52.960335684
2;1;1;0;2017;7;12;6;3;2;6;0;1;0;0;0;0;0;10.526005479;52.275421391
2;4;59;4;2017;7;10;5;3;5;3;1;1;0;0;0;0;0;8.045126175;52.158891299
2;4;3;0;2017;7;16;6;3;2;6;0;1;0;0;0;0;1;8.274060511;53.154739515
2;4;51;7;2017;7;14;6;3;9;1;0;0;0;1;0;0;1;7.903629687;53.279939647
2;4;59;10;2017;7;11;5;2;4;2;0;1;0;1;0;0;0;7.93010544;52.547643286
2;4;57;20;2017;7;19;5;3;2;6;0;1;0;0;0;0;0;7.751639602;53.257468214
2;4;3;0;2017;7;16;6;3;2;6;0;1;0;0;0;0;1;8.193723453;53.150803921
2;4;57;20;2017;7;0;5;3;7;7;0;1;0;0;0;2;0;7.761598597;53.261470367
2;4;54;41;2017;7;19;5;2;2;2;0;1;0;0;0;0;0;7.420032833;53.0620318
2;4;51;2;2017;7;15;6;3;5;3;0;0;0;0;1;0;1;8.069350661;53.177143095
2;4;54;41;2017;7;15;5;2;8;1;0;0;0;1;0;0;0;7.391941673;53.039605301
2;4;51;2;2017;7;13;6;3;2;6;0;1;0;0;0;0;0;8.068800836;53.18318152
2;4;56;13;2017;7;7;5;3;2;2;0;1;0;0;0;0;0;6.961033749;52.473412267
2;4;3;0;2017;7;10;6;3;2;6;0;1;0;0;0;0;0;8.21156405;53.113054236
2;4;54;14;2017;7;16;5;2;5;3;0;1;0;0;0;0;0;7.264005162;52.60055923
2;4;61;7;2017;7;5;6;3;5;3;0;1;0;0;0;0;0;8.453746839;53.482057327
2;4;61;1;2017;7;0;6;3;9;7;0;1;0;0;0;2;0;8.423676715;53.154242329
2;4;58;14;2017;7;22;6;3;5;2;0;1;0;0;0;1;0;8.417392695;52.889333129
2;3;53;31;2017;7;9;6;3;2;6;0;1;0;0;0;0;0;9.960551445;53.378612402
2;3;53;31;2017;7;8;6;3;3;6;0;1;0;0;1;0;0;9.961725025;53.37858988
2;3;53;31;2017;7;14;6;2;2;2;0;1;0;0;0;0;0;9.975833505;53.394908375
2;3;59;23;2017;7;13;6;3;5;3;0;1;0;1;0;0;0;9.495932706;53.450443536
2;3;59;13;2017;7;16;6;3;5;3;0;1;0;0;0;0;0;9.387723835;53.746522706
2;4;54;32;2017;7;13;5;3;0;7;1;0;0;0;0;0;0;7.328906809;52.522174304
2;4;62;9;2017;7;17;5;1;9;1;0;0;0;1;0;0;0;7.438934239;53.589101927
2;4;60;7;2017;7;11;5;3;5;3;1;1;0;0;0;0;0;8.094927405;52.47800512
2;4;53;9;2017;7;10;5;2;3;2;1;0;0;0;1;0;0;7.861058803;52.795557122
2;3;58;8;2017;7;1;6;3;0;1;0;0;0;0;1;2;0;9.809465558;52.919825511
2;4;55;27;2017;7;14;5;3;2;6;0;1;0;0;0;0;0;7.951686224;53.390382417
2;3;58;4;2017;7;15;6;3;2;6;0;1;0;0;0;0;0;9.619552605;52.912236319
2;3;54;27;2017;7;11;6;2;8;1;0;1;0;0;0;0;0;10.911183028;53.069724298
2;3;51;6;2017;7;15;6;3;1;5;0;1;0;1;0;0;0;10.107869429;52.605945774
2;2;41;1;2017;7;14;6;3;3;6;0;1;0;0;1;0;0;9.720753963;52.339085145
2;4;5;0;2017;7;15;5;3;3;2;1;1;0;0;0;0;0;8.116233588;53.527793059
2;2;41;5;2017;7;11;6;3;2;6;0;1;0;0;0;0;0;9.611348512;52.433509892
2;3;56;9;2017;7;13;5;3;2;2;0;1;0;0;0;0;0;8.5905959;53.243419325
2;2;41;8;2017;7;12;6;3;5;2;0;1;0;0;0;0;0;9.876286012;52.435037172
2;3;61;1;2017;7;18;5;3;6;6;1;0;1;0;0;0;0;8.969424348;53.0291702
2;2;57;3;2017;7;7;6;2;5;3;0;1;0;0;0;0;0;9.243659018;52.238125275
2;4;55;25;2017;7;19;5;3;2;6;0;1;0;0;0;0;0;8.024716809;53.446582397
2;4;51;1;2017;7;13;5;3;5;3;0;1;0;0;0;0;0;7.770306083;53.239527472
2;2;57;11;2017;7;19;6;3;5;5;0;1;0;0;0;0;1;9.388469357;52.378215283
2;2;51;40;2017;7;17;5;1;4;6;0;1;0;0;1;0;0;8.798540576;52.67066733
2;4;61;4;2017;7;21;5;2;8;1;0;0;0;1;0;0;0;8.461552098;53.257268818
2;2;54;32;2017;7;23;6;3;9;1;0;1;0;0;0;2;1;10.147944856;52.139579836
2;3;52;60;2017;7;8;5;3;5;3;0;1;0;0;1;0;0;8.682313533;53.343507709
2;3;52;50;2017;7;20;5;3;4;2;0;1;0;0;0;0;0;8.628447964;53.580612224
2;2;54;5;2017;7;11;6;3;5;3;1;1;0;0;0;0;0;10.020466905;52.09476873
2;3;52;8;2017;7;13;5;3;2;2;0;1;0;1;0;0;0;8.979065605;53.747271677
2;2;54;21;2017;7;12;6;3;4;2;0;1;0;0;1;0;0;9.968006878;52.186454325
2;3;53;31;2017;7;18;5;2;2;6;0;1;0;0;0;0;0;10.027527708;53.403870402
2;2;55;23;2017;7;15;6;2;5;3;0;1;0;1;0;0;0;9.449870048;51.798544756
2;2;52;3;2017;7;12;6;2;5;3;1;1;0;0;0;0;0;9.271616763;51.97467175
2;2;52;4;2017;7;11;6;3;2;6;0;1;0;0;0;0;0;9.544024238;52.118257383
2;2;52;7;2017;7;22;6;3;8;7;0;1;0;0;0;2;1;9.21121893;52.154172245
2;2;52;6;2017;7;9;6;3;0;7;1;1;0;0;0;0;0;9.35488239;52.119401484
2;1;59;10;2017;7;13;6;3;5;3;1;1;0;0;0;0;0;10.236628454;51.518386169
2;1;59;16;2017;7;14;6;3;4;2;1;1;0;0;0;0;0;9.917955143;51.53546538
2;3;58;8;2017;7;17;5;3;2;6;0;1;0;0;0;0;0;9.753595577;52.881069879
2;1;53;17;2017;7;18;6;3;5;3;0;1;0;0;0;0;0;10.56479543;51.954412029
2;1;51;22;2017;7;14;6;3;2;6;0;1;0;0;0;0;0;10.538114981;52.440672535
2;1;51;16;2017;7;15;6;2;4;7;0;1;0;0;0;0;0;10.538762579;52.363903387
2;4;60;5;2017;7;14;5;3;3;6;0;1;0;0;1;0;0;8.113030197;52.535562547
2;4;4;0;2017;7;13;5;3;2;6;0;1;0;0;1;0;0;8.004775562;52.26309495
2;4;4;0;2017;7;16;5;3;3;6;0;1;0;0;1;0;0;8.036338609;52.297381858
2;3;57;57;2017;7;19;5;3;0;1;1;0;0;0;0;0;0;9.273817816;53.306704494
2;4;54;41;2017;7;18;5;3;2;2;0;1;0;0;0;0;0;7.432051261;53.080089703
2;4;56;25;2017;7;16;5;2;3;6;0;1;0;0;0;0;0;7.211767501;52.481110531
2;4;54;14;2017;7;5;5;3;2;6;0;1;0;0;0;0;0;7.190260472;52.633572143
2;4;62;9;2017;7;11;5;3;0;1;0;0;0;1;0;0;0;7.434140185;53.590146399
2;3;60;18;2017;7;16;5;2;5;3;0;1;0;1;0;0;0;10.751814006;52.986701928
2;4;52;19;2017;7;14;5;3;5;3;0;1;0;0;0;0;0;7.198871511;53.597451056
2;4;55;14;2017;7;15;5;3;5;3;0;1;0;1;0;0;0;8.002296914;53.4867719
2;3;54;4;2017;7;7;5;3;5;3;0;1;0;0;0;0;0;11.113967518;53.117868051
2;4;55;14;2017;7;10;5;2;1;5;0;1;0;0;0;0;0;8.013097717;53.509031545
2;3;55;13;2017;7;15;5;3;6;4;0;1;1;0;0;0;0;10.735483983;53.18610877
2;3;61;6;2017;7;12;5;3;2;6;0;1;0;0;0;0;0;9.168011968;53.018362451
2;3;51;6;2017;7;11;5;3;2;6;0;1;0;0;0;0;0;10.100881989;52.608242636
2;2;41;1;2017;7;14;5;3;5;3;1;1;0;0;0;0;0;9.726761118;52.375740574
2;4;55;27;2017;7;18;5;3;2;6;0;1;0;0;0;0;0;8.026907762;53.448010899
2;2;41;1;2017;7;5;5;3;5;3;1;1;0;0;0;1;0;9.786845448;52.335272434
2;2;41;13;2017;7;7;5;3;5;3;0;1;0;1;0;0;0;9.7853836;52.200355076
2;2;41;1;2017;7;22;5;3;2;6;0;1;0;0;0;2;0;9.667177605;52.429336588
2;2;41;1;2017;7;17;5;3;3;6;0;1;0;0;1;0;0;9.651797308;52.424647428
2;4;51;7;2017;7;20;5;3;4;6;0;1;0;0;0;0;0;8.006472948;53.287305676
2;2;41;9;2017;7;10;5;3;2;1;0;0;0;1;1;0;0;9.858439516;52.306801949
2;4;51;1;2017;7;9;5;3;5;2;1;1;0;0;0;0;0;7.762698866;53.21962769
2;2;54;2;2017;7;17;5;1;6;4;0;0;1;0;1;0;0;9.830236479;51.99043036
2;2;51;37;2017;7;10;5;3;4;6;0;1;0;0;0;0;0;8.708713725;52.978926005
2;3;52;62;2017;7;10;5;2;5;3;0;1;0;1;0;0;0;8.845422829;53.611362225
2;3;52;22;2017;7;19;5;2;5;3;1;1;0;0;0;0;0;9.174367774;53.685759935
2;3;53;31;2017;7;20;5;3;3;6;0;1;0;0;1;0;0;10.071454542;53.386085481
2;3;53;38;2017;7;18;5;3;4;2;0;1;0;0;0;0;0;9.801526849;53.240332557
2;3;59;5;2017;7;13;5;3;9;1;0;0;0;1;0;0;1;9.435352644;53.470186302
2;3;59;37;2017;7;3;5;2;9;1;0;0;0;0;1;1;0;9.539199212;53.397406756