ULAND;UJAHR;UMONAT;USTUNDE;UWOCHENTAG;UKATEGORIE;UART;UTYP1;ULICHTVERH;IstRad;IstPKW;IstFuss;IstKrad;IstGkfz;IstSonstig;STRZUSTAND;XGCSWGS84;YGCSWGS84
2;2;54;2;2017;7;12;5;3;2;2;0;1;0;0;0;0;0;9.830101131;51.983779164
2;3;59;13;2017;7;17;5;3;2;6;0;1;0;0;0;0;0;9.388840259;53.707932011
2;3;59;25;2017;7;16;5;3;0;2;0;1;0;1;0;0;0;9.3097639;53.612790084
2;2;55;14;2017;7;12;5;3;8;7;0;1;0;0;0;0;0;9.403774136;51.696717752
2;3;59;12;2017;7;19;5;3;9;1;0;0;0;1;0;0;0;9.57048979;53.543775158
2;2;52;6;2017;7;10;5;3;3;6;0;1;0;0;1;0;0;9.349030862;52.088357041
2;3;58;2;2017;7;18;5;3;5;3;1;1;0;0;0;0;0;9.97452711;53.102837176
2;1;59;17;2017;7;7;5;3;5;3;0;1;0;0;1;0;0;9.642043504;51.422631103
2;1;59;15;2017;7;21;5;3;8;1;0;1;0;0;0;1;1;9.977911319;51.480628684
2;3;58;21;2017;7;15;5;3;6;4;0;1;1;0;0;0;0;9.844430338;52.986835733
2;1;59;16;2017;7;13;5;3;0;7;0;0;0;0;1;0;0;9.940220584;51.529061515
2;1;55;11;2017;7;11;5;3;9;7;0;1;0;1;0;0;0;10.014760152;51.75985562
2;3;57;45;2017;7;16;5;3;2;6;0;1;0;0;0;0;0;9.225003846;53.112541155
2;3;57;1;2017;7;11;5;3;5;3;0;1;0;0;0;0;0;9.342406305;53.059232257
2;1;2;0;2017;7;7;5;3;3;2;0;1;0;1;0;0;0;10.291083844;52.130415209
2;1;51;13;2017;7;10;5;3;4;7;0;1;0;0;1;0;0;10.549399492;52.443552166
2;3;57;13;2017;7;11;5;3;9;1;0;1;0;0;0;0;0;9.341097699;53.231300272
2;4;59;12;2017;7;1;4;3;7;7;0;1;0;0;0;2;0;8.239962365;52.283351919
2;4;59;7;2017;7;15;4;3;2;6;0;1;0;0;1;0;0;7.978432654;52.650281167
2;3;57;31;2017;7;5;5;3;7;7;0;1;0;0;0;1;0;9.407921986;53.028369978
2;4;57;14;2017;7;7;4;2;8;6;0;1;0;0;0;0;1;7.399875243;53.293201958
2;3;60;25;2017;7;15;5;3;2;6;0;1;0;0;0;0;0;10.550883547;52.974671175
2;4;57;20;2017;7;19;4;3;3;6;0;1;0;0;0;0;0;7.762235719;53.261612668
2;4;2;0;2017;7;7;4;3;9;1;0;1;0;0;0;0;1;7.215640173;53.388436607
2;3;51;6;2017;7;20;5;3;4;6;1;0;0;0;0;0;0;10.080988809;52.627470989
2;2;41;1;2017;7;2;5;3;9;1;0;0;0;1;0;2;0;9.806161808;52.3718175
2;2;41;1;2017;7;1;5;3;7;7;0;1;0;0;0;2;0;9.800033684;52.35221181
2;2;41;21;2017;7;16;5;3;5;3;0;1;0;0;0;0;0;9.461085552;52.40285688
2;2;41;17;2017;7;16;5;3;5;7;0;1;0;1;0;0;0;9.527997738;52.196564406
2;2;41;12;2017;7;20;5;3;2;6;0;1;0;0;0;0;0;9.399939867;52.536333572
2;2;41;16;2017;7;15;5;3;5;3;1;1;0;0;0;0;0;9.929338753;52.345456078
2;2;41;10;2017;7;21;5;3;2;6;0;1;0;0;0;1;0;9.745295089;52.452856357
2;2;41;1;2017;7;15;5;3;2;6;0;1;0;0;0;0;0;9.79629609;52.39530585
2;2;41;1;2017;7;17;5;3;0;1;0;0;0;1;0;0;0;9.735209219;52.405704205
2;4;56;9;2017;7;16;4;3;4;6;0;1;0;0;0;0;0;6.89292216;52.574633316
2;2;57;3;2017;7;10;5;2;8;1;0;0;0;1;0;0;0;9.297369122;52.252084452
2;2;57;35;2017;7;19;5;2;5;2;0;1;0;1;0;0;0;9.14725955;52.330902592
2;4;54;39;2017;7;13;4;2;3;2;0;1;0;0;1;0;0;7.255572722;52.869827465
2;2;54;26;2017;7;18;5;3;9;1;0;1;0;0;0;0;0;9.812811534;52.146524364
2;4;54;19;2017;7;22;4;3;7;7;0;1;0;0;1;2;0;7.534049268;52.666710013
2;2;54;5;2017;7;14;5;3;5;3;0;1;0;0;0;0;0;10.009830795;52.023769772
2;4;54;34;2017;7;16;4;2;2;6;0;1;0;0;0;0;0;7.434081653;52.403861196
2;4;62;3;2017;7;8;4;3;5;2;0;1;0;0;0;0;0;7.612858297;53.649674032
2;2;54;20;2017;7;11;5;3;2;6;0;0;0;1;1;0;0;10.010284104;52.176536582
2;4;53;11;2017;7;15;4;2;5;3;1;1;0;0;0;0;0;7.756705309;52.704701299
2;4;53;4;2017;7;23;4;3;0;6;0;1;0;1;0;2;0;8.023347426;52.843588176
2;4;55;26;2017;7;12;4;3;3;6;1;0;0;0;0;0;0;8.175751248;53.393854515
2;4;3;0;2017;7;18;4;3;0;7;0;1;0;0;0;0;0;8.219143106;53.123977607
2;2;51;47;2017;7;17;4;3;5;3;0;1;0;0;0;0;0;8.872916766;52.998178817
2;2;51;37;2017;7;14;4;3;4;3;1;1;0;0;0;0;0;8.759039153;52.990241375
2;2;55;34;2017;7;18;5;3;5;3;0;1;0;0;0;0;0;9.625176588;51.881965764
2;2;51;12;2017;7;18;4;3;8;1;0;0;0;0;1;0;0;8.369097411;52.55005934
2;2;52;6;2017;7;11;5;3;2;2;0;1;0;0;1;0;0;9.447671954;52.144404161
2;2;51;12;2017;7;14;4;2;9;1;0;0;0;0;1;0;0;8.358070064;52.605809947
2;1;2;0;2017;7;18;5;2;5;3;0;1;0;0;0;0;0;10.304434543;52.166997916
2;1;53;504;2017;7;15;5;3;8;6;0;1;0;1;0;0;0;10.524905162;51.83276116
2;1;51;27;2017;7;13;5;3;5;3;0;1;0;0;0;0;0;10.421157233;52.336629258
2;1;1;0;2017;7;16;5;3;2;6;0;1;0;0;1;0;0;10.523485728;52.236977508
2;4;59;24;2017;7;14;4;3;5;3;0;1;0;0;0;0;1;8.465532311;52.193421996
2;3;53;4;2017;7;7;4;2;4;2;0;1;0;0;0;0;1;10.069389146;53.308330905
2;4;59;8;2017;7;14;4;3;8;1;0;1;0;0;0;0;1;8.105242475;52.345945423
2;3;53;35;2017;7;13;4;2;5;3;0;1;0;1;0;0;0;9.71274571;53.281214306
2;4;59;4;2017;7;16;4;3;3;2;0;1;0;0;1;0;1;8.061475067;52.141297934
2;3;58;17;2017;7;7;4;3;2;6;0;1;0;0;0;0;1;9.666989731;53.066930382
2;3;58;17;2017;7;7;4;3;8;1;0;0;0;1;0;0;1;9.666961599;53.066928873
2;4;59;3;2017;7;14;4;3;5;3;0;1;0;0;0;0;1;8.363403152;52.321843483
2;3;57;47;2017;7;14;4;2;5;3;0;1;0;0;0;0;0;9.086163087;53.226646807
2;3;57;8;2017;7;8;4;3;2;2;0;1;0;0;0;0;0;9.15012214;53.485956084
2;4;59;1;2017;7;13;4;3;2;6;0;1;0;0;0;0;1;7.958896388;52.495624748
2;3;51;6;2017;7;18;4;3;8;1;0;0;0;0;1;0;0;10.097714481;52.612282235
2;2;41;1;2017;7;10;4;3;0;7;0;0;0;0;1;0;0;9.685862742;52.379144312
2;4;4;0;2017;7;8;4;2;0;7;0;1;1;0;0;0;1;8.029083283;52.274506765
2;2;41;9;2017;7;19;4;3;4;1;0;1;0;0;0;0;0;9.791953948;52.315452643
2;4;2;0;2017;7;18;4;3;5;3;1;1;0;0;0;0;0;7.207589111;53.392440472
2;2;41;1;2017;7;11;4;3;5;3;1;1;0;0;0;0;0;9.799422205;52.409502233
2;2;41;21;2017;7;16;4;3;5;3;1;1;0;0;0;0;0;9.359719338;52.454203419
2;4;57;20;2017;7;6;4;2;4;6;0;1;0;0;1;0;1;7.797593718;53.35102691
2;4;56;25;2017;7;18;4;2;5;3;1;0;0;0;1;0;0;7.213899108;52.51232718
2;4;53;2;2017;7;14;4;3;2;6;0;1;0;0;0;0;0;7.951179354;53.006150239
2;4;53;3;2017;7;18;4;3;5;3;0;1;0;0;0;0;0;8.059506496;52.812501858
2;4;55;27;2017;7;7;4;3;2;2;0;1;0;0;0;0;1;7.956801212;53.389847391
2;3;56;5;2017;7;15;4;3;4;2;0;1;0;0;0;0;1;8.821211372;53.193858391
2;2;41;17;2017;7;16;4;3;0;7;1;0;0;0;1;0;0;9.556222434;52.203303829
2;4;51;2;2017;7;16;4;3;5;3;1;1;0;0;0;0;0;7.98905457;53.19461485
2;4;61;7;2017;7;12;4;3;4;2;0;1;0;0;0;0;1;8.450751244;53.471144858
2;4;1;0;2017;7;15;4;3;2;6;0;1;0;0;0;0;0;8.674962646;53.041113347
2;3;52;32;2017;7;16;4;3;4;1;0;1;0;0;0;0;1;8.637893509;53.494777559
2;3;52;46;2017;7;9;4;3;0;1;0;1;0;1;0;0;1;8.893186569;53.795899906
2;3;53;4;2017;7;16;4;3;0;6;0;1;0;0;1;0;1;10.074998661;53.297679897
2;2;41;12;2017;7;8;4;3;4;6;0;1;0;0;0;0;0;9.493275867;52.595980013
2;3;53;26;2017;7;13;4;3;5;3;0;1;0;0;0;0;1;9.795711704;53.462749531
2;2;41;2;2017;7;15;4;3;5;2;0;1;0;0;0;0;0;9.462937803;52.314355824
2;3;53;31;2017;7;8;4;3;6;4;0;0;1;0;1;0;1;10.023385046;53.422096213
2;2;41;1;2017;7;17;4;3;0;7;0;0;0;0;1;0;0;9.743255606;52.36817294
2;3;58;16;2017;7;18;4;3;9;1;0;1;0;0;0;0;1;10.137849343;52.929527828
2;2;41;1;2017;7;10;4;3;3;6;0;1;0;0;0;0;0;9.899225321;52.402314014
2;2;57;3;2017;7;5;4;3;3;6;0;1;0;0;1;0;0;9.23777734;52.230855817
2;2;57;31;2017;7;19;4;3;1;5;0;1;0;1;0;0;0;9.106301642;52.15780587
2;3;58;19;2017;7;14;4;3;3;5;1;1;0;0;0;0;1;9.790899609;53.114706673
2;3;57;3;2017;7;16;4;3;8;1;0;1;0;0;0;0;1;9.288354052;53.397529732
2;3;60;25;2017;7;14;4;3;5;3;0;1;0;0;1;0;1;10.575414834;52.963715843
2;3;60;25;2017;7;12;4;2;4;6;0;1;0;0;0;0;1;10.568936013;52.986932544
2;2;55;23;2017;7;6;4;2;8;1;0;1;0;0;0;0;0;9.497546756;51.766583929
2;2;52;6;2017;7;14;4;3;2;6;0;1;0;0;0;0;0;9.382562016;52.102152411
2;1;55;11;2017;7;20;4;2;8;1;0;1;0;0;0;0;0;9.931611347;51.690165363
2;1;57;1;2017;7;11;4;3;5;3;0;1;0;0;0;0;0;10.258542136;52.387493169
2;3;55;12;2017;7;14;4;3;5;3;0;1;0;0;0;0;1;10.75588984;53.23291893
2;1;57;9;2017;7;6;4;3;5;3;0;1;0;0;0;0;0;10.247415405;52.227460969
2;1;2;0;2017;7;19;4;2;4;2;0;1;0;1;0;0;0;10.411144461;52.203348472
2;1;51;27;2017;7;16;4;3;5;2;0;0;0;0;1;0;0;10.408979059;52.347710912
2;4;59;19;2017;7;18;3;2;0;1;0;0;0;1;0;0;0;8.094035975;52.227484683
2;4;59;7;2017;7;8;3;3;8;1;0;0;0;1;0;0;0;7.90747807;52.658498906
2;2;41;1;2017;7;17;4;3;2;6;0;1;0;0;1;0;1;9.720613448;52.421505322
2;4;4;0;2017;7;14;3;3;5;2;0;1;0;0;0;0;0;8.045838619;52.268045964
2;4;57;17;2017;7;14;3;3;4;6;0;1;0;0;0;0;0;7.633261309;53.140296562
2;2;41;1;2017;7;11;4;3;2;6;0;1;0;0;0;0;1;9.735658982;52.395017669
2;2;41;7;2017;7;14;4;3;5;3;0;1;0;0;1;0;1;9.735863089;52.296364062
2;2;41;2;2017;7;20;4;3;8;1;0;1;0;0;0;0;1;9.462871551;52.342864696
2;2;41;2;2017;7;7;4;3;4;1;0;1;0;0;0;0;1;9.490494325;52.389100299
2;2;41;5;2017;7;21;4;3;2;6;0;1;0;0;0;0;1;9.618389011;52.428602816
2;2;41;16;2017;7;12;4;3;2;2;0;1;0;0;0;0;1;9.928295204;52.34467878
2;4;57;14;2017;7;7;3;3;2;7;0;1;0;0;0;0;0;7.444624053;53.303037253
2;2;41;4;2017;7;19;4;3;9;7;0;1;0;0;0;0;1;9.886133955;52.510043967
2;2;41;2;2017;7;23;4;3;9;1;0;0;0;0;1;0;1;9.405876726;52.332314144
2;4;57;13;2017;7;16;3;2;8;7;0;1;0;0;0;0;0;7.432346791;53.230332428
2;2;41;1;2017;7;18;4;2;8;6;0;1;0;1;0;0;1;9.734953809;52.393089173
2;2;41;1;2017;7;2;4;3;3;6;1;0;0;0;0;2;0;9.7640905;52.343185281
2;4;54;11;2017;7;16;3;3;0;7;0;0;0;0;1;0;0;7.602231116;52.981499905
2;2;41;1;2017;7;14;4;3;5;3;1;1;0;0;0;0;1;9.651721015;52.417114158
2;2;41;1;2017;7;15;4;2;6;4;0;0;1;0;1;0;1;9.748420911;52.362823629
2;2;41;19;2017;7;13;4;2;2;2;0;1;0;0;0;0;1;9.777470118;52.553634657
2;1;55;3;2017;7;16;4;3;9;1;0;1;0;0;0;0;1;9.672378374;51.792058032
2;1;55;5;2017;7;14;4;2;4;1;0;1;0;0;0;0;1;9.84872109;51.655750182
2;2;56;4;2017;7;21;4;2;8;1;0;0;0;1;0;1;0;8.738007299;52.478253979
2;2;56;36;2017;7;19;4;3;5;3;0;1;0;1;0;0;1;9.060120964;52.685427522
2;2;54;26;2017;7;15;4;3;2;1;0;1;0;0;0;0;1;9.734989918;52.173226107
2;2;54;20;2017;7;15;4;3;9;1;0;1;0;0;0;1;1;10.038826268;52.190498631
2;4;52;11;2017;7;15;3;3;4;2;0;1;0;1;0;0;0;7.156854507;53.409110188
2;2;54;22;2017;7;13;4;3;2;6;0;1;0;0;0;0;1;10.122867798;52.104946249
2;2;54;5;2017;7;7;4;3;2;6;0;1;0;0;0;0;1;10.025092972;52.097129478
2;4;60;6;2017;7;16;3;3;0;1;0;0;0;1;0;0;0;8.215994193;52.662556392
2;1;59;15;2017;7;14;4;3;8;1;0;1;0;0;0;0;1;10.049555154;51.444519879
2;4;53;7;2017;7;21;2;3;5;3;1;1;0;0;0;1;0;7.8528204;53.016483393
2;3;56;7;2017;7;7;3;3;2;6;0;1;0;0;0;0;0;8.772272029;53.211932779
2;3;61;5;2017;7;6;3;3;5;3;0;1;0;0;0;0;0;9.30827578;52.899262139
2;1;59;1;2017;7;17;4;3;8;1;0;1;0;0;0;0;1;9.759994989;51.565512349
2;3;61;12;2017;7;14;3;3;3;6;0;1;0;0;1;0;0;9.281843908;52.933066122
2;2;51;4;2017;7;14;3;2;4;6;0;1;0;0;1;0;0;8.799533471;52.613069078
2;2;51;44;2017;7;13;3;2;9;1;0;1;0;0;0;0;0;8.538845755;52.50579026
2;4;61;3;2017;7;18;3;3;2;6;0;1;0;1;0;0;0;8.330710182;53.526182677
2;4;61;5;2017;7;15;3;3;2;6;0;1;0;0;1;0;0;8.186346101;53.338337262
2;4;58;7;2017;7;16;3;3;5;2;0;1;0;1;0;0;0;8.273829745;53.004661957
2;4;58;5;2017;7;15;3;3;2;6;0;1;0;0;0;0;0;8.529383295;53.062928599
2;1;59;7;2017;7;10;4;3;2;6;0;1;0;0;0;0;1;9.871111068;51.588640048
2;4;58;3;2017;7;11;3;3;5;3;1;1;0;0;0;0;0;8.447893215;52.941226873
2;1;58;40;2017;7;11;4;3;8;1;0;0;0;0;1;0;1;10.642225059;52.102612305
2;3;53;5;2017;7;8;3;3;5;3;1;1;0;0;0;0;0;9.909655665;53.332699998
2;1;58;37;2017;7;8;4;3;2;2;0;1;0;0;1;0;1;10.49052788;52.136183485
2;1;2;0;2017;7;19;4;3;9;1;0;1;0;0;0;0;1;10.354852257;52.034730172
2;1;53;17;2017;7;18;4;3;3;1;1;1;0;0;0;0;1;10.482891609;51.89869109
2;1;51;14;2017;7;16;4;3;5;3;0;1;0;0;0;0;1;10.76113878;52.497894605
2;3;59;27;2017;7;6;3;3;5;3;0;1;0;0;0;0;0;9.570215006;53.507388344
2;1;51;9;2017;7;16;4;3;3;6;0;1;0;0;0;0;1;10.524524094;52.467790421
2;1;1;0;2017;7;10;4;3;9;1;0;1;0;0;0;0;1;10.490093321;52.283546343
2;3;59;10;2017;7;9;3;3;5;3;1;1;0;0;0;0;0;9.684158862;53.483375267
2;4;59;24;2017;7;13;3;3;5;3;0;1;0;0;1;0;0;8.424514078;52.231651708
2;3;59;17;2017;7;9;3;3;3;6;0;1;0;0;0;0;0;9.347176732;53.549334698
2;4;4;0;2017;7;12;3;3;3;7;0;1;0;0;0;0;0;8.023524198;52.291253561
2;3;57;39;2017;7;14;3;3;2;6;0;1;0;0;0;0;0;9.416212755;53.115341463
2;3;57;39;2017;7;0;3;1;6;6;0;1;1;0;0;2;0;9.414050453;53.128480521
2;4;4;0;2017;7;11;3;3;5;3;1;0;0;0;0;0;0;8.036516161;52.281091219
2;3;55;34;2017;7;18;3;3;5;3;1;1;0;0;0;0;0;10.159414683;53.163178056
2;2;41;1;2017;7;20;3;3;5;3;1;1;0;0;0;0;0;9.733770851;52.417642577
2;4;53;11;2017;7;17;2;3;5;3;0;1;0;0;0;0;0;7.716683174;52.757284953
2;4;55;25;2017;7;9;2;3;2;6;0;1;0;0;1;0;0;7.966268429;53.348295396
2;2;41;1;2017;7;11;3;3;2;6;0;1;0;0;0;0;0;9.812800592;52.40953699
2;2;41;2;2017;7;15;3;3;2;6;0;1;0;0;0;0;0;9.440764179;52.330558288
2;4;56;1;2017;7;10;3;2;5;3;0;1;0;0;0;0;0;7.083184939;52.358495137
2;4;56;15;2017;7;18;3;3;9;1;0;1;0;0;0;0;0;7.049578286;52.441534809
2;4;52;1;2017;7;14;3;3;2;6;0;1;0;0;0;0;0;7.483900834;53.472359243
2;4;55;14;2017;7;8;3;3;5;3;1;1;0;0;0;0;0;8.013303544;53.503527762
2;3;61;3;2017;7;20;3;3;8;1;0;1;0;0;0;0;1;9.24085135;52.893158107
2;2;41;5;2017;7;17;3;3;5;3;1;1;0;0;0;0;0;9.609083254;52.405958722
2;3;61;6;2017;7;16;3;3;4;2;0;1;0;0;0;0;1;9.226924983;52.98437675
2;3;61;9;2017;7;18;3;3;3;6;0;1;0;0;0;1;0;8.990054529;53.044083766
2;2;41;3;2017;7;17;3;3;5;2;0;1;0;0;0;0;0;9.99549305;52.4440085
2;4;51;5;2017;7;16;3;2;8;1;0;1;0;0;0;0;1;8.145486915;53.301888536
2;4;51;2;2017;7;16;3;3;8;1;0;1;0;0;0;0;1;8.01115975;53.246837477
2;2;57;18;2017;7;16;3;3;2;6;0;1;0;0;1;0;0;9.349416051;52.280555817
2;4;51;7;2017;7;3;3;3;7;7;0;1;0;0;1;2;1;7.972702504;53.252402091
2;4;51;8;2017;7;16;3;3;4;6;0;1;0;0;0;0;1;8.066179986;53.214257001
2;2;56;8;2017;7;18;3;3;2;2;0;1;0;0;0;0;0;9.222667635;52.761970626
2;4;51;2;2017;7;15;3;2;5;3;0;0;0;0;1;0;0;7.987852907;53.238290263
2;2;54;28;2017;7;14;3;3;3;2;1;1;0;0;0;0;0;9.847400934;52.236544254
2;2;51;45;2017;7;14;3;2;4;6;0;1;0;0;1;0;0;8.692216244;52.632637667
2;3;61;1;2017;7;15;2;3;5;3;0;1;0;0;0;0;0;9.081304439;53.000375511
2;2;54;13;2017;7;8;3;2;0;3;0;1;0;0;1;0;0;9.692101467;52.047366015
2;2;52;8;2017;7;19;3;2;8;1;0;0;0;1;0;0;0;9.550587398;52.067805077
2;2;51;25;2017;7;17;3;3;2;6;0;1;0;0;0;0;1;8.367770415;52.486094232
2;3;61;6;2017;7;12;2;2;5;2;0;1;0;0;0;0;0;9.165983749;53.021275701
2;2;52;6;2017;7;18;3;2;5;3;0;1;0;1;0;0;0;9.354877292;52.11053114
2;1;57;2;2017;7;18;3;3;2;6;0;1;0;0;1;0;0;10.114208848;52.301742989
2;1;57;6;2017;7;0;3;3;0;7;1;0;0;0;0;2;1;10.265020273;52.297521906
2;1;2;0;2017;7;16;3;3;2;6;0;1;0;0;0;0;0;10.344468692;52.152821402
2;1;2;0;2017;7;10;3;3;2;6;0;1;0;0;0;0;0;10.336940983;52.168018604
2;1;51;39;2017;7;14;3;3;2;6;0;1;0;0;1;0;0;10.741538458;52.459531056
2;2;41;11;2017;7;16;3;3;2;6;0;0;0;0;1;0;0;10.143485484;52.361860496
2;4;61;5;2017;7;6;3;2;4;6;0;0;0;0;1;0;1;8.176223193;53.338036765
2;4;4;0;2017;7;10;2;3;0;1;0;0;0;1;0;0;0;8.013526042;52.257454431
2;4;61;6;2017;7;8;3;3;3;6;0;1;0;0;0;0;0;8.562851355;53.143362683
2;4;59;20;2017;7;6;2;3;8;1;0;1;0;0;0;0;0;7.975603508;52.197198763
2;4;58;7;2017;7;18;3;3;5;3;1;1;0;0;0;0;0;8.249857494;52.943754664
2;3;52;59;2017;7;12;3;3;2;6;0;1;0;0;1;0;0;8.82850917;53.43909752
2;4;59;29;2017;7;10;2;3;5;3;0;1;0;1;0;0;0;8.198916302;52.395761012
2;3;53;26;2017;7;17;3;3;0;2;1;1;0;0;1;0;0;9.794544354;53.462357437
2;3;53;41;2017;7;16;3;3;5;3;1;1;0;0;0;0;0;9.683658911;53.271759232
2;4;59;29;2017;7;8;2;3;2;6;0;1;0;0;0;0;0;8.172434737;52.332372509
2;3;59;17;2017;7;14;3;3;2;6;0;1;0;0;0;0;0;9.384449658;53.568610883
2;3;57;44;2017;7;6;3;3;0;1;1;0;0;0;0;1;1;9.504961292;53.276881639
2;3;57;18;2017;7;22;3;2;3;7;0;1;0;0;1;1;0;9.292187887;53.19833086
2;3;51;23;2017;7;16;3;3;5;3;1;1;0;0;0;0;0;9.828741572;52.657110299
2;4;4;0;2017;7;8;2;3;2;6;0;1;0;0;0;0;0;8.037452403;52.279858464
2;2;41;2;2017;7;16;3;3;4;7;0;1;0;0;0;0;0;9.478431194;52.296122736
2;2;41;4;2017;7;11;3;3;0;4;0;0;1;0;1;0;0;9.898254206;52.493886436
2;4;57;18;2017;7;13;2;3;5;3;1;0;0;0;0;0;0;7.580018819;53.136317104
2;2;41;17;2017;7;15;3;3;5;2;0;1;0;0;0;0;0;9.598142057;52.178392182
2;4;57;18;2017;7;9;2;2;7;7;0;1;0;0;0;0;0;7.564998774;53.144974224
2;2;41;1;2017;7;14;3;2;3;6;0;1;0;0;1;0;0;9.702336521;52.430303635
2;4;54;44;2017;7;20;2;3;5;3;0;1;0;0;0;0;0;7.247603363;53.064140406
2;4;56;15;2017;7;8;2;3;2;6;0;1;0;0;1;0;0;7.115183932;52.388587635
2;2;41;1;2017;7;8;3;3;2;6;0;1;0;0;1;0;0;9.82618002;52.425063115
2;4;60;6;2017;7;9;2;3;8;1;0;1;0;0;0;0;0;8.302438804;52.661659097
2;4;53;8;2017;7;18;2;3;4;2;1;1;0;0;0;0;0;8.027204125;52.96024406
2;4;55;14;2017;7;15;2;3;2;6;0;0;0;1;0;0;0;8.011165285;53.510766507
2;3;61;1;2017;7;10;2;3;2;6;0;1;0;0;0;0;0;8.983713084;53.041550571
2;2;51;37;2017;7;16;2;3;2;6;0;1;0;0;0;0;0;8.729186563;53.034457278
2;2;57;31;2017;7;16;3;3;3;2;1;0;0;0;1;0;0;9.081781465;52.192137252
2;2;56;5;2017;7;16;3;3;2;2;0;1;0;0;1;0;0;9.237113542;52.697907846
2;2;54;29;2017;7;7;3;2;8;1;0;1;0;0;0;0;0;10.143847566;52.22212698
2;2;54;2;2017;7;15;3;2;5;3;1;1;0;0;0;0;0;9.799536933;51.983316449
2;1;58;27;2017;7;15;3;2;1;5;1;1;0;0;0;0;0;10.744585171;52.137920615
2;2;51;47;2017;7;9;2;3;5;3;0;1;0;0;0;0;0;8.785643894;52.986997121
2;1;51;40;2017;7;19;3;3;4;6;0;1;0;0;0;0;0;10.698745381;52.659597146
2;4;59;24;2017;7;17;2;3;8;1;1;0;0;0;0;0;0;8.379223188;52.215797217
2;4;58;3;2017;7;18;2;3;2;6;0;1;0;0;0;0;1;8.397443602;52.977596579
2;4;59;33;2017;7;17;2;3;5;2;0;1;0;1;0;0;0;8.046195252;52.34409847
2;4;1;0;2017;7;12;2;3;4;7;0;1;0;0;0;0;0;8.658290988;53.048882696
2;4;59;3;2017;7;14;2;2;8;1;0;1;0;0;0;0;1;8.417243902;52.279844697
2;3;52;11;2017;7;5;2;3;7;7;0;0;0;1;0;1;0;8.801264797;53.790876073
2;4;4;0;2017;7;21;2;2;4;6;0;1;0;0;0;0;0;8.035606652;52.300085236
2;3;53;5;2017;7;14;2;3;3;6;0;1;0;0;0;0;0;9.846541171;53.372540797
2;3;61;12;2017;7;18;2;2;8;1;0;1;0;0;0;0;0;9.248499559;52.955954794
2;3;53;26;2017;7;13;2;3;2;2;0;1;0;0;1;0;0;9.79398708;53.391667449
2;3;59;10;2017;7;10;2;3;5;2;0;1;0;0;1;0;0;9.664745722;53.449652603
2;3;58;22;2017;7;12;2;3;6;7;0;1;1;0;0;0;0;9.591022095;52.862162039
2;3;57;45;2017;7;12;2;3;5;3;1;1;0;0;0;0;0;9.232213292;53.113528679
2;4;3;0;2017;7;1;2;3;9;1;0;1;0;0;0;2;0;8.271345512;53.111072157
2;3;57;39;2017;7;14;2;3;2;6;0;1;0;0;0;0;0;9.396749336;53.10817519
2;2;41;21;2017;7;18;2;3;2;2;0;1;0;0;0;0;0;9.461450761;52.402979366
2;4;3;0;2017;7;16;2;3;1;7;1;1;0;0;0;0;0;8.183037995;53.140754226
2;2;41;17;2017;7;15;2;3;0;3;0;1;0;1;0;0;0;9.699584631;52.21426048
2;2;41;6;2017;7;4;2;3;8;7;0;1;0;0;0;0;0;9.583038533;52.346604318
2;2;41;2;2017;7;3;2;3;8;1;0;0;0;0;1;2;0;9.479072764;52.384542026
2;2;41;16;2017;7;8;2;3;5;3;1;1;0;0;0;0;0;9.944608265;52.333781094
2;4;57;10;2017;7;14;2;3;5;3;1;1;0;0;0;0;0;7.595142774;53.310175637
2;2;41;10;2017;7;18;2;3;5;3;0;1;0;0;0;0;0;9.723366465;52.440261228
2;4;54;45;2017;7;18;2;3;8;1;0;1;0;0;0;0;1;7.38801661;52.343958902
2;2;41;10;2017;7;6;2;3;8;7;0;1;0;0;0;0;0;9.721953898;52.449895604
2;4;54;10;2017;7;16;2;3;5;3;1;1;0;0;0;0;0;7.312450713;52.398298645
2;2;41;5;2017;7;16;2;2;8;7;0;1;0;0;0;0;0;9.566120716;52.448376143
2;4;54;10;2017;7;19;2;2;5;3;0;1;0;0;0;0;1;7.259818061;52.359151523
2;4;3;0;2017;7;11;2;3;5;3;0;1;0;0;0;0;0;8.246659216;53.157314431
2;1;59;26;2017;7;15;2;3;8;6;0;0;0;1;1;0;0;10.351176989;51.747650964
2;4;60;8;2017;7;16;2;3;2;6;0;1;0;0;0;0;0;8.182093429;52.595498047
2;1;59;26;2017;7;14;2;2;8;1;0;0;0;1;0;0;0;10.301986725;51.738906264
2;1;55;9;2017;7;23;2;3;7;7;0;0;0;1;0;2;0;9.878395338;51.720423595
2;4;60;2;2017;7;16;2;3;4;1;0;1;0;0;0;0;0;8.220725975;52.526138219
2;2;56;16;2017;7;12;2;3;8;1;0;1;0;0;0;0;0;9.240320898;52.557451347
2;2;57;35;2017;7;18;2;2;9;1;0;1;0;0;0;0;0;9.28309885;52.314775363
2;2;54;8;2017;7;15;2;2;8;7;0;0;0;1;0;0;0;10.110713045;52.049938091