ULAND;UJAHR;UMONAT;USTUNDE;UWOCHENTAG;UKATEGORIE;UART;UTYP1;ULICHTVERH;IstRad;IstPKW;IstFuss;IstKrad;IstGkfz;IstSonstig;STRZUSTAND;XGCSWGS84;YGCSWGS84
2;4;60;6;2017;7;16;2;3;2;6;0;1;0;0;0;0;0;8.219704629;52.663209824
2;4;55;15;2017;7;17;2;2;4;7;0;1;0;0;0;0;0;7.968423828;53.539433205
2;1;59;16;2017;7;11;2;2;5;2;1;1;0;0;0;0;0;9.920756517;51.535059548
2;3;61;6;2017;7;11;2;3;8;1;0;1;0;0;0;0;1;9.159907181;52.967184507
2;1;58;30;2017;7;7;2;3;5;3;1;1;0;0;0;0;0;10.619385905;52.223926093
2;4;3;0;2017;7;10;2;3;5;3;1;1;0;0;0;0;0;8.26727356;53.112452662
2;2;51;41;2017;7;14;2;2;9;1;0;1;0;0;0;0;1;8.779612047;52.91786796
2;1;58;37;2017;7;12;2;3;2;6;0;1;0;0;0;0;0;10.555277713;52.17757737
2;4;61;4;2017;7;16;2;3;2;2;0;1;0;0;0;0;0;8.381722947;53.189153711
2;4;58;5;2017;7;8;2;3;9;1;0;1;0;0;0;0;0;8.478983997;53.032826418
2;1;58;37;2017;7;7;2;3;4;2;1;1;0;0;0;0;0;10.484674032;52.168791451
2;3;52;62;2017;7;17;2;3;2;6;0;1;0;0;0;0;0;8.685238737;53.676634605
2;1;57;6;2017;7;13;2;2;9;1;0;1;0;0;0;0;0;10.279961552;52.311855318
2;3;59;13;2017;7;0;2;3;4;6;1;0;0;1;0;2;0;9.401969192;53.704009716
2;1;53;504;2017;7;19;2;1;4;2;0;0;0;1;0;0;0;10.446224323;51.825162751
2;3;58;20;2017;7;17;2;3;9;1;0;1;0;0;0;0;1;9.604685772;52.689070901
2;1;51;5;2017;7;9;2;3;5;3;0;1;0;0;0;0;0;10.935069436;52.594059626
2;1;58;37;2017;7;8;2;3;2;6;0;1;0;0;1;0;0;10.513800175;52.18517705
2;4;4;0;2017;7;18;1;3;5;3;0;1;0;1;0;0;0;8.050030091;52.264110479
2;4;4;0;2017;7;11;1;2;0;3;0;1;0;1;0;0;1;8.058283846;52.267125742
2;2;51;47;2017;7;20;2;3;4;6;1;0;0;0;0;1;0;8.845992952;52.962769787
2;4;1;0;2017;7;14;2;3;5;3;1;1;0;0;0;0;0;8.6370638;53.069241688
2;4;55;14;2017;7;18;1;3;5;3;1;1;0;0;0;0;0;8.02367956;53.505696533
2;3;58;16;2017;7;19;2;3;0;1;0;1;0;0;0;0;1;10.060594198;53.000683295
2;4;51;1;2017;7;11;1;3;0;1;0;0;0;1;0;0;1;7.805824976;53.218146455
2;3;59;34;2017;7;16;2;3;5;2;1;0;0;0;1;0;0;9.60611279;53.491725928
2;4;58;9;2017;7;16;1;3;5;3;0;1;0;0;0;0;0;8.268221181;53.053891851
2;3;58;23;2017;7;11;2;3;2;2;0;1;0;0;0;0;1;9.973113558;52.960991323
2;3;52;11;2017;7;7;2;3;5;1;1;1;0;0;0;0;0;8.699093623;53.864676771
2;3;52;11;2017;7;18;1;2;0;7;1;1;0;0;0;0;0;8.719574945;53.849969291
2;3;55;22;2017;7;13;1;3;8;1;0;1;0;0;0;0;1;10.398508039;53.278266196
2;3;57;26;2017;7;15;2;3;5;3;0;1;0;0;0;0;1;9.109427163;53.257789727
2;3;52;20;2017;7;5;2;3;9;7;0;1;0;0;0;0;0;9.207401386;53.651355822
2;3;58;5;2017;7;16;1;3;5;2;0;1;0;0;0;0;0;9.688769542;52.636603988
2;3;57;52;2017;7;10;1;2;2;1;1;0;0;0;0;0;0;9.09390023;53.154288041
2;3;51;6;2017;7;7;1;3;9;7;0;1;0;0;0;0;0;10.162602722;52.695204641
2;3;51;4;2017;7;16;1;3;2;6;0;1;0;0;0;0;0;9.960925471;52.811121851
2;2;41;17;2017;7;17;1;3;8;1;0;1;0;0;0;0;0;9.703667708;52.169734703
2;3;57;23;2017;7;7;2;3;2;6;0;1;0;0;0;0;1;9.491298209;53.211028859
2;3;57;44;2017;7;17;2;2;2;1;0;1;0;0;0;0;1;9.509458895;53.292596957
2;2;41;2;2017;7;13;1;3;2;6;0;1;0;0;0;0;1;9.421176431;52.331473963
2;3;60;15;2017;7;12;2;3;5;3;0;1;0;0;1;0;1;10.677925325;53.00598531
2;2;41;11;2017;7;0;1;3;2;6;0;1;0;0;0;2;0;9.952748861;52.390889247
2;3;60;10;2017;7;9;2;3;0;3;0;1;0;0;1;0;1;10.349936676;53.041935428
2;3;54;12;2017;7;19;2;2;8;1;0;1;0;0;0;0;1;10.977960074;53.081025186
2;2;41;1;2017;7;18;1;2;6;6;1;0;1;0;0;0;0;9.69551844;52.361352827
2;2;41;15;2017;7;16;1;2;8;1;1;0;0;0;0;0;1;9.637062595;52.378905438
2;3;55;4;2017;7;10;2;3;5;3;0;1;0;0;0;0;1;10.393331844;53.29822575
2;3;51;6;2017;7;9;2;3;0;7;1;1;0;0;0;0;1;10.089922631;52.621593106
2;2;41;1;2017;7;15;1;3;0;1;0;0;0;1;0;0;1;9.696152542;52.380019346
2;2;41;9;2017;7;17;2;3;5;3;0;1;0;0;0;0;0;9.829546358;52.299883611
2;1;55;9;2017;7;12;1;3;5;7;1;1;0;0;0;0;0;9.823231791;51.707687905
2;2;41;21;2017;7;14;2;3;8;1;0;1;0;0;0;0;1;9.406483382;52.411494863
2;2;54;41;2017;7;13;1;2;9;1;0;0;0;1;0;0;1;9.70968749;52.000269323
2;2;55;13;2017;7;16;1;3;5;3;0;1;0;0;0;0;1;9.644841587;51.929470464
2;3;56;9;2017;7;0;2;3;9;7;0;1;0;0;0;1;0;8.636031486;53.264945761
2;3;52;59;2017;7;19;2;3;2;2;0;1;0;0;1;0;0;8.897749263;53.424478468
2;3;53;5;2017;7;8;2;3;5;3;1;1;0;0;0;0;0;9.907720744;53.312705201
2;3;60;2;2017;8;10;4;3;0;6;1;0;0;0;1;0;0;10.594445181;53.073196158
2;3;57;21;2017;7;10;4;2;4;1;0;1;0;0;0;0;0;9.411325626;53.298499978
2;3;51;4;2017;8;18;4;2;9;1;0;1;0;0;0;0;0;9.992560472;52.73957448
2;2;41;1;2017;8;16;4;3;5;2;0;1;0;0;0;0;0;9.685377561;52.360203792
2;2;41;1;2017;8;16;4;3;5;3;1;1;0;0;0;0;0;9.686538427;52.378857408
2;2;41;6;2017;8;8;4;3;5;2;0;1;0;0;0;0;0;9.603649092;52.33350281
2;2;41;14;2017;8;11;4;3;2;6;0;1;0;0;0;0;0;9.66891289;52.344850945
2;3;57;39;2017;7;10;4;3;5;3;1;1;0;0;0;0;0;9.397365309;53.104802585
2;2;41;1;2017;8;17;5;3;2;6;0;1;0;0;1;0;0;9.619717501;52.421129014
2;2;41;5;2017;8;16;4;3;5;3;1;1;0;0;0;0;0;9.604708535;52.408398214
2;2;41;5;2017;8;13;4;3;7;7;0;0;0;0;1;0;0;9.609420344;52.464852299
2;3;60;2;2017;7;8;4;3;2;6;0;1;0;0;0;0;1;10.600132545;53.046569358
2;3;55;3;2017;8;7;5;3;5;3;0;1;0;0;0;0;1;10.487419828;53.367845021
2;2;41;4;2017;8;17;4;2;2;6;0;1;0;1;0;0;0;9.810028553;52.559881224
2;3;51;6;2017;7;15;4;3;2;6;0;1;0;0;0;0;0;10.099918628;52.609485677
2;2;41;1;2017;7;9;4;3;2;7;0;1;0;0;0;0;1;9.83118713;52.385757707
2;4;58;9;2017;8;13;5;3;5;2;1;1;0;0;0;0;0;8.264965496;53.048267625
2;2;57;22;2017;8;23;4;2;2;6;0;0;0;0;1;2;1;9.090236537;52.22033721
2;2;41;1;2017;7;15;4;3;2;6;0;1;0;0;0;0;0;9.793260606;52.415788602
2;4;54;32;2017;8;16;5;3;6;4;1;0;1;0;0;0;0;7.325529054;52.522418159
2;2;41;21;2017;7;7;4;3;4;1;0;1;0;0;1;0;1;9.406640943;52.411666213
2;1;57;7;2017;8;14;6;2;5;3;1;1;0;0;0;0;0;10.38906822;52.262632233
2;2;57;35;2017;7;13;4;3;2;6;0;1;0;0;0;0;0;9.19254733;52.320652548
2;2;41;21;2017;7;9;4;3;8;1;0;1;0;0;0;0;1;9.466267051;52.454265378
2;2;54;28;2017;7;20;4;3;9;1;0;0;0;0;1;0;1;9.917841909;52.259170563
2;2;41;13;2017;7;16;4;3;2;6;0;1;0;0;0;0;0;9.79211936;52.211676694
2;2;54;20;2017;7;22;4;3;7;7;0;1;0;0;0;2;1;9.933493948;52.22601443
2;2;41;11;2017;7;9;4;2;5;3;0;1;0;0;0;0;1;10.009133069;52.381438288
2;2;41;4;2017;7;10;4;3;6;2;0;1;1;0;0;0;1;9.858222428;52.491773043
2;2;54;21;2017;7;8;4;2;5;3;1;1;0;0;0;0;0;9.979851307;52.116204504
2;2;41;11;2017;7;16;4;3;3;6;0;1;0;0;1;0;0;9.899531887;52.389752049
2;2;41;1;2017;7;15;4;3;2;6;0;1;0;0;1;0;0;9.625222637;52.420807521
2;2;55;8;2017;7;17;4;3;0;1;0;0;0;1;1;0;1;9.854792203;51.90895435
2;2;41;1;2017;7;12;4;3;2;6;0;1;0;0;0;0;0;9.732962466;52.420886426
2;2;41;2;2017;7;12;4;2;6;7;0;1;1;0;0;0;0;9.46267667;52.304965754
2;2;41;1;2017;7;13;4;3;0;7;0;1;0;0;1;0;0;9.732962085;52.420890134
2;2;41;1;2017;8;21;4;1;6;4;0;0;1;0;1;2;0;9.772397041;52.333491025
2;2;41;1;2017;7;11;4;3;2;6;0;1;0;0;1;0;0;9.722527662;52.378632652
2;2;41;1;2017;8;16;4;3;6;4;0;1;1;0;0;0;0;9.761241353;52.346139827
2;2;41;1;2017;7;6;4;3;5;3;0;1;0;0;0;0;1;9.734160499;52.368847883
2;2;57;31;2017;8;15;4;2;9;1;0;1;0;0;0;0;0;9.116169115;52.209834892
2;2;57;2;2017;8;18;4;3;5;3;0;1;0;1;0;0;0;9.307828222;52.279186347
2;2;56;22;2017;7;13;4;3;2;6;0;1;0;0;0;0;0;9.221147052;52.66112319
2;2;54;22;2017;7;14;4;3;6;1;0;1;1;0;0;0;0;10.110897599;52.107155911
2;2;54;8;2017;8;14;4;3;4;2;0;1;0;0;0;0;0;10.129423055;52.001420705
2;2;54;8;2017;8;8;4;3;1;5;0;1;0;0;1;0;0;10.132022201;52.011272807
2;2;54;29;2017;7;13;4;3;5;3;0;1;0;0;0;0;0;10.118481433;52.19567544
2;2;54;2;2017;7;14;4;3;4;1;0;1;0;0;0;0;0;9.822033334;51.956110797
2;3;56;8;2017;8;7;4;3;2;6;0;1;0;0;0;0;0;8.756173612;53.16924788
2;1;59;1;2017;8;16;4;3;4;5;0;1;0;1;0;0;0;9.701528408;51.581945953
2;2;55;8;2017;7;5;4;2;4;1;0;1;0;0;0;0;1;9.855709503;51.908587616
2;2;52;1;2017;7;7;4;2;9;1;0;1;0;0;0;0;1;9.263277933;52.068678443
2;4;59;33;2017;8;16;4;3;5;3;1;1;0;0;0;0;0;7.973610969;52.345868605
2;1;58;10;2017;8;7;4;3;9;1;0;1;0;0;0;0;0;10.557428894;52.088419921
2;2;52;6;2017;7;1;4;3;0;3;0;1;0;0;1;2;1;9.359833573;52.106402354
2;1;2;0;2017;8;18;5;3;0;1;1;0;0;0;0;0;0;10.380338729;52.047367401
2;1;58;28;2017;8;18;4;3;8;1;0;0;0;1;0;0;0;10.261504286;52.038242707
2;1;59;7;2017;7;9;4;3;7;7;0;0;0;0;1;1;1;9.987902065;51.612553081
2;2;57;35;2017;8;17;5;3;8;1;0;0;0;1;0;0;0;9.235229206;52.315770444
2;1;54;25;2017;7;11;4;2;8;1;0;0;0;0;1;0;1;10.909189937;52.18125233
2;2;41;10;2017;8;17;5;3;6;4;0;1;1;0;0;0;0;9.753347304;52.452711406
2;1;53;12;2017;8;6;4;3;0;6;0;1;0;0;1;0;0;10.191737915;51.829367345
2;1;54;10;2017;7;15;4;3;9;1;0;1;0;0;0;0;0;10.941221169;52.224248477
2;1;58;37;2017;7;18;4;3;8;1;0;1;0;0;0;0;0;10.588885689;52.162917149
2;1;2;0;2017;7;12;4;2;2;6;0;1;0;0;1;0;1;10.334354827;52.140380285
2;1;53;17;2017;7;3;4;3;0;1;0;1;0;0;0;2;1;10.431889388;51.920460984
2;4;59;34;2017;7;10;3;3;5;3;0;1;0;0;0;0;1;7.929373059;52.075409497
2;4;59;22;2017;7;15;3;3;9;1;0;1;0;0;0;0;1;8.155828851;52.199682378
2;1;51;24;2017;8;18;4;3;2;6;0;1;0;1;0;0;0;10.879973279;52.480810082
2;1;51;4;2017;8;7;4;3;9;1;0;1;0;0;0;0;0;10.730377041;52.502560877
2;4;59;21;2017;7;14;3;3;5;3;0;1;0;0;0;0;1;7.949199957;52.256242774
2;1;1;0;2017;8;12;4;3;5;3;0;1;0;0;0;0;0;10.49349177;52.201710503
2;4;56;20;2017;7;5;3;3;9;1;0;1;0;0;0;1;1;7.225928916;52.287691638
2;4;60;5;2017;8;18;3;3;3;6;0;1;0;0;1;0;0;8.110228069;52.587017456
2;4;59;12;2017;8;7;3;2;2;6;0;1;0;0;1;0;0;8.130117155;52.243929149
2;4;54;32;2017;7;19;3;3;5;2;1;1;0;0;0;0;0;7.362747036;52.559680337
2;4;59;24;2017;8;21;3;2;9;6;0;1;0;0;1;1;0;8.418107441;52.273044199
2;4;59;7;2017;8;9;3;2;8;1;0;1;0;0;0;0;0;7.966591818;52.615012469
2;4;62;3;2017;7;12;3;2;2;6;0;1;0;0;0;0;1;7.610097572;53.64362101
2;1;58;30;2017;8;13;5;3;5;3;0;1;0;0;0;0;0;10.614019373;52.202573506
2;4;4;0;2017;8;10;3;3;2;6;0;1;0;0;0;0;0;8.054874458;52.263932378
2;4;57;17;2017;8;8;3;3;2;6;0;1;0;0;1;0;0;7.619501516;53.139975385
2;4;52;1;2017;7;18;3;3;2;6;0;1;0;0;0;0;1;7.480824343;53.465805401
2;2;56;18;2017;8;15;5;3;2;6;0;1;0;0;0;0;0;9.115734909;52.505352196
2;4;56;27;2017;8;18;3;3;5;3;1;0;0;0;0;0;0;7.221907575;52.299655823
2;4;53;7;2017;7;0;3;3;8;1;0;1;0;0;0;2;1;7.790743904;53.024739453
2;2;41;2;2017;8;16;5;3;2;6;0;1;0;0;0;0;0;9.501247286;52.284518865
2;4;56;25;2017;8;8;3;2;5;3;1;0;0;0;1;0;0;7.139429448;52.517022265
2;4;53;7;2017;7;23;3;3;9;1;0;1;0;0;0;2;1;7.796032513;53.089083141
2;3;52;61;2017;8;7;5;2;4;1;0;1;0;0;0;0;1;8.685863658;53.764241092
2;4;60;8;2017;7;15;3;3;2;2;0;1;0;0;1;0;1;8.192133831;52.593263405
2;4;60;6;2017;7;13;3;3;5;3;0;1;0;0;0;0;1;8.221585794;52.715936566
2;4;3;0;2017;8;4;5;3;9;1;0;0;0;0;1;2;1;8.192851284;53.153106671
2;4;53;8;2017;7;12;3;3;5;2;1;1;0;0;0;0;1;8.0303572;52.948423036
2;1;1;0;2017;8;15;6;2;8;1;0;1;0;0;0;0;0;10.510144385;52.306213947
2;3;61;5;2017;7;10;3;3;2;6;0;1;0;0;0;0;1;9.324740145;52.94166054
2;2;52;6;2017;7;21;4;3;5;3;0;1;0;1;0;2;1;9.373092669;52.103783581
2;4;56;25;2017;8;18;3;3;5;2;0;1;0;0;1;0;0;7.133759156;52.526331027
2;1;59;34;2017;7;11;4;3;8;1;0;0;0;1;0;0;0;9.668443873;51.335600996
2;1;59;16;2017;7;13;4;2;2;6;0;1;0;0;0;0;0;9.879292577;51.534172089
2;4;51;7;2017;7;16;3;3;9;1;0;0;0;0;1;0;1;7.945928282;53.260053075
2;4;51;4;2017;7;11;3;3;8;1;0;1;0;0;0;0;1;8.051689276;53.122915809
2;1;54;7;2017;7;18;4;2;8;1;0;0;0;0;1;0;0;10.926248121;52.465325222
2;2;51;42;2017;7;15;3;3;4;6;1;0;0;0;0;0;1;8.626353488;52.803231221
2;4;58;8;2017;7;10;3;3;5;3;0;1;0;0;0;0;1;8.600294416;52.910722605
2;1;57;9;2017;7;11;4;3;5;3;0;1;0;0;0;0;0;10.188599263;52.24566728
2;3;52;62;2017;7;5;3;1;8;1;0;0;0;1;0;1;1;8.875437486;53.593231409
2;1;53;17;2017;7;19;4;2;5;2;0;1;0;1;0;0;0;10.557217322;51.95378865
2;3;56;9;2017;7;5;3;3;9;1;0;1;0;0;0;1;1;8.642906798;53.226512619
2;4;56;20;2017;8;13;3;2;8;7;0;0;0;0;1;0;0;7.249159201;52.30091956
2;1;53;17;2017;7;8;4;3;2;6;0;0;0;0;1;0;0;10.418149308;51.90196376
2;3;52;61;2017;7;6;3;2;4;1;0;1;0;0;1;0;0;8.632546029;53.762222349
2;4;52;1;2017;8;17;3;3;1;3;0;1;0;0;0;0;0;7.440495335;53.492661407
2;4;53;3;2017;8;8;3;3;9;7;0;1;0;0;0;0;0;8.16516688;52.775707185
2;4;53;5;2017;8;5;3;3;2;6;0;1;0;0;0;1;0;8.121707371;52.860441725
2;4;53;5;2017;8;18;3;2;5;3;1;1;0;0;0;0;0;8.110698921;52.878474278
2;3;53;29;2017;7;16;3;2;4;1;0;1;0;0;0;0;1;9.86030531;53.40806423
2;4;55;27;2017;8;9;3;3;2;6;0;1;0;0;0;0;0;7.972886059;53.414606404
2;3;53;38;2017;7;14;3;3;4;2;0;1;0;0;0;0;1;9.80152541;53.240353333
2;3;59;27;2017;7;15;3;3;0;1;0;0;0;1;0;0;1;9.569423796;53.507481548
2;3;59;10;2017;7;10;3;2;5;3;1;1;0;0;0;0;1;9.676528096;53.466181175
2;1;51;40;2017;7;18;4;3;9;1;0;1;0;0;0;0;0;10.709705105;52.764030739
2;3;59;27;2017;7;15;3;3;8;1;0;1;0;0;0;0;1;9.589088567;53.517153023
2;3;58;9;2017;7;20;3;3;4;6;0;1;0;0;1;1;1;9.389235536;52.787012439
2;4;55;26;2017;8;22;3;3;7;7;0;0;0;0;1;2;0;8.059375589;53.411851561
2;1;51;40;2017;7;3;4;2;9;7;0;1;0;0;0;2;0;10.8211713;52.686938262
2;3;58;20;2017;7;10;3;2;9;1;0;1;0;0;0;0;1;9.598145016;52.700084528
2;3;58;19;2017;7;10;3;3;5;3;0;1;0;0;1;0;1;9.795780617;53.059517024
2;1;51;9;2017;7;16;4;3;4;1;0;1;0;1;0;0;0;10.512627787;52.546884767
2;3;53;39;2017;7;8;3;3;8;1;0;0;0;1;0;0;1;9.796958961;53.37088633
2;3;55;22;2017;7;16;3;3;2;6;0;1;0;0;1;0;1;10.398507765;53.281005623
2;3;51;6;2017;7;6;3;3;8;7;0;1;0;0;0;0;1;10.020159756;52.643217053
2;2;41;1;2017;7;8;3;3;2;2;0;1;0;0;0;0;1;9.707143299;52.410455414
2;4;5;0;2017;8;11;3;3;5;3;0;0;0;1;1;0;0;8.092141755;53.5250856
2;3;61;1;2017;8;9;3;3;8;1;0;1;0;0;0;0;0;9.071558537;53.018892022
2;2;41;21;2017;7;16;3;3;2;6;0;1;0;0;0;0;1;9.492056336;52.415869784
2;3;61;13;2017;8;2;3;3;7;1;0;1;0;0;0;2;0;9.007252781;52.951687797
2;2;41;2;2017;7;14;3;3;9;1;0;1;0;0;0;0;1;9.531717424;52.305080057
2;3;61;1;2017;8;16;3;3;2;6;0;1;0;0;0;0;0;9.056491662;53.002609338
2;3;61;3;2017;8;15;3;2;9;1;0;1;0;0;0;0;0;9.218192248;52.882488727
2;2;41;11;2017;7;15;3;3;2;6;0;1;0;0;1;0;1;9.958484779;52.372732154
2;3;61;1;2017;8;16;3;2;2;6;0;1;0;1;0;0;0;8.989808793;53.038068164
2;3;61;12;2017;8;14;3;3;2;6;0;1;0;0;0;0;1;9.25089313;52.925792589
2;2;41;8;2017;7;10;3;3;5;3;0;0;0;0;1;0;1;9.798314903;52.454358839
2;2;41;1;2017;7;8;3;3;2;6;0;1;0;0;1;0;1;9.722708689;52.378354458
2;4;54;45;2017;8;6;4;2;4;2;0;1;0;1;0;0;0;7.340322786;52.341477912
2;2;51;37;2017;8;19;3;2;5;2;0;1;0;0;0;0;1;8.80545714;53.027068329
2;2;51;47;2017;8;14;3;3;1;5;0;1;0;0;1;0;0;8.83089787;52.985011037
2;2;41;1;2017;7;17;3;3;2;6;0;1;0;0;0;0;1;9.667950113;52.427752759
2;1;53;18;2017;8;16;5;2;9;1;0;0;0;1;0;0;0;10.467347491;51.806271466
2;2;51;49;2017;8;8;3;3;5;3;1;1;0;0;0;0;0;9.002057995;52.807910716
2;2;41;10;2017;7;17;3;3;8;1;0;1;0;0;0;0;1;9.722382417;52.462149301
2;2;54;21;2017;8;22;5;3;5;3;0;1;0;0;0;2;0;9.97247936;52.155226269
2;2;41;1;2017;7;14;3;3;2;6;0;1;0;0;0;0;1;9.633737426;52.421946237
2;2;41;1;2017;8;16;5;2;6;4;1;0;1;0;0;0;0;9.698777366;52.421020718
2;1;59;26;2017;7;14;3;3;8;1;0;1;0;0;0;0;1;10.231534355;51.727982833
2;3;55;2;2017;8;13;5;3;5;3;0;1;0;0;1;0;0;10.214563397;53.133773734
2;2;56;25;2017;7;22;3;3;5;3;0;1;0;0;0;2;1;9.149636542;52.457974589
2;4;53;5;2017;8;16;5;3;2;6;0;1;0;0;0;0;0;8.221627049;52.844289392
2;2;54;28;2017;7;7;3;3;8;7;0;0;0;0;1;0;1;9.859536456;52.254946989
2;2;54;43;2017;7;18;3;2;8;1;0;1;0;0;0;0;1;9.735871185;52.068825449
2;1;2;0;2017;7;21;4;3;8;1;0;1;0;0;0;2;1;10.455754485;52.197243354
2;4;59;24;2017;7;19;3;3;5;2;0;1;0;1;0;0;0;8.328455259;52.200127118
2;4;4;0;2017;7;12;3;3;6;7;1;0;1;0;0;0;0;8.011464912;52.267399641
2;2;55;8;2017;7;19;3;3;6;4;0;1;1;0;0;0;1;9.820056237;51.940308389
2;4;4;0;2017;7;12;3;3;5;2;1;1;0;0;0;0;0;8.073629763;52.274811031
2;2;55;30;2017;7;20;3;3;4;1;0;1;0;0;0;1;1;9.5744191;51.892479094
2;1;59;5;2017;7;19;3;3;9;1;0;1;0;0;0;0;1;10.145528923;51.620451344
2;4;4;0;2017;7;9;3;3;0;3;0;1;0;0;0;0;0;7.996125999;52.2581115
2;1;55;9;2017;7;21;3;3;2;6;0;1;0;0;0;1;1;9.919896523;51.667468555
2;1;59;16;2017;7;23;3;3;3;2;0;1;0;0;0;2;1;9.939702212;51.525372072
2;4;54;41;2017;7;13;3;3;9;6;0;1;0;0;1;0;0;7.393455623;53.067871083
2;1;55;10;2017;7;19;3;2;8;1;0;1;0;0;0;0;1;9.907306797;51.608075235
2;1;59;16;2017;7;18;3;3;3;6;0;1;0;0;0;0;1;9.933410736;51.529071302
2;1;59;16;2017;7;13;3;3;2;6;0;1;0;0;0;0;1;9.929204277;51.530076822
2;2;51;7;2017;8;9;3;3;3;6;0;1;0;0;1;0;0;8.71182604;52.929048732
2;1;3;0;2017;7;12;3;3;5;2;0;1;0;0;0;0;1;10.862438115;52.465478233
2;4;58;8;2017;8;15;3;3;2;6;0;1;0;0;1;0;0;8.522446804;52.944016982
2;4;58;5;2017;8;10;3;2;2;6;0;1;0;0;1;0;0;8.580459659;53.043198281
2;1;2;0;2017;7;14;3;3;5;3;0;1;0;0;0;0;1;10.382194485;52.147996156
2;4;61;5;2017;8;10;3;3;2;2;0;1;0;0;0;0;0;8.201486493;53.338418219
2;3;58;22;2017;8;9;3;3;2;6;0;1;0;0;0;0;0;9.669427937;52.778629026
2;1;2;0;2017;7;9;3;3;8;1;0;1;0;0;0;0;1;10.280185194;52.114242543
2;1;51;18;2017;7;15;3;3;8;1;0;1;0;0;0;0;1;10.36617986;52.517448455
2;3;53;40;2017;8;17;4;3;8;6;0;1;0;0;0;0;0;10.259188158;53.333367934
2;3;57;39;2017;8;17;3;3;5;3;0;1;0;0;0;0;1;9.398280103;53.102007633
2;3;57;39;2017;8;11;3;3;2;6;0;1;0;0;0;0;0;9.420708555;53.086470972
2;1;1;0;2017;7;7;3;3;4;7;0;1;0;0;1;0;1;10.526100919;52.236497473
2;1;58;6;2017;7;16;3;2;3;6;0;1;0;0;0;0;1;10.603745461;52.246725643
2;4;53;9;2017;8;12;4;2;8;1;0;1;0;0;0;0;0;7.820504851;52.776738515
2;3;60;3;2017;8;16;3;2;8;7;0;1;0;0;0;0;0;10.498214326;53.048191557
2;1;1;0;2017;7;17;3;3;2;6;0;1;0;0;1;0;1;10.49219403;52.275585676
2;1;1;0;2017;8;7;5;3;4;2;0;1;0;0;0;0;1;10.521382353;52.275097895
2;3;60;30;2017;8;17;3;2;8;7;0;0;0;1;0;0;0;10.579534769;52.898957883
2;1;1;0;2017;7;15;3;3;9;1;0;1;0;0;0;0;1;10.4784196;52.298669494
2;1;3;0;2017;8;13;5;3;2;6;0;1;0;1;0;0;0;10.821174783;52.439871726
2;4;4;0;2017;7;12;2;2;2;6;0;1;0;0;1;0;1;8.065126486;52.244877961
2;2;41;1;2017;8;6;5;3;5;2;1;0;0;0;1;0;1;9.7333825;52.417795403
2;2;41;1;2017;8;17;5;3;5;3;1;1;0;0;0;0;0;9.774138757;52.371231288
2;4;59;14;2017;7;16;2;3;5;2;0;1;0;0;0;0;1;7.994653958;52.40286025
2;2;41;1;2017;8;9;3;3;5;2;1;1;0;0;0;0;0;9.733784352;52.41447076
2;4;4;0;2017;7;12;2;3;2;6;0;1;0;0;0;0;1;8.047280269;52.279817769
2;2;41;21;2017;8;10;3;3;5;3;1;1;0;0;0;0;0;9.431818992;52.422476725
2;4;56;14;2017;7;17;3;3;4;6;1;0;0;0;0;0;0;6.983340204;52.46826044
2;2;41;15;2017;8;18;3;3;5;3;0;1;0;0;0;0;0;9.646172052;52.403572962
2;2;41;5;2017;8;17;3;3;3;6;0;1;0;0;1;0;0;9.51550891;52.472999508
2;4;62;3;2017;7;15;3;3;5;3;1;1;0;0;0;0;0;7.610101391;53.643618921
2;2;41;1;2017;8;20;3;2;5;3;1;1;0;0;0;0;0;9.726327304;52.380809454
2;4;52;27;2017;7;17;3;2;5;3;1;1;0;0;0;0;0;7.427550477;53.645770823
2;4;54;32;2017;7;11;2;2;8;1;0;1;0;0;0;0;1;7.387585561;52.537217253
2;1;59;16;2017;8;11;5;3;5;3;1;1;0;0;0;0;0;9.93876879;51.529021673
2;2;41;1;2017;8;21;3;3;5;3;1;1;0;0;0;1;0;9.666505345;52.384405833
2;4;52;14;2017;7;15;2;3;8;1;0;0;0;0;1;0;1;7.152612934;53.45153477
2;2;41;1;2017;8;12;5;3;2;6;0;1;0;0;0;0;0;9.745484858;52.369053462
2;2;41;1;2017;8;13;3;3;2;6;0;1;0;0;1;0;1;9.650930292;52.421540276
2;4;52;19;2017;7;5;2;2;8;1;0;1;0;0;0;0;1;7.199872438;53.62964652
2;2;41;1;2017;8;17;5;3;4;6;0;1;0;0;0;0;0;9.662728119;52.384871435
2;2;41;1;2017;8;14;3;3;3;6;1;0;0;0;0;0;0;9.799131258;52.410638951
2;4;52;1;2017;7;17;2;3;5;3;0;1;0;0;0;0;1;7.464918523;53.47449584
2;4;52;1;2017;7;13;2;3;2;6;0;1;0;0;0;0;1;7.486356097;53.467915067
2;4;1;0;2017;8;8;5;3;3;2;1;1;0;0;0;0;0;8.631941849;53.045382408
2;4;60;1;2017;7;13;2;3;2;2;0;1;0;0;1;0;1;8.165983982;52.724682383