ULAND;UJAHR;UMONAT;USTUNDE;UWOCHENTAG;UKATEGORIE;UART;UTYP1;ULICHTVERH;IstRad;IstPKW;IstFuss;IstKrad;IstGkfz;IstSonstig;STRZUSTAND;XGCSWGS84;YGCSWGS84
2;4;55;14;2017;8;7;5;3;2;6;0;1;0;0;0;0;1;8.013157799;53.501409109
2;4;53;8;2017;7;11;2;3;2;2;0;1;0;0;1;0;1;8.024806699;52.945965955
2;4;52;1;2017;7;8;3;3;5;7;0;1;0;1;0;0;0;7.468341227;53.471213202
2;1;59;20;2017;8;18;3;3;0;1;0;0;0;1;0;0;1;10.308866798;51.676664868
2;4;53;1;2017;7;14;3;2;5;3;1;1;0;0;0;0;0;7.809214305;53.130896417
2;4;53;5;2017;7;17;3;2;5;3;0;1;0;0;0;0;0;8.128930942;52.884660749
2;2;51;41;2017;7;16;3;3;8;1;0;0;0;1;0;0;0;8.905005753;52.912682953
2;4;53;5;2017;7;11;2;3;3;6;0;1;0;0;1;0;1;8.110261507;52.839545193
2;4;55;25;2017;7;14;2;3;2;6;1;1;0;0;0;0;1;8.020497277;53.387323078
2;3;61;9;2017;7;13;2;3;2;6;0;1;0;0;1;0;0;9.021221033;53.059740142
2;3;61;8;2017;7;19;2;2;8;1;0;1;0;0;0;0;1;9.083522896;53.134345871
2;2;51;41;2017;7;19;3;2;8;1;0;0;0;1;0;0;0;8.845432131;52.842467891
2;3;61;1;2017;7;19;2;3;5;3;0;1;0;0;1;0;1;9.051987112;53.00367202
2;2;51;37;2017;7;14;3;3;2;6;0;1;0;0;0;0;0;8.784241025;53.020941431
2;3;61;1;2017;7;16;2;3;2;6;0;1;0;0;0;0;1;9.056057994;53.002711051
2;3;61;12;2017;7;13;2;3;2;6;0;1;0;0;0;0;1;9.230057717;52.929037666
2;4;51;8;2017;7;13;2;3;2;2;0;1;0;0;0;0;1;8.07897175;53.211023489
2;4;51;8;2017;7;13;2;3;2;6;0;1;0;0;1;1;1;8.172435826;53.185064323
2;4;3;0;2017;7;13;2;3;5;3;0;1;0;0;0;0;1;8.246715534;53.138970613
2;4;3;0;2017;7;11;2;3;5;3;0;1;0;0;0;0;1;8.248117454;53.159599636
2;2;57;23;2017;8;15;3;2;5;3;0;1;0;1;0;0;0;9.144789832;52.342229215
2;4;3;0;2017;7;14;2;3;5;5;0;1;0;0;0;0;1;8.16293161;53.141598315
2;2;51;24;2017;7;10;2;3;5;3;0;1;0;0;1;0;1;8.867989824;52.685702634
2;2;54;21;2017;8;16;3;3;2;6;0;1;0;1;0;0;0;9.972118575;52.159094875
2;4;58;10;2017;7;8;2;3;8;1;0;0;0;1;0;0;0;8.401200232;53.113337355
2;3;61;1;2017;8;17;4;3;2;6;0;1;0;0;0;0;0;9.09843743;53.014122866
2;1;55;6;2017;8;15;3;3;2;6;0;1;0;0;0;0;0;10.094606747;51.807988427
2;4;1;0;2017;7;12;2;3;5;3;1;1;0;0;0;0;1;8.619771741;53.049153374
2;4;56;10;2017;8;12;4;3;2;2;0;1;0;0;0;0;0;7.149431331;52.3391704
2;3;52;60;2017;7;15;2;3;2;2;0;1;0;0;0;0;1;8.65147705;53.35881551
2;1;2;0;2017;8;7;5;3;2;2;0;1;0;0;0;0;1;10.337727389;52.139555273
2;2;54;8;2017;8;9;5;3;5;3;0;1;0;0;1;0;0;10.129204022;52.001470506
2;1;59;16;2017;8;14;3;3;2;2;0;1;0;0;0;0;0;9.888663403;51.555235797
2;1;54;13;2017;8;12;3;2;8;1;0;0;0;1;0;0;0;10.852989787;52.251997305
2;1;3;0;2017;8;13;3;3;5;3;0;1;0;1;0;0;0;10.844055625;52.393785974
2;1;57;5;2017;8;5;3;3;5;3;0;1;0;0;0;2;0;10.306907173;52.204484031
2;3;52;11;2017;7;11;2;2;2;6;0;1;0;0;0;0;0;8.708789237;53.854435027
2;1;53;17;2017;8;15;3;3;2;6;0;1;0;1;0;0;0;10.5626369;51.953563778
2;3;53;11;2017;7;21;2;3;9;1;0;1;0;0;0;2;1;10.084021599;53.245680515
2;1;53;2;2017;8;17;3;2;6;4;0;1;1;0;0;0;0;10.520810227;51.907576138
2;1;51;13;2017;8;15;3;3;5;7;1;1;0;0;0;0;0;10.578198451;52.434993456
2;3;53;35;2017;7;21;2;3;8;1;0;1;0;0;0;2;1;9.833433209;53.287220031
2;1;51;27;2017;8;12;3;2;4;6;0;1;0;0;0;0;0;10.469669677;52.364891358
2;1;51;25;2017;8;17;3;2;0;1;1;0;0;0;0;0;0;10.700914627;52.547864835
2;3;59;31;2017;7;14;2;3;5;3;0;1;0;1;0;0;0;9.306751603;53.491352117
2;3;58;22;2017;7;17;2;3;5;3;1;1;0;0;0;0;1;9.599058161;52.862797976
2;1;1;0;2017;8;19;3;3;9;6;0;1;0;0;0;0;0;10.60866589;52.246958057
2;4;59;24;2017;7;15;2;2;4;6;0;0;0;1;1;0;0;8.367481459;52.134675764
2;3;57;19;2017;7;7;2;2;8;1;0;1;0;0;0;0;0;9.487979342;53.259636616
2;3;53;19;2017;7;13;2;3;8;1;0;0;0;0;1;0;1;9.747124413;53.368730728
2;4;54;57;2017;8;14;4;3;2;6;0;1;0;0;0;0;0;7.713027652;52.868241052
2;4;59;24;2017;7;6;2;3;2;2;0;1;0;0;0;0;1;8.316045624;52.196362083
2;3;60;10;2017;7;16;2;3;8;1;0;1;0;0;1;0;0;10.405100137;53.063097041
2;1;57;5;2017;8;17;5;3;6;4;0;1;1;0;0;0;0;10.30920751;52.203381081
2;4;59;15;2017;7;17;2;3;1;3;1;1;0;0;0;0;0;8.180669594;52.112210307
2;2;41;1;2017;7;16;2;3;5;3;1;1;0;0;0;0;1;9.743289999;52.368193609
2;2;54;43;2017;8;12;5;3;2;6;0;1;0;0;0;0;1;9.751407809;52.082230528
2;4;59;3;2017;7;17;2;2;5;3;1;1;0;0;0;0;0;8.356707451;52.324221908
2;2;41;1;2017;7;17;2;3;2;2;0;1;0;0;0;0;1;9.8634107;52.379218205
2;2;41;4;2017;8;16;5;3;6;6;1;0;1;0;0;0;0;9.847301926;52.490910392
2;3;57;39;2017;8;17;5;3;2;6;0;1;0;0;0;0;0;9.41120813;53.112341988
2;2;41;16;2017;7;16;2;3;5;3;1;1;0;0;0;0;1;9.944538865;52.333808389
2;4;59;29;2017;7;7;2;3;2;1;0;1;0;0;0;0;0;8.188515921;52.334631784
2;2;41;10;2017;7;16;2;3;0;1;0;0;0;1;0;0;1;9.72335932;52.441965827
2;4;1;0;2017;7;14;3;3;2;6;0;1;0;0;0;0;0;8.590159426;53.038707917
2;4;4;0;2017;7;11;2;3;2;2;0;1;0;0;1;0;0;7.978891292;52.293041866
2;4;58;3;2017;7;22;3;3;6;6;1;0;1;0;0;2;0;8.432840657;52.917098858
2;4;4;0;2017;7;10;2;3;2;6;0;1;0;0;0;0;0;8.036580995;52.298058206
2;4;54;41;2017;7;16;2;2;2;6;0;1;0;0;0;0;0;7.392414547;53.068566367
2;4;1;0;2017;7;23;3;3;4;6;1;0;0;0;0;2;0;8.643084609;53.04795545
2;4;56;15;2017;7;15;2;3;2;6;0;1;0;0;0;0;0;7.131708511;52.37122945
2;3;52;61;2017;7;17;3;3;5;3;1;1;0;0;0;0;0;8.618002241;53.745236867
2;2;41;8;2017;7;17;2;3;5;3;1;1;0;0;0;0;1;9.841703217;52.423601899
2;3;52;11;2017;7;14;3;3;2;6;0;1;0;0;0;0;0;8.664770327;53.820849384
2;2;41;1;2017;7;9;3;3;2;6;0;1;0;0;1;0;0;9.733608644;52.416043836
2;2;41;1;2017;7;16;2;3;3;1;0;1;0;0;1;0;1;9.7144243;52.36216618
2;4;54;45;2017;7;18;2;3;9;1;0;0;0;1;0;0;0;7.369832833;52.334270179
2;4;54;44;2017;7;22;2;3;9;1;0;1;0;0;0;2;0;7.241363035;53.042189978
2;4;54;32;2017;7;15;2;3;2;2;0;1;0;0;0;0;0;7.315967454;52.516062996
2;4;54;10;2017;7;13;2;3;2;6;0;1;0;0;1;0;0;7.28804031;52.338838027
2;4;52;24;2017;7;17;2;3;2;6;0;1;0;0;1;0;0;7.296323515;53.503135952
2;4;60;4;2017;7;16;2;3;2;2;0;1;0;0;0;0;0;8.419834529;52.796775752
2;2;41;1;2017;7;12;2;3;3;6;0;1;0;0;0;0;1;9.615768307;52.421656298
2;4;55;15;2017;7;16;2;3;2;2;0;1;0;1;0;0;0;7.889230177;53.548001721
2;1;55;5;2017;7;14;2;3;4;6;0;1;0;0;1;0;1;9.851188213;51.620781465
2;4;5;0;2017;7;6;2;3;5;3;1;1;0;0;0;0;0;8.104616397;53.555994535
2;2;57;38;2017;7;13;2;3;8;1;0;1;0;0;0;0;1;9.280655912;52.421729342
2;4;5;0;2017;7;1;2;2;8;1;0;1;0;0;0;2;0;8.103771865;53.56212666
2;2;56;3;2017;7;15;2;3;8;1;0;1;0;0;0;0;1;9.093926451;52.79801641
2;2;54;13;2017;7;10;2;3;0;5;0;1;0;1;0;0;1;9.724847787;52.077509863
2;3;56;3;2017;7;16;2;3;4;6;0;1;0;0;0;0;0;8.828974732;53.289185112
2;2;54;2;2017;7;16;2;2;5;3;0;1;0;1;0;0;1;9.808052761;51.968262445
2;2;54;20;2017;7;23;2;3;9;1;0;1;0;0;1;2;1;9.933780771;52.214829712
2;3;58;22;2017;7;9;2;3;1;7;0;0;0;0;1;0;0;9.551211558;52.854847251
2;2;55;23;2017;7;10;2;3;8;1;0;1;0;0;0;0;1;9.478039542;51.781236671
2;3;61;6;2017;7;9;2;3;2;6;0;1;0;0;0;0;0;9.178528485;53.000299173
2;1;59;33;2017;7;22;2;3;7;7;0;1;0;0;0;2;1;10.162944942;51.54547705
2;1;59;17;2017;7;21;2;3;8;1;0;1;0;0;0;2;1;9.766338688;51.397282686
2;2;41;21;2017;7;20;3;3;2;6;0;1;0;1;0;0;0;9.375532264;52.455864429
2;1;59;16;2017;7;14;2;3;2;6;0;1;0;0;1;0;1;9.926759902;51.532927037
2;1;54;13;2017;7;16;2;3;9;1;0;1;0;0;0;0;1;10.745523985;52.256387211
2;2;41;13;2017;7;14;3;3;8;7;0;1;0;0;0;0;0;9.756810818;52.284342821
2;1;57;8;2017;7;22;2;3;0;7;0;0;0;1;0;2;1;10.343687519;52.346991284
2;2;41;17;2017;7;11;3;3;0;6;0;1;0;1;0;0;0;9.66948109;52.142435488
2;1;57;6;2017;7;11;2;3;5;3;0;1;0;0;1;0;1;10.179107209;52.342535991
2;4;51;2;2017;7;11;2;2;4;2;1;1;0;0;0;0;0;7.989293473;53.194851221
2;1;53;8;2017;7;18;2;3;9;1;0;1;0;0;0;0;1;10.436673103;52.015229863
2;2;51;37;2017;7;10;2;3;5;3;0;1;0;0;0;0;0;8.708885766;53.018166544
2;2;51;18;2017;7;12;2;3;5;2;0;1;0;0;0;0;0;8.644590041;52.671910827
2;1;51;11;2017;7;8;2;3;8;1;0;0;0;0;1;0;0;10.640021922;52.708143012
2;2;51;5;2017;7;16;2;3;5;3;1;1;0;0;0;0;0;8.499315273;52.709123699
2;1;51;18;2017;7;15;2;3;9;1;0;1;0;0;0;0;1;10.369218284;52.512762817
2;4;60;1;2017;7;13;2;3;3;6;0;1;0;0;0;0;0;8.173081214;52.726821589
2;1;1;0;2017;7;17;2;3;2;6;0;1;0;0;0;0;1;10.454214162;52.260722609
2;4;53;5;2017;7;11;2;3;8;7;0;0;0;0;1;0;0;8.23128066;52.857080509
2;3;52;11;2017;7;15;2;3;0;1;0;0;0;1;0;0;0;8.763810279;53.81882906
2;1;1;0;2017;7;16;2;3;4;1;0;1;0;0;1;0;1;10.452749363;52.315905483
2;4;59;10;2017;7;19;1;3;9;1;0;1;0;0;0;0;0;7.91976105;52.565818116
2;3;53;31;2017;7;10;2;2;5;3;1;1;0;0;0;0;0;10.090484903;53.440974353
2;3;53;40;2017;7;14;2;2;8;1;0;1;0;0;0;0;0;10.176336765;53.317923559
2;4;57;21;2017;7;21;1;3;9;1;0;1;0;0;0;0;0;7.347046813;53.111789717
2;4;56;24;2017;7;16;1;3;4;6;0;1;0;0;0;0;0;6.693198764;52.546155155
2;4;58;6;2017;8;20;4;3;8;7;0;1;0;0;0;0;0;8.61548409;52.987799271
2;3;58;22;2017;7;22;2;3;5;3;0;1;0;0;0;2;0;9.585883859;52.867117852
2;4;52;16;2017;7;5;1;3;2;2;0;1;0;0;0;0;1;7.227947852;53.583882505
2;4;52;6;2017;7;3;1;1;9;1;0;1;0;0;0;2;1;7.607389205;53.388822891
2;4;52;1;2017;8;15;4;3;5;3;0;1;0;0;0;0;0;7.49989057;53.469177603
2;3;58;22;2017;7;6;2;3;0;1;0;0;0;1;0;0;1;9.592650225;52.848385882
2;4;52;23;2017;7;11;1;3;2;6;0;1;0;0;0;0;1;7.322584078;53.476899781
2;1;51;9;2017;8;18;5;3;5;3;0;1;0;0;0;0;0;10.483412407;52.483556227
2;3;58;21;2017;7;17;2;3;5;2;0;1;0;0;0;0;0;9.911149567;52.993430066
2;4;53;1;2017;7;1;1;3;8;1;0;1;0;0;0;2;1;7.790643858;53.141260087
2;1;59;16;2017;8;13;5;3;2;6;0;1;0;0;0;0;1;9.95331871;51.51704673
2;2;41;1;2017;8;13;5;3;6;4;1;0;1;0;0;0;0;9.725020426;52.380225216
2;3;57;35;2017;7;11;2;3;5;3;1;1;0;0;0;0;0;9.032865212;53.475649478
2;4;53;10;2017;7;18;1;3;5;3;0;1;0;0;0;0;0;7.762497472;52.836910212
2;3;57;8;2017;7;16;2;3;1;6;0;1;0;0;0;0;0;9.116414531;53.494733596
2;3;60;23;2017;7;10;2;3;5;3;1;1;0;0;0;0;0;10.439431337;52.900023885
2;3;60;25;2017;7;16;2;3;8;7;0;0;0;1;0;0;0;10.549571522;52.974959678
2;2;41;21;2017;7;23;3;2;6;7;0;0;1;0;1;2;0;9.418036073;52.424014888
2;3;51;23;2017;7;16;2;3;0;3;0;1;0;1;0;0;0;9.848980045;52.648433175
2;3;51;6;2017;7;8;2;2;5;3;1;1;0;0;0;0;0;10.013874378;52.604985323
2;2;41;1;2017;7;16;3;3;5;2;0;1;0;0;0;0;0;9.869288802;52.360492201
2;1;54;14;2017;8;17;6;3;5;3;0;1;0;0;0;0;0;10.665942576;52.326492167
2;2;41;13;2017;7;14;2;3;5;3;0;1;0;1;0;0;0;9.758210121;52.256408294
2;2;41;1;2017;7;11;3;3;9;7;0;1;0;0;0;0;0;9.788645646;52.33517929
2;2;41;5;2017;7;17;2;3;5;2;0;1;0;1;0;0;0;9.588477118;52.437964636
2;2;41;10;2017;7;11;2;3;5;2;1;0;0;0;1;0;0;9.723231341;52.454137233
2;3;61;4;2017;7;18;1;3;8;1;0;1;0;0;0;0;1;8.9561453;52.909877725
2;2;51;31;2017;7;12;1;2;8;1;0;0;0;1;0;0;0;8.764531644;52.73689817
2;1;55;6;2017;7;10;3;3;8;7;0;1;0;0;0;0;0;10.05535612;51.791200339
2;4;58;7;2017;7;16;1;3;5;3;1;1;0;0;0;0;0;8.210075565;52.896663068
2;1;55;9;2017;7;18;3;2;8;1;0;1;0;0;0;0;0;9.872575015;51.684862076
2;3;52;62;2017;7;11;1;3;8;1;0;1;0;0;0;0;1;8.719597457;53.671196786
2;2;41;1;2017;7;14;2;3;2;6;0;1;0;0;1;0;0;9.840819449;52.416644528
2;3;52;22;2017;7;20;1;3;9;1;0;1;0;0;0;0;0;9.081688385;53.69750559
2;2;41;1;2017;7;12;2;3;2;6;0;1;0;0;0;0;0;9.735927498;52.398584839
2;2;41;1;2017;7;9;2;2;1;5;0;1;0;1;0;0;0;9.72982669;52.372056139
2;2;41;1;2017;7;11;2;3;5;3;1;1;0;0;1;0;0;9.734788333;52.407246855
2;2;41;1;2017;7;8;2;3;2;6;0;1;0;0;0;0;0;9.835135353;52.42044809
2;3;53;38;2017;7;18;1;3;0;3;1;1;0;0;0;0;0;9.775339039;53.244664048
2;2;57;31;2017;7;15;2;3;2;2;0;1;0;0;0;0;0;9.080349229;52.195100233
2;3;51;26;2017;7;15;1;3;1;5;0;1;0;0;0;0;0;10.29744567;52.837176265
2;2;54;17;2017;7;15;2;3;5;3;1;1;0;0;0;0;0;9.901560445;52.213460498
2;3;51;4;2017;7;19;1;3;9;1;0;1;0;0;0;0;0;9.98772448;52.773202531
2;2;52;2;2017;7;15;2;3;2;6;0;1;0;0;0;0;0;9.465565507;52.205980076
2;3;51;6;2017;7;15;1;3;5;2;0;1;0;1;0;0;0;10.027978181;52.64084922
2;2;41;3;2017;7;13;1;2;8;1;0;1;0;0;0;0;0;10.013914134;52.419860285
2;2;52;6;2017;7;13;2;3;0;1;0;0;0;1;0;0;0;9.355699549;52.108161304
2;2;57;31;2017;7;19;1;3;8;7;0;1;0;0;0;0;0;9.123336841;52.220314962
2;2;41;19;2017;7;12;1;3;2;6;0;1;0;0;0;0;0;9.79510636;52.550694663
2;2;52;6;2017;7;13;2;3;2;6;0;1;0;0;0;0;0;9.366357921;52.104140096
2;2;56;32;2017;7;12;1;3;2;2;0;1;0;0;0;0;0;9.039897685;52.508975681
2;2;54;42;2017;7;7;1;3;9;7;0;1;0;0;0;0;1;9.979782734;51.916207006
2;3;58;16;2017;8;9;4;3;5;3;0;0;0;1;1;0;0;10.065924748;52.998010753
2;1;59;1;2017;7;10;2;3;4;6;0;1;0;0;0;0;0;9.778599015;51.594904428
2;2;54;22;2017;7;13;1;3;2;6;0;1;0;0;0;0;0;10.149208004;52.10139692
2;3;61;9;2017;8;12;4;3;5;3;1;1;0;0;0;0;0;9.020369533;53.084335451
2;1;55;11;2017;7;3;2;3;2;6;0;1;0;0;1;2;0;10.033281401;51.780280428
2;1;53;12;2017;7;14;1;3;9;7;0;1;0;0;0;0;0;10.127477784;51.875805774
2;4;4;0;2017;8;13;4;3;5;3;1;1;0;0;0;0;0;8.069702292;52.262633201
2;1;57;7;2017;8;18;5;2;4;2;0;1;0;0;0;0;0;10.389199541;52.262596246
2;1;2;0;2017;7;8;2;3;5;3;0;1;0;0;0;0;0;10.292378902;52.134048001
2;1;51;16;2017;7;16;2;1;5;3;0;1;0;0;0;0;0;10.570917456;52.362364637
2;1;55;10;2017;7;6;3;3;0;1;1;0;0;0;0;0;0;9.933507408;51.610014303
2;1;54;13;2017;7;7;2;3;2;6;0;1;0;0;1;1;0;10.853299236;52.302619208
2;4;62;5;2017;8;22;5;3;3;6;0;1;0;1;0;2;0;7.820959504;53.499219635
2;4;59;12;2017;7;13;1;3;4;6;0;1;0;1;0;0;0;8.171715546;52.242211384
2;2;57;38;2017;7;14;3;3;9;1;0;0;0;1;0;0;0;9.276789447;52.418403277
2;4;59;20;2017;7;12;1;2;5;3;1;1;0;0;0;0;0;8.007541971;52.18101293
2;1;2;0;2017;8;10;6;3;5;3;0;1;0;0;0;0;0;10.284100574;52.134579679
2;4;59;30;2017;7;18;1;2;5;2;0;1;0;0;0;0;0;7.950106175;52.678954295
2;4;4;0;2017;7;16;1;3;5;7;1;1;0;0;0;0;0;8.126852859;52.267581747
2;2;55;23;2017;7;15;1;3;2;2;0;1;0;1;0;0;0;9.523757254;51.778273846
2;4;4;0;2017;7;10;1;3;0;1;1;0;0;0;0;0;0;8.050772966;52.265349637
2;2;57;9;2017;7;14;3;2;9;1;0;1;0;0;0;0;0;9.049765637;52.296556762
2;4;54;21;2017;7;13;1;2;8;6;0;1;0;0;0;0;0;7.632955696;52.708260676
2;4;56;27;2017;7;15;1;2;9;6;0;1;0;0;0;0;0;7.271574254;52.340071608
2;1;59;16;2017;7;17;3;3;0;1;0;0;0;1;0;0;0;9.880581449;51.56538888
2;4;52;1;2017;7;1;1;3;3;6;0;1;0;0;0;2;1;7.4743505;53.469991019
2;4;53;1;2017;7;0;1;3;9;6;0;1;0;0;0;2;1;7.8304709;53.109125323
2;1;59;16;2017;7;0;3;3;3;6;0;1;0;0;0;2;0;9.907999605;51.533624304
2;4;60;2;2017;7;23;1;1;9;1;0;1;0;0;0;2;0;8.324176011;52.540425551
2;1;58;39;2017;7;15;3;3;5;3;0;1;0;0;0;0;0;10.609437151;52.031415316
2;1;58;30;2017;7;7;3;3;2;2;0;1;0;1;0;0;0;10.638240406;52.214918231
2;2;55;23;2017;7;9;1;3;9;1;0;0;0;1;0;0;1;9.502320167;51.755807201
2;4;53;3;2017;7;16;1;2;4;2;0;1;0;1;0;0;0;8.061867123;52.780590047
2;4;55;27;2017;7;17;1;3;5;3;0;1;0;0;0;0;0;7.971410725;53.416564563
2;2;51;33;2017;7;16;1;3;0;6;0;1;0;1;0;0;0;9.021358799;52.894078869
2;4;58;5;2017;7;16;1;3;2;2;0;1;0;0;0;0;0;8.528822858;53.089548549
2;2;52;6;2017;7;12;1;2;8;1;0;1;0;0;0;0;0;9.403032718;52.086997237
2;4;58;14;2017;7;14;1;2;9;1;0;0;0;1;0;0;0;8.352302353;52.93413481
2;3;52;56;2017;7;9;1;3;9;1;0;1;0;0;0;0;1;9.103932098;53.726943327
2;1;59;16;2017;7;20;1;3;2;6;0;1;0;0;0;0;0;9.877369321;51.5248091
2;3;53;26;2017;7;22;1;3;2;6;0;1;0;0;0;2;0;9.814706298;53.37154949
2;1;59;7;2017;7;7;1;3;9;1;0;0;0;0;1;0;1;9.882005535;51.569525565
2;3;59;21;2017;7;17;1;3;2;6;0;1;0;0;0;0;0;9.612463204;53.544366211
2;1;57;6;2017;7;20;1;3;2;6;0;1;0;0;0;0;0;10.191342129;52.337463234
2;1;53;504;2017;7;13;1;2;2;6;1;0;0;0;0;0;0;10.547253808;51.789656927
2;3;58;2;2017;7;9;1;3;8;1;0;1;0;0;0;0;0;9.985857547;53.114350597
2;1;1;0;2017;7;11;1;2;0;1;0;0;0;1;0;0;1;10.492348469;52.21185589
2;1;54;10;2017;7;13;1;3;1;7;0;1;1;0;0;0;0;11.045210538;52.223928942
2;4;59;3;2017;7;11;7;3;2;6;0;1;0;0;0;0;0;8.326191863;52.329063455
2;4;4;0;2017;7;6;7;2;6;2;0;0;1;0;1;1;1;8.013946515;52.295458488
2;3;58;8;2017;7;11;1;3;2;6;0;1;0;0;0;0;0;9.834089409;52.929463427
2;4;57;15;2017;7;13;7;3;5;3;0;1;0;0;0;0;0;7.556945403;53.337909779
2;3;58;7;2017;7;11;1;3;2;7;0;1;0;0;0;0;0;9.684936748;52.718931838
2;4;54;41;2017;7;22;7;2;8;1;0;1;0;0;0;2;1;7.334915059;53.05237112
2;4;58;13;2017;8;8;4;2;5;3;1;1;0;0;0;0;0;8.195946786;53.059203137
2;4;52;1;2017;8;18;4;3;0;3;1;0;0;1;0;0;0;7.486618996;53.467690697
2;3;58;4;2017;7;0;1;3;7;7;0;0;0;1;0;2;1;9.664407864;52.917836214
2;3;58;21;2017;7;19;1;3;1;5;0;1;0;0;0;0;0;9.871552073;53.022029203
2;3;58;21;2017;7;13;1;3;4;2;0;1;0;0;0;0;0;9.837659364;52.987200443
2;3;57;57;2017;7;19;1;3;2;2;0;1;0;0;0;0;0;9.276257911;53.29545749
2;3;53;39;2017;7;21;1;2;3;6;0;1;0;0;0;2;0;9.794720114;53.370910368
2;2;41;9;2017;7;14;1;3;5;3;1;1;0;0;0;0;0;9.825115723;52.285147093
2;2;41;1;2017;7;17;1;3;5;3;0;1;0;0;0;0;0;9.699866539;52.416331185
2;4;5;0;2017;7;19;7;3;2;6;0;1;0;0;1;0;0;8.098505509;53.528685747
2;3;53;9;2017;8;1;5;3;9;1;0;1;0;0;0;2;1;10.063752598;53.178589704
2;2;41;15;2017;7;18;1;3;2;6;0;1;0;0;0;0;0;9.520789149;52.410429748
2;2;41;5;2017;7;17;1;3;2;2;0;1;0;0;0;0;0;9.611153177;52.431702214
2;4;5;0;2017;7;17;7;3;5;2;1;1;0;0;0;0;0;8.110339599;53.528552458
2;4;51;7;2017;8;15;5;3;4;6;0;1;0;0;0;0;0;7.876929129;53.239965922
2;2;41;16;2017;7;14;1;3;5;3;0;1;0;0;0;0;0;9.872573655;52.310684594
2;4;51;2;2017;7;18;7;3;5;3;0;1;0;0;0;0;0;7.966117986;53.213808568
2;4;59;24;2017;8;7;5;3;3;6;0;1;0;0;1;0;0;8.342886955;52.193526639
2;2;41;1;2017;7;9;1;3;9;6;0;1;0;1;0;0;0;9.709251748;52.408006837
2;4;3;0;2017;7;12;7;3;5;3;1;1;0;0;0;0;0;8.186115683;53.141766584
2;2;51;26;2017;7;17;7;3;8;1;0;0;0;1;0;0;0;9.091141726;52.856401796
2;2;41;12;2017;7;5;1;2;9;7;0;0;0;0;1;1;0;9.463478466;52.525855831
2;4;61;3;2017;7;12;7;2;6;4;0;1;1;0;0;0;0;8.351193754;53.583568615
2;4;61;7;2017;7;16;7;3;5;3;0;1;0;0;0;0;0;8.496942801;53.527309768
2;1;55;3;2017;7;11;1;2;4;2;0;1;0;1;0;0;0;9.646299548;51.820103733
2;1;55;9;2017;7;16;1;3;5;3;0;1;0;0;1;0;0;9.870996952;51.690253153
2;4;61;4;2017;7;14;7;3;5;2;0;1;0;0;0;0;0;8.384551611;53.208215282
2;4;61;4;2017;7;9;7;3;6;4;0;1;1;0;0;0;1;8.456866442;53.236447857
2;2;56;16;2017;7;1;1;3;9;1;0;1;0;0;0;2;1;9.250223373;52.560518151
2;4;1;0;2017;7;21;7;3;5;3;1;1;0;0;0;2;0;8.651535754;53.053310932
2;3;52;59;2017;7;7;7;3;9;1;0;1;0;0;0;0;0;8.758882811;53.385926119
2;4;61;7;2017;8;8;4;3;8;6;0;1;0;1;0;0;0;8.416383456;53.491982609
2;2;57;20;2017;7;0;1;3;9;1;0;1;0;0;0;2;1;9.304058011;52.366968191
2;3;52;60;2017;7;12;7;3;4;6;0;1;0;0;0;0;0;8.679238816;53.405635761
2;4;52;27;2017;8;13;4;3;0;7;1;0;0;0;0;0;0;7.354472735;53.678851966
2;2;57;28;2017;7;22;1;3;9;1;0;0;0;1;0;2;0;9.114298853;52.252106133
2;3;53;34;2017;7;1;7;2;9;7;0;1;0;0;0;2;0;10.082801152;53.27488585
2;3;51;26;2017;8;16;5;2;2;6;0;0;0;1;1;0;0;10.294633764;52.843302832
2;3;59;35;2017;7;12;7;2;4;1;0;1;0;0;0;0;0;9.184659271;53.780309049
2;1;59;10;2017;8;15;5;3;8;1;0;0;0;1;0;0;0;10.302518385;51.549370837
2;2;56;13;2017;7;14;1;3;8;1;0;1;0;1;0;0;0;9.09592123;52.843523264
2;2;54;26;2017;7;14;1;3;0;1;0;0;0;1;1;0;1;9.77598456;52.165815871
2;2;54;11;2017;7;11;1;3;8;1;0;0;0;1;0;0;1;9.908612993;52.080436172
2;2;55;8;2017;7;15;1;3;5;3;0;1;0;1;0;0;0;9.799069599;51.94285564
2;2;55;26;2017;7;13;1;3;2;2;0;1;0;1;0;0;0;9.396898587;51.687836322
2;1;58;37;2017;7;17;3;2;0;7;1;0;0;0;0;0;0;10.559724389;52.145966705
2;1;59;16;2017;7;13;1;2;6;4;0;1;1;0;0;0;0;9.931380876;51.529553822
2;1;58;39;2017;7;17;1;3;2;2;0;1;0;1;0;0;0;10.493943789;51.994021433
2;2;52;3;2017;8;15;6;2;4;2;0;1;0;1;0;0;0;9.265740405;51.97806331
2;1;2;0;2017;7;1;1;2;8;1;0;1;0;0;0;2;0;10.338412597;52.168490603
2;1;1;0;2017;7;22;1;1;5;3;0;0;0;1;1;2;0;10.569315418;52.214224421
2;4;59;24;2017;7;6;7;3;8;7;0;1;0;0;0;0;0;8.429404101;52.181905061